Wikidata_ID,Name,Latitude,Longitude,WKT,Sitelinks,Primary_Class,All_Types,inception,official_opening,height_m,architectural_style,architect,founded_by,creator,material_used,named_after,heritage_designation,image,description,enwiki_title,enwiki_url,azwiki_title,ruwiki_title,core_zone,coord_group,type_tag,wiki_extract,wiki_extract_lang
Q386864,Heydar Aliyev International Airport,40.4675,50.046666666,Point(50.046666666 40.4675),69,building,"commercial traffic aerodrome, international airport",,1933-01-01T00:00:00Z,,,,,,,Heydar Aliyev,,GYD (2).jpg,"international airport in Baku, Azerbaijan",Heydar Aliyev International Airport,https://en.wikipedia.org/wiki/Heydar_Aliyev_International_Airport,Heydər Əliyev adına Beynəlxalq Hava Limanı,Международный аэропорт Гейдар Алиев,False,,poi,"Heydar Aliyev International Airport (Azerbaijani: Heydər Əliyev adına Beynəlxalq Hava Limanı; IATA: GYD, ICAO: UBBB) is an airport serving Azerbaijan's capital, Baku, and one of the seven international airports of Azerbaijan. It is the busiest airport both in Azerbaijan and in the South Caucasus as well as one of the busiest in the post-Soviet countries. Formerly, it was called Bina International Airport, named after a suburb of Bina located within the metropolitan area of Baku. The airport is 20 kilometers northeast of Baku, connected to the city by Baku Airport Highway. It serves as the hub for national carrier Azerbaijan Airlines as well as for Azal Avia Cargo and Silk Way West Airlines.",en
Q338889,Palace of the Shirvanshahs,40.366111111,49.833333333,Point(49.833333333 40.366111111),49,building,palace,1500-01-01T00:00:00Z,,,Shirvan-Absheron architectural school,,,,,,,Azerbaigian-baku3.jpg,palace in Azerbaijan,Palace of the Shirvanshahs,https://en.wikipedia.org/wiki/Palace_of_the_Shirvanshahs,Şirvanşahlar sarayı,Дворец ширваншахов,True,,poi,"The Palace of the Shirvanshahs (Azerbaijani: Şirvanşahlar Sarayı, Persian: کاخ شروان‌شاهان) is a 15th-century palace built by the Shirvanshahs and described by UNESCO as ""one of the pearls of Azerbaijan's architecture"". It is located in the Inner City of Baku, Azerbaijan and, together with the Maiden Tower, forms an ensemble of historic monuments inscribed under the UNESCO World Heritage List of Historical Monuments. The complex contains the main building of the palace, Divanhane, the burial-vaults, the shah's mosque with a minaret, Seyid Yahya Bakuvi's mausoleum (the so-called ""mausoleum of the dervish""), south of the palace, a portal in the east, Murad's gate, a reservoir and the remnants of a bath house. Earlier, there was an ancient mosque, next to the mausoleum. There is still ruins of the bath to the west of the tomb.
In the past, the palace was surrounded by a wall with towers and, thus, served as the inner stronghold of the Baku fortress. Despite the fact that at the present time no traces of this wall have survived on the surface, as late as the 1920s, the remains of apparently the foundations of the tower and the part of the wall connected with it could be distinguished on the north-eastern side of the palace.
There are no inscriptions that survive on the palace itself. Therefore, the time of its construction is determined by the dates in the inscriptions on the architectural monuments, which refer to the complex of the palace. Such two inscriptions were completely preserved only on the tomb and minaret of the Shah's mosque. There is the name of the ruler who ordered the establishment of these buildings in both inscriptions is the – Shirvan Khalil As time of construction – was marked on the tomb, 845 on the minaret of the Shah's mosque.
The burial vault, the palace and the mosque are built of the same material, the grating and masonry of the stone are the same.
The complex originally occupied a larger area and included rooms designated for court servants and various service functions.
The main buildings of the ensemble were built at different times. Despite this fact, these buildings are linked by unity of scale, by rhythm and proportionality of the basic architectural forms – cubic volumes of buildings, domes, portraits. The builders of the ensemble relied on the traditions of the Shirvan-Absheron architectural school.
In 1964, the palace complex was declared a museum-preserve and taken under the protection of the state. In 2000, this ensemble, along with the fortified walls of the historic part of the city and the Maiden Tower, was named a World Heritage Site.
The palace is depicted on the obverse of the Azerbaijani 10,000 manat banknote of 1994–2006 and of the 10 new manat banknote issued since 2006.",en
Q344569,Old City of Baku,40.365033,49.836,Point(49.836 40.365033),49,architectural structure,fortification,1200-01-01T00:00:00Z,,,Shirvan-Absheron architectural school,,,,,,,Walled City of Baku.jpg,"the historical core of Baku, World Heritage Site",Old City (Baku),https://en.wikipedia.org/wiki/Old_City_(Baku),İçərişəhər,Ичери-шехер,True,,poi,"Old City or Inner City (Azerbaijani: İçərişəhər) is the historical core of Baku, the capital of Azerbaijan. The Old City is the most ancient part of Baku, which is surrounded by walls. In 2007, the Old City had a population of about 3,000 people. In December 2000, the Old City of Baku, including the Palace of the Shirvanshahs and Maiden Tower, became the first location in Azerbaijan to be classified as a UNESCO World Heritage Site.",en
Q842822,Maiden Tower,40.366166666,49.83725,Point(49.83725 40.366166666),48,monument,"monument, tower",1200-01-01T00:00:00Z,,29.5,Shirvan-Absheron architectural school,,,,stone,,,Baku Maiden Tower 004 7736.jpg,"12th-century monument in the Old City, Baku, Azerbaijan",Maiden Tower (Baku),https://en.wikipedia.org/wiki/Maiden_Tower_(Baku),Qız qalası,Девичья башня (Баку),True,,poi,"The Maiden Tower (Azerbaijani: Qız qalası, Persian: برج دختر) is a 12th-century monument in the Old City, Baku, Azerbaijan. Along with the Shirvanshahs' Palace, dated to the 15th century, it forms a group of historic monuments listed in 2001 under the UNESCO World Heritage List of Historical Monuments as cultural property, Category III. It was build, like most buildings in the Old City, by the Iranian Shirvanshahs, and is one of Azerbaijan's most distinctive national emblems, and is thus featured on Azerbaijani currency notes and official letterheads.
The Maiden Tower houses a museum, which presents the story of the historic evolution of Baku city. It also has a gift shop. The view from the roof takes in the alleys and minarets of the Old City, the Baku Boulevard, the Isa bek Hajinski House and a wide vista of the Baku Bay.
The tower is often subject to speculations about its origin. Some epics became a subject for scenarios for ballets and theatre's plays. The ballet Maiden Tower is a piece of the Azerbaijani ballet created by composer Afrasiyab Badalbeyli in 1940; a remake of the ballet was performed in 1999.
Resulting from the recession of the Caspian Sea shoreline, a strip of land emerged. This land was developed between the 9th and 15th centuries, when the walls of the old city and the palace, including the huge bastion of the Maiden Tower, were built.",en
Q2559128,National Art Museum of Azerbaijan,40.363174,49.831742,Point(49.831742 40.363174),48,museum,art museum,1936-01-01T00:00:00Z,1937-05-06T00:00:00Z,,,Nikolaus von der Nonne,,,,Rustam Mustafayev,cultural heritage monument in Azerbaijan,Palace of De Bur.JPG,аrt museum in Baku,National Art Museum of Azerbaijan,https://en.wikipedia.org/wiki/National_Art_Museum_of_Azerbaijan,Azərbaycan Milli İncəsənət Muzeyi,Азербайджанский национальный музей искусств,True,,poi,"Azerbaijan National Museum of Art (Azerbaijani: Azərbaycan Milli İncəsənət Muzeyi) is the biggest art museum of Azerbaijan. It was founded in 1936 in Baku and in 1943 was named after Rustam Mustafayev, a prominent Azerbaijani scenic designer and theater artist. The museum consists of two 19th-century buildings standing next to each other. The museum's total collection includes over 15,000 artworks. There are over 3,000 items in 60 rooms on permanent display. About 12,000 items are kept in storage. The museum changes the exhibits periodically so that more of these artworks can be displayed temporarily.",en
Q4076080,Baku railway station,40.38020064,49.850390986,Point(49.850390986 40.38020064),48,building,railway station,,1880-01-01T00:00:00Z,,,,,,,,cultural heritage monument in Azerbaijan,Бакинский железнодорожный вокзал Ноябрь 2024.jpg,railway station in Azerbaijan,Baku railway station,https://en.wikipedia.org/wiki/Baku_railway_station,Bakı Dəmiryol Vağzalı,Баку-Пассажирская,True,,poi,"Baku railway station (Azerbaijani: Bakı Dəmir Yolu Vağzalı) is the central station of Baku, the capital of Azerbaijan. It is located in the Nesimi district in central Baku, approximately 3 km northeast from the historical core of Baku, İçərişəhər.  This station is located in the city Transport HUB.
It is connected to the adjacent 28 May metro station by a pedestrian tunnel. It is also the terminal of the circular Baku suburban railway, 
Inter-city rail and International railway lines.",en
Q2612138,Baku Olympic Stadium,40.429766,49.91979,Point(49.91979 40.429766),46,architectural structure,multi-purpose sports venue,2015-05-06T00:00:00Z,2015-03-06T00:00:00Z,,,Heerim Architects & Planners Co.,,,,,,Chelsea won UEFA Europa League final at Olympic Stadium and President Ilham Aliyev watched the final match 16.jpg,"sports stadium in Baku, Azerbaijan",Baku Olympic Stadium,https://en.wikipedia.org/wiki/Baku_Olympic_Stadium,Bakı Olimpiya Stadionu,Бакинский олимпийский стадион,False,,poi,"Baku Olympic Stadium (Azerbaijani: Bakı Olimpiya Stadionu) is a stadium, designed and constructed to meet the international standards for stadiums set by the Union of European Football Associations (UEFA), the International Federation of Association Football (FIFA) and the World Athletics. Having seating capacity for 69,870 people, it is the largest stadium in Azerbaijan. Despite the name, it has never hosted and is not scheduled to host any competition of the Olympic Games.
Construction of the 205,000-square-metre (2,210,000 sq ft) stadium on a 500,000-square-metre (5,380,000 sq ft) site was completed in February 2015. The six-storey, 60-metre (197 ft) structure near Boyukshor Lake, Baku, Azerbaijan, opened on 6 March 2015. The main tenant of the stadium is Azerbaijan's national football team, who moved from their previous home at the Tofiq Bahramov Republican Stadium. In June 2015, the stadium served as the main venue for the 2015 European Games, hosting the opening and closing ceremonies and the athletic games. The venue hosted the opening match of the UEFA European Under-17 Championship in 2016, the final match of 2018–19 UEFA Europa League, three group games and a quarterfinal at the UEFA Euro 2020, the Baku concert of Mercury World Tour, and the 2024 United Nations Climate Change Conference (COP29). A green area is being developed around the stadium, which is accessible via public transport.",en
Q1407274,Baku TV Tower,40.351388888,49.823333333,Point(49.823333333 40.351388888),40,building,television tower,1996-07-06T00:00:00Z,,310,,,,,,,,Baku Botanical Garden 60 (cropped).jpg,"a free standing concrete telecommunications tower in Baku, Azerbaijan",Baku TV Tower,https://en.wikipedia.org/wiki/Baku_TV_Tower,Bakı Televiziya Qülləsi,Бакинская телебашня,True,,poi,"The Baku TV Tower (Azerbaijani: Televiziya Qülləsi), built in 1996, is a free standing concrete telecommunications tower in Baku, Azerbaijan. With a height of 310 metres (1017 ft or 480 meters from Caspian sea level), it is the second tallest structure in Azerbaijan after the chimneys of Azerbaijan Thermal Power Plant and the tallest reinforced concrete building in Caucasus.
The tower has become one of the most prominent landmarks of Baku, often in the establishing shot of films set in the city.",en
Q2664428,National Museum of History of Azerbaijan,40.369477777,49.840122222,Point(49.840122222 40.369477777),40,museum,museum,1920-01-01T00:00:00Z,1921-01-01T00:00:00Z,,,,,,,,,Tağıyevin sarayı 2020.jpg,"museum in Baku, Azerbaijan",National Museum of History of Azerbaijan,https://en.wikipedia.org/wiki/National_Museum_of_History_of_Azerbaijan,Milli Azərbaycan Tarixi Muzeyi,Национальный музей истории Азербайджана,True,9.0,poi,"The National Museum of History of Azerbaijan (Azerbaijani: Milli Azərbaycan Tarixi Muzeyi) is the largest museum in Azerbaijan. It is located in Baku, in the former residential house of Azerbaijani oil magnate and philanthropist Haji Zeynalabdin Taghiyev. The museum was founded in 1920, following the Russian takeover of Baku, and opened to visitors in 1921. The building itself was build by Polish architect Józef Gosławski.",en
Q48623,Azerbaijan State Academic Opera and Ballet Theater,40.374701,49.845397,Point(49.845397 40.374701),39,building,opera house,1920-01-01T00:00:00Z,1911-02-28T00:00:00Z,,"Art Nouveau architecture, Gothic architecture",Nikolai Bayev,,,,,cultural heritage monument in Azerbaijan,"Azerbaijan State Academic Opera and Ballet Theatre main façade, 2015.jpg","opera house in Baku, Azerbaijan",Azerbaijan State Academic Opera and Ballet Theater,https://en.wikipedia.org/wiki/Azerbaijan_State_Academic_Opera_and_Ballet_Theater,Azərbaycan Dövlət Akademik Opera və Balet Teatrı,Азербайджанский театр оперы и балета имени М. Ф. Ахундова,True,,poi,"The Azerbaijan State Academic Opera and Ballet Theater (Azerbaijani: Azərbaycan Dövlət Akademik Opera və Balet Teatrı) is an opera house in Baku, Azerbaijan. Formerly known as the Mailov Theatre (Azerbaijani: Mayılov Teatrı; Armenian: Մայիլյան թատրոն, romanized: Mayilyan t’atron), was designed in 1911 by Armenian architect Nikolai Bayev at the request of the Armenian magnate Daniel Mailov, one of the Mailov brothers.",en
Q618714,Baku Crystal Hall,40.344125,49.850336,Point(49.850336 40.344125),39,architectural structure,arena,2012-01-01T00:00:00Z,2012-05-07T00:00:00Z,,Art Nouveau architecture,"Gerkan, Marg and Partners",,,,,,Baku bolvard and flag square 1.JPG,"indoor arena in Baku, Azerbaijan",Baku Crystal Hall,https://en.wikipedia.org/wiki/Baku_Crystal_Hall,Bakı Kristal Zalı,Бакинский кристальный зал,True,,poi,"«Бакинский кристальный зал» или «Baku Crystal Hall» (азерб. Bakı Kristal Zalı) — построенный на Площади государственного флага в Баку (Азербайджан) спортивно-концертный комплекс, предназначенный для проведения международных культурно-массовых мероприятий. 25 января 2012 года было объявлено о том, что в комплексе будет проведён конкурс песни Евровидение 2012. Официально строительство завершено 16 апреля 2012 года. Открытие комплекса состоялось 7 мая этого же года, а полуфиналы и финал конкурса прошли 22-26 мая.",ru
Q17004958,Baku City Circuit,40.3725,49.8533,Point(49.8533 40.3725),39,architectural structure,street circuit,,,,,,,,,,,"Aerial View of Baku, May 2012.jpg","motor racing circuit in Baku, Azerbaijan.",Baku City Circuit,https://en.wikipedia.org/wiki/Baku_City_Circuit,Bakı Şəhər Halqası,Баку (трасса),True,,poi,"The Baku City Circuit (Azerbaijani: Bakı Şəhər Halqası) is a motor racing street circuit located in Baku, Azerbaijan, constructed near Baku Boulevard. A lap of the circuit is 6.003 km (3.730 mi), making it the fourth-longest circuit on the Formula One calendar (after Circuit de Spa-Francorchamps, Jeddah Street Circuit and Las Vegas Strip Circuit). The inaugural Formula One race at the circuit was the 2016 European Grand Prix and its support events. A year later, in 2017, the circuit held the inaugural Azerbaijan Grand Prix. The event is organised by Baku City Circuit Operation Company (Azerbaijani: Bakı Şəhər Halqası Əməliyyat Şirkəti).",en
Q1138958,Tofiq Bahramov Stadium,40.397333,49.852417,Point(49.852417 40.397333),37,building,association football venue,1951-09-16T00:00:00Z,1951-01-01T00:00:00Z,,,,,,,Tofiq Bahramov,cultural heritage monument in Azerbaijan,"Qarabagh - Young Boys, 27.08.2015 (1).JPG","Stadium in Baku, Azerbaijan",Tofiq Bahramov Republican Stadium,https://en.wikipedia.org/wiki/Tofiq_Bahramov_Republican_Stadium,Tofiq Bəhramov adına Respublika Stadionu,Республиканский стадион имени Тофика Бахрамова,True,,poi,"The Tofiq Bahramov Republican Stadium (Azerbaijani: Tofiq Bəhramov adına Respublika Stadionu) is a multi-purpose stadium in Baku, Azerbaijan. It is currently used mostly for football matches. It served as the home ground for the Azerbaijan national football team until they moved to the  Baku Olympic Stadium. They returned for some UEFA Euro 2024 and 2026 FIFA World Cup qualifying matches. It holds 31,200 seats making it the second largest stadium in the country. The stadium is also used by the Azerbaijan Premier League clubs in the final rounds of European competitions.",en
Q80499,Flame Towers,40.359722222,49.826111111,Point(49.826111111 40.359722222),36,building,skyscraper,2012-04-01T00:00:00Z,2013-01-01T00:00:00Z,,,HOK,,,,,,View From Maidens Tower (221090097).jpeg,skyscraper,Flame Towers,https://en.wikipedia.org/wiki/Flame_Towers,Alov qüllələri,Пламенные башни,True,,poi,"The Flame Towers (Azerbaijani: Alov qüllələri) are a group of three skyscrapers in Baku, Azerbaijan. The main contractor, Dia Holdings, is owned by two brothers who are linked to Azerbaijan's ruling Aliyev family's network of offshore companies.
The height of the tallest tower is 182 m (597 ft). The three flame-shaped towers are intended to symbolize the elements of fire, and are a reference to Azerbaijan's nickname ""The Land of Fire"", historically rooted in a region where natural gas flares emit from the ground and Zoroastrian worshipers considered flames to be a symbol of the divine (notably at the Ateshgah of Baku and Yanar Dag). 
The three buildings (South, East and West) consist of 130 residential apartments over 33 floors, a Fairmont hotel tower that includes 250 rooms and 61 serviced apartments, and office blocks which provides a net 33,114 square meters of office space.",en
Q2452280,Baku Zoo,40.392952862,49.848971579,Point(49.848971579 40.392952862),35,tourist attraction,zoo,1928-01-01T00:00:00Z,,,,,,,,,cultural heritage monument in Azerbaijan,Baku Zoo.jpg,"zoo in Baku, Azerbaijan",Baku Zoo,https://en.wikipedia.org/wiki/Baku_Zoo,Bakı Zooloji Parkı,Бакинский зоопарк,True,,poi,"Baku Zoological Park (Azerbaijani: Bakı Zooloji Parkı), more commonly known as Baku Zoo, is a 10.5-acre zoo located in the Narimanov district of the capital city of Azerbaijan, Baku. It features over 125 species of animals, and is one of the most popular zoos in the country.",en
Q43928,Heydar Aliyev Cultural Center,40.395277777,49.866944444,Point(49.866944444 40.395277777),34,building,performing arts center,2012-05-10T00:00:00Z,2012-05-10T00:00:00Z,,Futurism,"Zaha Hadid, Zaha Hadid Architects",,,"concrete, glass",Heydar Aliyev,,Baku 15 06 14 216000.jpeg,performing arts venue,Heydar Aliyev Center,https://en.wikipedia.org/wiki/Heydar_Aliyev_Center,Heydər Əliyev Mərkəzi,Центр Гейдара Алиева,True,,poi,"The Heydar Aliyev Center (Azerbaijani: Heydər Əliyev Mərkəzi) is a 57,500 m2 (619,000 sq ft) building complex in Baku, Azerbaijan, designed by Zaha Hadid and noted for its distinctive architecture and flowing, curved style that eschews sharp angles. The main contractor, Dia Holdings, is owned by actors that are linked to Azerbaijan's ruling Aliyev family's network of offshore companies.
The center is named after Heydar Aliyev (1923–2003), the first secretary of Soviet Azerbaijan from 1969 to 1982, and president of Azerbaijan Republic from October 1993 to October 2003.",en
Q754560,Ateshgah of Baku,40.415555555,50.008611111,Point(50.008611111 40.415555555),32,museum,"building, museum",1745-01-01T00:00:00Z,,,Shirvan-Absheron architectural school,,,,,,Tentative World Heritage Site,Jahlinmarceta baku temple.jpg,"Fire Temple in Surakhany, Baku, Azerbaijan",Ateshgah of Baku,https://en.wikipedia.org/wiki/Ateshgah_of_Baku,Atəşgah (Bakı),Атешгях,False,,poi,"The Ateshgah of Baku (Persian: آتشگاه, romanized: Atashgah, Azerbaijani: Atəşgah), often called the ""Fire Temple of Baku"", is a syncretic temple in Surakhany town (in Surakhany raion). 
Sarah Ashurbeyli notes that the Atsh is distorted Atesh (“fire”) and Atshi-Baguan means “Fires of Baguan”, referring to Baku. The word Baguan comes from the word Baga, which means “God” in Old Persian, and Bhaga.
Baku gets its name from Bagavan/Bagawan/Baguan/Bhagawan. It was called Bagavan during the Sassanian rule (224-651 CE). 

""Interestingly, the  Avesta does not mention fire temples. In fact,  the  temple-cult  of  fire  appears  to  have  come  into  origin  only  in  the  latter  part  of  the Achaemenian period i.e., around  the fourth century BCE. In  Zoroastrianism, the temples of sacred fires were established on hills or high places. It is noteworthy, as commanded by their spiritual leader, the Zoroastrians do not consider themselves as fire worshippers. They simply believe the fire to be an instrument of purity and a symbol of truth and righteousness that helps them in focusing their thoughts Ahura, their supreme God. It was most probably for this reason that cremation came to be rejected in Zoroastrianism whereas in Hinduism it became a universal phenomenon.""
""Ātash"" (آتش/Atəş) is the Persian and Azerbaijani word for fire. Zoroastrians do not worship fire, but see it as connection to God. The pentagonal complex, which has a courtyard surrounded by cells for monks and a tetrapillar-altar in the middle, was built during the 17th and 18th centuries. It was abandoned in the late 19th century, probably due to the decline of the Indian population in the area and the establishment of petroleum plants in Surakhany. The natural eternal flame was extinguished in 1969, after nearly a century of petroleum and gas extraction in the area, and is now maintained using a piped gas supply.
The Baku Ateshgah also became a pilgrimage and philosophical centre of Zoroastrians from the northwestern Indian subcontinent, who were involved in trade with the Caspian area via the famous ""Grand Trunk Road"". The four holy elements of their belief were: ateshi (fire), badi (air), abi (water), and heki (earth). The complex was converted into a museum in 1975. The annual number of visitors to the museum is about 15,000.
The Temple of Fire ""Ateshgah"" was nominated for inclusion on the List of World Heritage Sites,  UNESCO in 1998 by Gulnara Mehmandarova. On December 19, 2007, it was declared a state historical-architectural reserve by decree of the President of Azerbaijan.

",en
Q1136822,Azerbaijan Carpet Museum,40.359839955,49.835474746,Point(49.835474746 40.359839955),30,museum,art museum,1967-01-01T00:00:00Z,1967-01-01T00:00:00Z,,,Franz Janz,,,,,,Azərbaycan xalça muzeyi.jpg,art museum,Azerbaijan Carpet Museum,https://en.wikipedia.org/wiki/Azerbaijan_Carpet_Museum,Azərbaycan Milli Xalça Muzeyi,Азербайджанский национальный музей ковра,True,,poi,"Azerbaijan National Carpet Museum (Azerbaijani: Azərbaycan Milli Xalça Muzeyi, formerly called the Azerbaijan Carpet Museum) is a museum located in Baku that displays Azerbaijani carpets and rugs with historical and modern weaving techniques and materials. It has the largest collection of Azerbaijani carpets in the world. First opened on Neftchiler Avenue in 1967, it moved to a new building in the Baku seafront park in 2014.

",en
Q1537647,Neft Daşları,40.252222222,50.84,Point(50.84 40.252222222),30,architectural structure,oil platform,1949-01-01T00:00:00Z,,,,,,,,,,Oil Rocks estacades.jpg,human settlement,Neft Daşları,https://en.wikipedia.org/wiki/Neft_Da%C5%9Flar%C4%B1,Neft Daşları,Нефтяные Камни,False,,poi,"Neft Daşları (pronounced [ˈneft dɑʃlɑˈɾɯ] lit. 'Oil Rocks') is an industrial settlement in Baku, Azerbaijan. The settlement forms part of the municipality of Çilov-Neft Daşları in the Pirallahy raion. It lies 86 km (53 mi) away from the Azerbaijani capital Baku and 39 km (24 mi) from the nearest mainland shore in the Caspian Sea. A full town on the sea, it was the first oil platform in Azerbaijan, and the first operating offshore oil platform in the world, incorporating numerous drilling platforms. It is featured in Guinness World Records as the world's first offshore oil platform.
The settlement began with a single path out over the water and grew into a system of paths and platforms built upon ships sunk to serve as the Neft Daşları's foundation. The most distinctive feature of Neft Daşları is that it is actually a functional city with a population of around 2,000 and once comprised over 200 km (120 mi) of streets built on piles of landfill.",en
Q2096562,Taza Pir Mosque,40.372097,49.828671,Point(49.828671 40.372097),27,mosque,mosque,1905-01-01T00:00:00Z,,,"Islamic architecture, Shirvan-Absheron architectural school",Eugeniusz Skibiński,Nabat Ashurbeyli,,,,cultural heritage monument in Azerbaijan,Təzəpir məscidinin Mərkəzi parkdan görünüşü.jpg,"mosque in Baku, Azerbaijan",Taza Pir Mosque,https://en.wikipedia.org/wiki/Taza_Pir_Mosque,Təzəpir məscidi,Мечеть Тезепир,True,,poi,"Təzə Pir məscidi — Abşeron ərazisində yerləşən, bütün Şərqdə nadir gözəlliyi ilə diqqəti cəlb edən, yaşı bir əsrdən çox olan tikili.
Bu abidə təkcə Azərbaycanın deyil, bütün Qafqazın dini mərkəzi hesab olunur. Təsadüfi deyil ki, Qafqaz Müsəlmanları İdarəsi də məhz burada yerləşir. Bu əzəmətli tikilinin həm də maraqlı tarixçəsi var. Bu tarix isə bir daha sübut edir ki, Təzəpir məscidi ziyarətgah timsallı memarlıq abidəsidir. Buranın müqəddəsliyinə tapınan insanlar zaman-zaman bu yeri ziyarət ediblər. Qəbrin itməsinə baxmayaraq həmin türbə bu günə qədər də qorunub-saxlanılır. Müqəddəs türbəyə daxil olmaq üçün pilləkənlərlə məscidin altına düşmək lazım gəlir.",az
Q123753947,Azerbaijan Railway Museum,40.379692231,49.847986908,Point(49.847986908 40.379692231),27,museum,"museum, railway museum",2019-11-19T00:00:00Z,,,,,,,,,cultural heritage monument in Azerbaijan,Railway Museum in Baku.jpg,railway museum in Baku,Azerbaijan Railway Museum,https://en.wikipedia.org/wiki/Azerbaijan_Railway_Museum,Azərbaycan Dəmiryol Muzeyi,Азербайджанский железнодорожный музей,True,,poi,"Azerbaijan Railway Museum (Azerbaijani: Azərbaycan Dəmiryol Muzeyi) is a railway museum in Baku, Azerbaijan. The museum was opened in 2019.
The museum is located in the historic building of Sabunchu Railway Station in the city center of Baku, near Jafar Jabbarli Square (28 May metro station).",en
Q856262,Bibi-Heybat Mosque,40.308611111,49.820277777,Point(49.820277777 40.308611111),25,mosque,"destroyed building or structure, mosque",1281-01-01T00:00:00Z,,,"Islamic architecture, Shirvan-Absheron architectural school",Mahmud ibn Sa'd,,,,,,Северная сторона мечети.jpg,Historical mosque in Baku,Bibi-Heybat Mosque,https://en.wikipedia.org/wiki/Bibi-Heybat_Mosque,Bibiheybət məscidi,Мечеть Биби-Эйбат,False,,poi,"The Bibi-Heybat Mosque (Azerbaijani: Bibiheybət məscidi, Persian: مسجد بی‌بی هیبت) is located in the village of Bibiheybət, near Baku, Azerbaijan. The current structure, completed in the 1990s, replicates the original 13th-century mosque built at the behest of Iranian Shirvanshah Farrukhzad II Ibn Ahsitan II. The historic mosque was completely destroyed by the Bolsheviks in 1936.
It is occasionally called ""the Mosque of Fatima"", which is how Alexandre Dumas referred to it during his visit in the 1850s.",en
Q1678321,Baku Museum of Modern Art,40.378018,49.86469,Point(49.86469 40.378018),25,museum,art museum,2009-03-20T00:00:00Z,2009-01-01T00:00:00Z,,,,,,,,,Outside - panoramio.jpg,"modern or contemporary art museum in Baku, Azerbaijan",Baku Museum of Modern Art,https://en.wikipedia.org/wiki/Baku_Museum_of_Modern_Art,Bakı Müasir İncəsənət Muzeyi,Музей современного искусства (Баку),True,,poi,"Bakı Müasir İncəsənət Muzeyi — Bakıda fəaliyyət göstərən muzey.
Muzeyin açılışı 2009-cu il mart ayının 20-də olmuşdur. Muzeydə əsasən avanqard tərzdə işləyən azərbaycanlı rəssam və heykəltəraşların, o cümlədən Səttar Bəhlulzadə, Böyükağa Mirzəzadə, Elmira Şahtaxtinskaya, Tahir Salahov, Ömər Eldarov, Nadir Əbdurrəhmanovun əsərləri toplanmışdır.
Muzeyin dizaynının ideya müəllifi rəssam Altay Sadıqzadədir. Muzeydə uşaq incəsənəti zalı, kitabxana, həmçinin, restoran, videozal və art-kafe vardır.
Muzeyin açılış mərasimində Azərbaycan Respublikasının Prezidenti İlham Əliyev, Azərbaycanın birinci xanımı Mehriban Əliyeva və UNESCO-nun Baş katibi Koişiro Matsuura iştirak etmişlər.

",az
Q4032454,Bakcell Arena,40.400163,49.944019,Point(49.944019 40.400163),25,building,stadium,2012-09-14T00:00:00Z,2012-09-14T00:00:00Z,,,,,,,,,İlham Əliyev Bakıda “8 KM” stadionunun açılışında iştirak etmişdir (1).jpg,"stadion in Baky, Azerbaijan",Neftçi Arena,https://en.wikipedia.org/wiki/Neft%C3%A7i_Arena,Neftçi Arena,Нефтчи Арена,False,,poi,"Neftçi Arena, formerly known as Bakcell Arena, is a football-specific stadium located in the 8th Kilometer district of Nizami raion, Baku, Azerbaijan. The stadium has a capacity of 11,000 spectators and serves as the home ground of Azerbaijan Premier League club Neftçi PFK. It also serves as an occasional venue for the Azerbaijan national football team. The stadium was nominated for StadiumDB's Stadium of the Year award in 2012.",en
Q1535049,Muhammad Mosque,40.365406,49.834698,Point(49.834698 40.365406),23,mosque,mosque,1078-01-01T00:00:00Z,,,Islamic architecture,,,,,,,Məhəmməd məscidi.JPG,mosque in Azerbaijan,Muhammad Mosque,https://en.wikipedia.org/wiki/Muhammad_Mosque,Məhəmməd məscidi (Bakı),Мечеть Мухаммеда (Баку),True,,poi,"The Muhammad Mosque or Siniggala Mosque is a former mosque, located in the Old City of Baku, Azerbaijan. The mosque was built in the 11th century.
It is the first building in Azerbaijan, which is related to Islam and dated for its architectural ligature.",en
Q2664885,Martyrs' Lane,40.357916666,49.827083333,Point(49.827083333 40.357916666),23,monument,"avenue, cemetery, war memorial",,1998-10-10T00:00:00Z,,,,,,,,cultural heritage monument in Azerbaijan,Martyrs' Lane common view.JPG,war monument in Baku,Martyrs' Lane,https://en.wikipedia.org/wiki/Martyrs%27_Lane,Şəhidlər Xiyabanı,Аллея шахидов,True,,poi,"Аллея шахидов (азерб. Şəhidlər Xiyabanı; до 1990 г. — Парк Кирова / Нагорный парк, азерб. Kirov Parkı / Dağlıq Park) — кладбище в Баку, где похоронены «шахиды» — в основном жертвы «Чёрного января» (126 человек) и азербайджанцы, погибшие в Первой карабахской войне. На Аллее существует также безымянная братская могила, в которой похоронены неопознанные тела убитых.",ru
Q621107,National Flag Square,40.344444444,49.845,Point(49.845 40.344444444),23,square,square,,,,,,,,,,,New Baku Flagpole Sept 2024.jpg,"square in Baku, Azerbaijan",State Flag Square (Baku),https://en.wikipedia.org/wiki/State_Flag_Square_(Baku),Dövlət Bayrağı Meydanı,Площадь государственного флага (Баку),True,,poi,"State Flag Square (Azerbaijani: Dövlət Bayrağı Meydanı) is a public square situated along Neftchiler Avenue in Bayil, Baku, Azerbaijan. Spanning 60 hectares (150 acres), with its upper section covering 3 hectares (7.4 acres), the square prominently displays national symbols of Azerbaijan, including the state coat of arms, anthem, and a bronze map of the country. Since 2024, it has held the record for the “largest flag flown”.",en
Q4160569,Juma Mosque in Baku,40.365611111,49.83575,Point(49.83575 40.365611111),22,mosque,mosque,1899-01-01T00:00:00Z,,,"Islamic architecture, Shirvan-Absheron architectural school",,,,,,cultural heritage monument in Azerbaijan,Juma mosque-Old City Baku Azerbaijan 19th century4.jpg,"a 12th century mosque in Baku, Azerbaijan","Juma Mosque, Baku","https://en.wikipedia.org/wiki/Juma_Mosque,_Baku",Cümə məscidi (İçərişəhər),Джума-мечеть (Баку),True,,poi,"The Juma Mosque (Azerbaijani: Cümə məscidi, Persian: مسجد جمعه), also known as the Friday Mosque, is a Shia Islam mosque, located in Baku, Azerbaijan.
An inscription on the mosque mentions that “Amir Sharaf al-Din Mahmud ordered the restoration of this mosque in the month of Rajab 709 AH (1309/1310 CE)”. On the northern wall of the mosque a minaret was erected which a balcony supported by stalactites in the year of 1437. It was build under the Iranian Shirvansahs.
Located in the historic Icheri Sheher, the mosque has been rebuilt several times. The present Friday Mosque was built in 1899 under the financing of Baku philanthropist merchant Haji Shikhlali Dadashov. There are traces of a Zoroastrian temple at the site.
In the cultural life of the medieval region of Shirvan, the cathedral mosque served as a socio-cultural center.",en
Q597749,Baku Puppet Theatre,40.3672,49.8392,Point(49.8392 40.3672),22,building,"playhouse, puppetry building",1931-01-01T00:00:00Z,,,Neoclassical architecture,Józef Plośko,,,,,,Abdulla Şaiq adına Dövlət Kukla Teatrı (2).jpg,"State puppet theatre in Baku, Azerbaijan",Baku Puppet Theatre,https://en.wikipedia.org/wiki/Baku_Puppet_Theatre,Azərbaycan Dövlət Kukla Teatrı,Азербайджанский государственный кукольный театр,True,,poi,"The Baku Puppet Theatre (Polish: Bakiński Teatr Lalek; formally Azerbaijan State Puppet Theatre named after Abdulla Shaig, Azerbaijani: Abdulla Şaiq adına Azərbaycan Dövlət Kukla Teatrı) is a puppet theatre located on Neftchiler Avenue of Baku. It was built in eclectic style in 1910 by Polish architect Józef Płoszko, initially as the ""Phenomenon"" movie theatre.
The puppets vary in size from a few centimetres to double the size of a human.",en
Q2584583,Azerbaijan State Academic National Drama Theatre,40.375294,49.831217,Point(49.831217 40.375294),21,building,theatre building,1873-03-10T00:00:00Z,1919-10-24T00:00:00Z,,,,,,,"Dadash Bunyadzade, Meshadi Azizbekov",,Азербайджанский драматический театр.jpg,"theatre in Baku, Azerbaijan",Azerbaijan State Academic National Drama Theatre,https://en.wikipedia.org/wiki/Azerbaijan_State_Academic_National_Drama_Theatre,Azərbaycan Dövlət Akademik Milli Dram Teatrı,Азербайджанский государственный академический национальный драматический театр,True,,poi,"Азербайджанский государственный академический национальный драматический театр (азерб. Azərbaycan Dövlət Akademik Milli Dram Teatrı) — академический театр драмы в Баку, столице Азербайджана.",ru
Q19273430,Heydar Mosque,40.429166666,49.824444444,Point(49.824444444 40.429166666),20,mosque,mosque,,,,Shirvan-Absheron architectural school,Adalet Mammadov,,,,Heydar Aliyev,,Haydar Mescidi.jpg,"mosque named after Heydar Aliyev in Binagadi, Baku, Azerbaijan",Heydar Mosque,https://en.wikipedia.org/wiki/Heydar_Mosque,Heydər məscidi,Мечеть Гейдара,True,,poi,"The Heydar Mosque (Azerbaijani: Heydər Məscidi) is a mosque, located in the Binəqədi raion of Baku, in Azerbaijan. Opened on 26 December 2014, the mosque is named after Heydar Aliyev, a former President of Azerbaijan. It is the largest mosque in Azerbaijan and the Caucasus.
The Caucasian Muslim Office appointed Imam Hafiz Abbasov and Imam Akhund Rufet Garayev for the Sunni and Shia sects, respectively.",en
Q2665945,Baku Boulevard,40.36,49.8371,Point(49.8371 40.36),20,architectural structure,street,1909-01-01T00:00:00Z,,,,,,,,,,"Vista de Baku, Azerbaiyán, 2016-09-26, DD 120-124 PAN.jpg","street in Baku, Azerbaijan",Baku Boulevard,https://en.wikipedia.org/wiki/Baku_Boulevard,Bakı bulvarı,Приморский бульвар (Баку),True,,street,"Примо́рский бульва́р —   парк вдоль южной стороны залива Каспийского моря. Начинается на площади Свободы, продолжаясь на запад до Старого города и за его пределами. С 2012 года бульвар (Новый бульвар) удвоил длину до 3,75 км, расширив набережные до Площади Государственного флага. В 2015 году бульвар Белый город добавил еще 2 км к востоку от площади Свободы. По отчётам, предположительно, бульвар может быть продлён до 26 км.
В 2009 году отметил 100-летний юбилей. Одна из достопримечательностей Баку.",ru
Q1521003,Palatial mosque in Baku,40.366069444,49.833041666,Point(49.833041666 40.366069444),19,mosque,mosque,1441-01-01T00:00:00Z,,,"Islamic architecture, Shirvan-Absheron architectural school",,,,,,,Şah məscidi interyer.jpg,mosque,Palatial mosque in Baku,https://en.wikipedia.org/wiki/Palatial_mosque_in_Baku,Şah məscidi,Дворцовая мечеть в Баку,True,,poi,"The Palatial mosque in Baku (Persian: مسجد قصر; Azerbaijani: Saray məscidi), also known as the Palace Mosque (Persian: مسجد کاخ; Azerbaijani: Şah Məscidi; Arabic: مسجد شاه (باكو)), and Shirvanshahs Palace Mosque, is a mosque, located inside the Palace of the Shirvanshahs complex, in the Old City of Baku, Azerbaijan. The mosque was built in 845 AH (1441/1442 CE) by the Iranian Shirvanshahs.
The Palatial mosque in Baku forms part of the UNESCO World Heritage-listed Palace of the Shirvanshahs.",en
Q12841468,Lökbatan Mud Volcano,40.304444444,49.709166666,Point(49.709166666 40.304444444),19,monument,mud volcano,,,,,,,,,,Tentative World Heritage Site,Mud Volcano in Gobustan 01.jpg,mountain in Azerbaijan,Lökbatan Mud Volcano,https://en.wikipedia.org/wiki/L%C3%B6kbatan_Mud_Volcano,Lökbatan palçıq vulkanı,Локбатан (грязевой вулкан),False,,poi,"Lökbatan palçıq vulkanı — Bakı şəhərindən 12–15km cənub-qərb istiqamətində, Lökbatan qəsəbəsi yaxınlığında, Xəzər dənizi sahilində eyniadlı neft-mədən sahəsində yerləşən palçıq vulkanı. Püskürmələrin sayına görə ""dünya rekordçusu"" olan bu palçıq vulkanı Azərbaycanın ən aktiv, dünyanın isə ən aktiv 5 palçıq vulkanından biridir.
Azərbaycanın fəaliyyətdə olan vulkanları içərisində ən fəallarından biri olub, təxminən hər 3–10 ildən bir püskürür. Lökbatan vulkanı Xəzər səviyyəsindən nisbi 130 m, səthdən 100 m hündürlükdə yerləşir. Vulkan oroqrafik cəhətdən zirvəsində iki günbəz şəkilli yüksəklikdən ibarətdir. Bu iki yüksəklik arasında 1887-ci ildə üçüncü dəfə püskürmədən sonra əmələ gəlmiş yüksək krater sahəsi yerləşir. 1829-cu ildən başlayaraq bu vulkan 25 dəfə püskürmüşdür. Vulkan axırıncı dəfə 2017-ci ilin may ayının 2-də püskürmüşdür.
Sopka brekçiyasının əsas kütləsi sahənin qərb hissəsinə axır. Burada vulkanın əvvəlki püskürmələri nəticəsində əmələ gəlmiş ayrı-ayrı təpələr vardır. Sopka brekçiyası içərisində üst Təbaşirdən başlamış Üçüncü Dövr çöküntüləri daxil olmaqla süxurlar rast gəlir. Sahənin geoloji quruluşunda Abşeron, Ağcagil mərtəbələri və Məhsuldar qat çöküntüləri iştirak edirlər.
Lökbatan çox fəal palçıq vulkanıdır. Onun qeydə alınmış ilk püskürməsi 1864-cü ildə olmuşdur. Köhnə püskürmə mərkəzlərinin öyrənilməsi göstərir ki, vulkan bundan əvvəlki dövrlərdə də fəaliyyətdə olmuşdur. Cəmi 18 güclü püskürmə qeydə alınmışdır (1823, 1864, 1884, 1887,1890, 1900, 1904, 1915, 1918, 1923, 1924, 1926, 1933, 1935, 1938, 1941, 1954, 1959-cu illər). Bunlardan gücünə və püskürmə məhsullarının həcminə görə 1887 və 1954-cü illərdə baş vermiş püskürmələr xüsusilə fərqlənir.
Vulkanın sopka örtüyü 4,7km2 sahəni tutur. Burada qazılmış quyulardan alınan məlumatlara görə, sopka örtüyünün qalınlığı 1–150 m arasında dəyişir. Hazırda Lökbatan sakitlik dövrü keçirir.
Vulkanın şərq yamacı dəniz istiqamətində, əsasən, yumşaq, məsaməli, kolçedanlı qumdaşından ibarət olub qum və boz gil laylarından ibarət struktura malikdir. Yamacın əks sahəsi isə, əsasən, məhsuldar qat laylarından ibarətdir. Bu hissə üçün qırmızı-qonur rəngli gil səciyyəvidir. Vulkanın şərq yamacı boyu qalxdıqca içərisində didaknalar olan Qədim Xəzər yaşlı boz gillərə rast gəlinir. V. V. Boqaçyov buradan xəzər suitisinin təzə taz sümüyünü tapmışdır. Yüksəkliyə qalxdıqca içərisində balıq qalıqları olan boz mergel qırıntılarına rast gəlinir. Müəllif bu süxurların içərisində Miosen və Pliosenə aid suiti və dişsiz balinalar cinsindən (Cetotherium) olan balinakimilərin qalıqlarına, eləcə də akula dişlərinə rast gəldiyini qeyd edib. 32–33 m yüksəklikdə şimal dənizlərinə xas olan treska balığı (Gadus), siyənək, daşlaşmış ağac qalıqlarına rast gəlinir. Mütəxəssislər qeyd edir ki, bu qalıqlar artıq 20–40 mln. yaşlı Maykop dövrünə aiddir.
Kraterin ən dərin hissəsinə qərb tərəfdən girmək mümkündür. Buradan qazın çıxdığı yeri müşahidə etmək olur. Onun alovu qırmızı rəngdə olub, benzin iyi ilə müşayiət olunur. Çatlarda naşatır izləri, kükürd qaysaqlarına, mis oksidlərinin yaşıl çöküntülərinə rast gəlinir.
Geoloji ədəbiyyatlarda maraqlı püskürmələrin təsvirləri verilmişdir. Hələ Y. Şeqren 1864-cü ildə burada güclü püskürmənin olduğunu qeyd etmişdir. Növbəti güclü püskürmə 1867-ci ildə çox yüksək parlaqlığa malik bir dəqiqəlik işıqla müşayiət olunmuşdur. Sonradan güclü partlayış baş vermişdir. Müəllifin yazdığına görə bu püskürmə zamanı kraterdən yüksələn alovun hündürlüyü 400–500 metrə çatmış və parlaqlığı və gücü o qədər olmuşdur ki, 60–70km məsafədə gecə vaxtı qəzeti sərbəst oxumaq olurmuş. Bunun ardınca palçıq və daş püskürmələri başlamışdır. Ən güclü püskürmələrdən biri 1935-ci ildə olmuşdur.
Bütün püskürmələr yer səthinə böyük həcmdə vulkan brekçiyasının çıxması, qazların alışıb yanması, alovun bəzən 300–400 m hündürlüyə qalxması, brekçiyanın yamac boyunca 200–300 m-dən çox axması ilə müşayiət olunmuşdur. Vulkan brekçiyasının örtüyü 425 ha sahəni əhatə edir. Azərbaycanda neft hasilatı tarixinin bir çox səhifələri Lökbatan palçıq vulkanı ilə bağlıdır. Uzun zaman palçıq vulkanlarının olduğu sahələr sənaye karbohidrogen ehtiyatlarının axtarılması üçün perspektivsiz sayılırdı. Palçıq vulkanizminə neft və qaz yataqlarının dağılması amili kimi baxılırdı. Bununla yanaşı bir çox geoloqlar bu fikirlə razılaşmır və bunun əksini qəbul edirdilər. Bəziləri hətta vulkan sahələrində neft quyuları qazmağı təklif edirdilər. Bu məsələ ilə əlaqədar diskussiyalara 1933-cü ildə son qoyuldu. Həmin il Lökbatan palçıq vulkanında qazılmış 45 saylı quyu 20 min ton debitlə fontan vurdu və bununla da sübut olundu ki, vulkanlar yataqları dağıtmır. Beləliklə, Lökbatan vulkanı misalında keçmiş Sovet İttifaqında ilk dəfə olaraq palçıq vulkanları ilə neft yataqlarının genetik əlaqəsi təsdiq olundu və palçıq vulkanlarının axtarılması zərurəti meydana çıxdı. Maraqlıdır ki, Lökbatan yatağının istismar olunduğu müddət ərzində yer təkindən 27 mln tondan çox neft və 1 mlrd m³ qaz hasil edilmişdir. Məşhur 45 saylı quyu isə indiyədək istismar olunur.
1 oktyabr 1972-ci il püskürməsində titrəyişlərin energetik sinfi ortalama 8, 9-a bərabər olmuşdur və bu da zəif zəlzələlərin enerjisinə uyğundur. Lökbatan vulkanının 20 sentyabr 2013-cü ildə baş vermiş sonuncu püskürməsi AMEA nəzdində Respublika Seysmoloji Xidmət Mərkəzinin ""Kinemetrics"" seysmik stansiyası ilə qedy edilib, püskürmənin başlandığı vaxt, onun müddəti, ocaqların dərinliyi və püskürmə enerjisi müəyyən edilib.
Lökbatan palçıq vulkanı 2017-ci il mayın 2-si səhər saat 8 radələrində püskürüb. Bu vulkanın sayca 25-ci püskürməsi idi.
2024-cü ilin sentyabr ayında yenidən püskürmə baş verib. Lökbatan palçıq vulkanı ilk dəfə 6 yanvar 1829-cu ildə püskürüb. Daha sonra 18 yanvar 1887-ci ildə fasilələrlə 2 sutka püskürüb. 1890, 1900,1915,1918,1926, 1933, 1935,1938, 1954, 1959,1972, 1977, 1980, 1990, 2001, 2012-ci illərdə püskürmələr qeydı alınıb. Vulkanın ətrafında tirələr şəklində abşeron mərtəbəsinin əhəngdaşı və alt pliosenin məhsuldar qatının qumdaşıları açılırlar. Krater sahəsində mikrotəzahürlər yoxdur. Əsas şərq kraterindən qəərbdə brekçiyanın sıxılıb çıxarılma sahəsi qeyd edilir. Kraterin cənub-qərb hissəsində, bənddə, şlaklaşmış sahə yaradan, çox yanmış gil suxurları müşahidə olunur. Bu, 2001-ci il püskürməsi zamanı qazın yanmasının nəticəsidir. 2025-ci ilin 9 aprelində növbəti püskürməsini qeydə alıb.
AMEA nəzdində Respublika Seysmoloji Xidmət Mərkəzinin palçıq vulkanlarının seysmik monitorinqi şəbəkəsi tərəfindən 9 aprel 2025-ci il tarixində, yerli vaxtla saat 04:04-də Lökbatan palçıq vulkanının növbəti püskürməsini qeydə alıb.  Püskürmə ayrı-ayrı vaxtlarda 3 fazada qeydə alınıb.
Birinci faza yerli vaxtla 04:04-də, ikinci faza saat 05:20-də, üçüncü faza saat 05:31-də qeydə alınıb. Püskürmənin davamlılığı 3 dəqiqə, dərinliyi 4 km olub.",az
Q2020145,Həzi Aslanov,40.373611111,49.953888888,Point(49.953888888 40.373611111),19,building,"metro station, underground station",2002-01-01T00:00:00Z,2002-12-10T00:00:00Z,,,Rasim Aliyev,,,,Hazi Aslanov,,Hazi Aslanov station.JPG,"metro station in Baku, Azerbaijan",Hazi Aslanov (Baku Metro),https://en.wikipedia.org/wiki/Hazi_Aslanov_(Baku_Metro),Həzi Aslanov metrostansiyası,Ази Асланов (станция метро),False,,transit,"Həzi Aslanov metrostansiyası — Bakı metrosunun Qırmızı xəttinin sonuncu stansiyasıdır. 2002-ci ildə istifadəyə verilmişdir. Bu stansiyaya keçid rolunu oynayacaq olan Məhəmməd Hadi stansiyasının tikintisi hal-hazırda davam edir. Stansiyaya daxil olan qatarlarda ""Ay işığında"" musiqisindən fraqment səslənir.
12 dekabr 2002-ci ildə istismara verilmişdir. Tikintisi Avropa Birliyi tərəfindən maliyyələşdirilmişdir.
2024-cü il noyabrın 30-da “Həzi Aslanov” stansiyasının dalanında yenidəqurma işlərinə başlanılıb. İşlərin 1,5-2 il çəkməsi yəni 2026-cı ildə başa çatdırılması planlaşdırılır. Təmir işlərinin sonuna qədər «Həzi Aslanov - Əhmədli» mənzilində məkik hərəkət tətbiq edilir.",az
Q1817541,Alexander Nevsky Cathedral,40.369587901,49.831975799,Point(49.831975799 40.369587901),19,cathedral,"Eastern Orthodox cathedral, Eastern Orthodox church building, destroyed building or structure",1898-01-01T00:00:00Z,,55,Russian Revival architecture,,,,brick,Alexander Nevsky,,"Alexander Nevsky Cathedral, Baku.jpg","church in Baku Governorate, Russian Empire","Alexander Nevsky Cathedral, Baku","https://en.wikipedia.org/wiki/Alexander_Nevsky_Cathedral,_Baku",Aleksandr Nevski kafedralı (Bakı),Александро-Невский собор (Баку),True,,poi,"The Alexander Nevsky Cathedral (Russian: Александро-Невский Собор; Azerbaijani: Aleksandr Nevski Başkilsəsi, often referred to as Qızıllı kilsə – ""The Golden Church"") was the main Russian Orthodox cathedral in Baku, Azerbaijan from its completion in 1898 until its destruction in 1937 during the Soviet era under Joseph Stalin. The cathedral was the biggest Russian Orthodox structure ever built in the South Caucasus.",en
Q1072217,Tuba Shahi Mosque,40.491847222,50.140805555,Point(50.140805555 40.491847222),18,mosque,mosque,1481-01-01T00:00:00Z,,,Shirvan-Absheron architectural school,,,,,,cultural heritage monument in Azerbaijan,Tuba Şahi məscidi 2024 (5).jpg,mosque,Tuba Shahi Mosque,https://en.wikipedia.org/wiki/Tuba_Shahi_Mosque,Tuba Şahi məscidi,Мечеть Туба-Шахи,False,,poi,"The Tuba-Shahi Mosque (Azerbaijani: Tuba-Şahi məscidi; Persian: مسجد طوبا شاه) is a former mosque and historical architectural monument, located in the Mardakan village of the Khazar district in Baku, Azerbaijan. Completed in c. 1482, the former mosque is included in the list of the historical and architectural monuments of local importance approved by the Cabinet of Ministers of the Republic of Azerbaijan. 
The former mosque was built not far from the Quadrangular Mardakan Castle dating from the Shirvanshahs era. The mosque has a clearly defined volume in the form of a parallelepiped completed with a dome. The central part of the prayer hall is covered with a dome resting on sails. On four sides, the central prayer hall is adjoined by lateral rectangular rooms.",en
Q2347389,Government House,40.373888888,49.8525,Point(49.8525 40.373888888),18,building,building,1952-01-01T00:00:00Z,,,"Baroque, Stalinist Empire style",Lev Rudnev,,,,,,"Stamps of Azerbaijan, 2012-1030.jpg",Azerbaijani government building in Baku,"Government House, Baku","https://en.wikipedia.org/wiki/Government_House,_Baku",Hökumət Evi (Azərbaycan),Дом правительства Азербайджана,True,,poi,"The Government House of Baku, also known as the House of Government, is a government building housing various state ministries of Azerbaijan. It is located on Neftchiler Avenue and faces the Baku Boulevard, while the rear of the building faces the busy Uzeyir Hajibeyov Street in central Baku. Government House was designed for 5,500 people.",en
Q390733,ASK Arena,40.410986,49.897711,Point(49.897711 40.410986),18,building,association football venue,,,,,,,,,,,"""ASK Arena"" after replacement of a covering.jpg",football stadium,ASK Arena,https://en.wikipedia.org/wiki/ASK_Arena,Şəfa stadionu,АСК Арена,True,,poi,"ASK Arena (Azerbaijani: ASK Arena), formerly Inter Arena and Shafa Stadium is an all-seater football stadium located in Baku . The stadium was built on the site of Termist stadium in 2001 and has a capacity of 8,125 spectators. The stadium surrounded by practice fields, administration buildings and four-star hotel.",en
Q2094390,Dalga Arena,40.492222,50.138889,Point(50.138889 40.492222),18,building,stadium,,,,,,,,,,,Dalga Arena.jpg,stadium in Azerbaijan,Dalga Arena,https://en.wikipedia.org/wiki/Dalga_Arena,Dalğa Arena,Далга Арена,False,,poi,"Dalga Arena (Azerbaijani: Dalğa Arena) also known as Liv Bona Dea Arena for sponsorship reasons, is a multi-use stadium in Mardakan settlement of Baku, Azerbaijan.  It is currently used mostly for football matches.  The stadium holds 6,500 people and opened by Sepp Blatter and Michel Platini on 6 June 2011.
The stadium was one of venues during 2012 FIFA U-17 Women's World Cup.
Liv Bona Dea Arena already hosted two matches of the Azerbaijan national team against North Macedonia in a friendly and Austria in the UEFA Euro 2012 qualifying.",en
Q2427287,Icheri Sheher,40.365963,49.83173,Point(49.83173 40.365963),18,building,"last station, metro station, underground station",1967-11-06T00:00:00Z,1967-11-06T00:00:00Z,,,,,,,,,81-765 train arrives Icheri Sheher.jpg,"metro station in Baku, Azerbaijan",Icheri Sheher (Baku Metro),https://en.wikipedia.org/wiki/Icheri_Sheher_(Baku_Metro),İçərişəhər metrostansiyası,Ичери-Шехер (станция метро),True,,transit_mixed,"Icherisheher (Azerbaijani: İçәrişәhәr, Inner City), formerly known as Baku Soviet (Azerbaijani: Bakı Soveti) is a subway station on Red Line (Line 1) of the Baku Metro. It was opened on 6 November 1967 as one of the first 5 stations in Baku. Regular traffic started from 25 November 1967. The station was called Baki Soveti until 2007.  In April 2007 station was renamed ""Icherisheher"" according to the resolution of Cabinet of Ministers of Azerbaijan. Icherisheher station is located nearby to Four Seasons Hotel Baku.",en
Q3025366,Sahil,40.371739,49.844539,Point(49.844539 40.371739),18,building,"metro station, underground station",,1967-11-06T00:00:00Z,,,Martin Tovmasyan,,,,,,Sahil metro station 2.jpg,"metro station in Baku, Azerbaijan",Sahil (Baku Metro),https://en.wikipedia.org/wiki/Sahil_(Baku_Metro),Sahil metrostansiyası,Сахил (станция метро),True,,transit,"«Сахил» (азерб. Sahil — «Берег») — станция первой (Красной) линии Бакинского метрополитена, расположенная между станциями «Ичери Шехер» и «28 Май». Изначально называлась «26 Бакы комиссары» («26 Бакинских Комиссаров»). Станция расположена вблизи берега Каспийского моря, в связи с чем и получила современное название.",ru
Q3025343,Bakmil,40.4137,49.8791,Point(49.8791 40.4137),18,building,"last station, metro station, station located on surface",1979-01-01T00:00:00Z,1979-03-28T00:00:00Z,,,,,,,,,81-717M at Bakmil metro station.jpg,"metro station in Baku, Azerbaijan",Bakmil,https://en.wikipedia.org/wiki/Bakmil,Bakmil metrostansiyası,Бакмил (станция метро),True,,transit_mixed,"Bakmil is a Baku Metro station in Baku Region, Azerbaijan. It was opened on 28 March 1979 and completely refurbished in 2018, reopening on March 26, 2019. The station forms a single-stop branch line that splits off from Nariman Narimanov metro station. Until 1993 it was known as Elektrozavod or, in Russian pre-1991, as Electrozavodskaya. 
Origin of the word ""Bakmil"" This word came from the name of the joint production enterprise of Baku and Milan.
Bakmil is located near the town hall of Azərİşıq BMKZ Yarımstansiyası and Bakı.",en
Q1125310,Nəriman Nərimanov,40.402777777,49.870555555,Point(49.870555555 40.402777777),18,building,"metro station, underground station",,1967-11-06T00:00:00Z,,,Mikayil Useynov,,,,,,N.Nərimanov metrostansiyası 2016.03.15.jpg,"metro station in Baku, Azerbaijan",Nariman Narimanov (Baku Metro),https://en.wikipedia.org/wiki/Nariman_Narimanov_(Baku_Metro),Nəriman Nərimanov metrostansiyası,Нариман Нариманов (станция метро),True,,transit,"«Нариман Нариманов» (азерб. Nəriman Nərimanov) — станция первой (Красной) линии Бакинского метрополитена и станция второй (Зелёной) линии Бакинского метрополитена. Расположена между станциями «Бакмил», «Гянджлик» и «Улдуз». На станции «Нариман Нариманов» разветвляются поезда, следующие до станции «Ази Асланов» (основное направление) и до станции «Бакмил».",ru
Q5474853,"Fountains Square, Baku",40.370833333,49.836666666,Point(49.836666666 40.370833333),17,square,square,1868-01-01T00:00:00Z,,,,,,,,,,"Fountains Square5, August 2010.JPG","place in Baku, Azerbaijan","Fountains Square, Baku","https://en.wikipedia.org/wiki/Fountains_Square,_Baku",Fəvvarələr meydanı (Bakı),Площадь Фонтанов (Баку),True,,poi,"Fountains Square (Azerbaijani: Fəvvarələr meydanı) is a public square in downtown Baku, capital of Azerbaijan.
The square was previously called Parapet and is often referenced as the same name now. The name of the fountains square derives from the presence of dozens of fountains throughout the square first constructed during Soviet rule of Azerbaijan.
The square is a public gathering place, especially after business hours and during the weekend. It is an attractive tourist destination with many boutiques, restaurants, shops, hotels and passage. It starts from the Istiglaliyyat Street and walls of the Icheri Sheher and stretches through Nizami Street, also called in popular culture as the Torgovaya street running parallel to Baku Boulevard. The fountains square is a location where the city authorities hold many public festivals, shows and celebrations.
In 2010, the square was renovated by Baku authorities. A ""Fountains Square"" salad has been named after the square.
Since 2013, there is an annual christmas market and charity event held at the square from December to January.",en
Q1014729,Ramana Tower,40.45613,49.980058,Point(49.980058 40.45613),17,architectural structure,"castle, fortress",1400-01-01T00:00:00Z,,,Shirvan-Absheron architectural school,,,,,,cultural heritage monument in Azerbaijan,Ramana Castle.jpg,fortress in Azerbaijan,Ramana Tower,https://en.wikipedia.org/wiki/Ramana_Tower,Ramana qalası,Четырёхугольная башня в Рамане,False,,poi,"Ramana Tower (Azerbaijani: Ramana qalası, Persian: برج رامانا) – is a historical architectural monument located in the Ramana village of the Sabunchu district in Baku. The palace has been registered as a monument of global significance by the Ministry of Culture of Azerbaijan Republic. In 2001, along with other defensive structures of the Absheron Peninsula, Ramana Fortress was included in.
Built by order of the Iranian Shirvanshahs, the palace dates back to the 14th century according to historical records. Some researchers, however, suggest that the construction of the palace may belong to the 12th century.
The internal courtyard of the palace measures 28x10 meters. Its external walls are fortified with rounded corner towers placed along the walls. The entrance to Ramana Fortress is situated within a defensive courtyard. Unlike the characteristic three-tiered shape for circular towers, the square-shaped tower of Ramana Palace is divided into four tiers.",en
Q4075930,Baku Funicular,40.35849,49.8285,Point(49.8285 40.35849),17,architectural structure,funicular,,,,,,,,,,cultural heritage monument in Azerbaijan,Baku Funicular.jpg,"funicular system in Baku, Azerbaijan",Baku Funicular,https://en.wikipedia.org/wiki/Baku_Funicular,Bakı funikulyoru,Бакинский фуникулёр,True,,poi,"Baku Funicular (Azerbaijani: Bakı funikulyoru) is a funicular system in Baku, Azerbaijan. It connects a square on Neftchilar Avenue and Martyrs' Lane. It is the first and remains the only funicular system in the country.",en
Q616786,Gənclik,40.39981,49.851145,Point(49.851145 40.39981),17,building,"metro station, underground station",,1967-11-06T00:00:00Z,,,Lev Popov,,,,,,Баку Станція метро Гянджлік.jpg,"Baku Metro station in Baku, Azerbaijan",Ganjlik (Baku Metro),https://en.wikipedia.org/wiki/Ganjlik_(Baku_Metro),Gənclik metrostansiyası,Гянджлик (станция метро),True,,transit,"«Гянджлик» (азерб. Gənclik — с азербайджанского ""Молодёжная"") — станция первой (Красной) линии Бакинского метрополитена и станция второй (Зелёной) линии Бакинского метрополитена. Расположена между станциями «Нариман Нариманов» и «28 Май».",ru
Q3025592,Şah İsmail Xətai,40.382777777,49.871944444,Point(49.871944444 40.382777777),17,building,"metro station, underground station",,1968-02-22T00:00:00Z,,,,,,,Ismail I,,İlham Əliyev Bakı Metropoliteninin “Xətai” stansiyasında görülən işlərlə tanış olub.jpg,"metro station in Baku, Azerbaijan",Shah Ismail Khatai (Baku Metro),https://en.wikipedia.org/wiki/Shah_Ismail_Khatai_(Baku_Metro),Şah İsmayıl Xətai metrostansiyası,Шах Исмаил Хатаи (станция метро),True,,transit,"«Шах Исмаил Хатаи» (азерб. Şah İsmayıl Xətai) — конечная станция второй (Зелёной) линии Бакинского метрополитена, расположенная на автономном участке от станции «Джафар Джаббарлы» и до самой станции «Шах Исмаил Хатаи», состоящем из этих 2 станций.
Станция названа в честь первого шаха Ирана из тюркской династии Сефивидов и классика азербайджанской поэзии Исмаила Хатаи. До 1988 года носила название «Шаумян» в честь советского революционера Степана Шаумяна.
Станция находится в районе Чёрный город (район нефтеперерабатывающих заводов, в котором от копоти здания имели черный налет), недалеко от тогда ещё ДК им. Шаумяна.",ru
Q3025554,Dərnəgül (Baku Metro),40.425555555,49.860555555,Point(49.860555555 40.425555555),17,building,"metro station, terminus, underground station",,2011-06-29T00:00:00Z,,,,,,,,,Dernegul metro station.jpg,"metro station in Baku, Azerbaijan",Darnagul (Baku Metro),https://en.wikipedia.org/wiki/Darnagul_(Baku_Metro),Dərnəgül metrostansiyası,Дарнагюль (станция метро),True,,transit_mixed,"«Дарнагюль» (азерб. Dərnəgül) — конечная станция второй (Зелёной) линии Бакинского метрополитена.
Расположена в промзоне Дарнагюль, за 7 микрорайоном, вблизи ж/д ветки Баку — Баладжары. Изначально расположение планировалось у юго-восточной оконечности 7-го микрорайона. Оборот поездов на станции  осуществляется по временной схеме, через съезд перед станцией. В дальнейшем[когда?], линию планируется продлить до станции метро «Кероглу». На перегоне «Азадлыг проспекти» — «Дарнагюль» построен съезд к строящемуся депо «Дарнагюль». Станция односводчатая, мелкого заложения.",ru
Q3025367,28 May,40.379986111,49.848966666,Point(49.848966666 40.379986111),17,building,"metro station, underground station",,1967-11-06T00:00:00Z,,,,,,,May 28,,Станция метро 28 мая Ноябрь 2024.jpg,"metro station in Baku, Azerbaijan",28 May (Baku Metro),https://en.wikipedia.org/wiki/28_May_(Baku_Metro),28 May metrostansiyası,28 Мая (станция метро),True,,transit,28 May — Bakı metropoliteninin qırmızı xəttinin stansiyasıdır. Keçmiş adı 28 Aprel olmuşdur. 28 May stansiyası Bakı Metropoliteninin mərkəzi stansiyası hesab olunur və bu stansiyasının daxilindən Cəfər Cabbarlı metrostansiyasına və Bakı Dəmir Yolu Vağzalına birbaşa piyada keçid vardır. Bu stansiyadan başlayaraq xəttlər iki hissəyə ayrılır. Qırmızı xətt və yaşıl xəttin birləşdiyi stansiyadır. Stansiyaya daxil olan qatarlarda Qarabağ Şikəstəsindən fraqment səslənir.,az
Q58823,Azerbaijan State Philharmonic Hall,40.364085,49.831641,Point(49.831641 40.364085),17,building,concert hall,1912-01-01T00:00:00Z,2004-01-27T00:00:00Z,,"Renaissance architecture, Rococo",Gavriil Ter-Mikelov,,,,Muslim Magomayev,cultural heritage monument in Azerbaijan,FilarmonaSide.JPG,concert hall in Baku,Azerbaijan State Academic Philharmonic Hall,https://en.wikipedia.org/wiki/Azerbaijan_State_Academic_Philharmonic_Hall,Azərbaycan Dövlət Akademik Filarmoniyası,Азербайджанская государственная филармония,True,,poi,"The Muslim Magomayev Azerbaijan State Academic Philharmonic Hall (Azerbaijani: Müslüm Maqomayev adına Azərbaycan Dövlət Akademik Filarmoniyası), located in Baku, is a concert hall in Azerbaijan. Since 2006 Murad Adigozalzade is the director of the Azerbaijan State Academic Philharmonic Hall.
The building was designed by Gabriel Ter-Mikelov, an architect of Armenian descent, and was constructed in 1910–1912.",en
Q12848542,Chin Mosque,40.366,49.832505,Point(49.832505 40.366),16,mosque,mosque,1375-01-01T00:00:00Z,,,"Islamic architecture, Shirvan-Absheron architectural school",,,,,,cultural heritage monument in Azerbaijan,Interior of China mosque.JPG,"A mosque and historical architectural monument located in Baku, Azerbaijan.",Chin Mosque,https://en.wikipedia.org/wiki/Chin_Mosque,Çin məscidi,Мечеть Чин,True,,poi,"The Chin Mosque (Azerbaijani: Çin məscidi; Persian: مسجد جن; Arabic: مسجد تشين), also known as the Gazi Fezlullah bin Osman Mosque, is a historical former Iranian mosque, located on Kichik Gala street, near the Palace of the Shirvanshahs, in the Old City of Baku, in Azerbaijan. Completed in the 14th century, the building is registered as a national architectural monument by the decision of the Cabinet of Ministers of the Republic of Azerbaijan dated August 2, 2001, No. 132.
No longer operating as a mosque, the building was repurposed in 2012 as a numismatic museum, part of the National Museum of History of Azerbaijan.",en
Q12838048,Beyler Mosque,40.366126,49.834469,Point(49.834469 40.366126),16,mosque,mosque,1895-01-01T00:00:00Z,,,Shirvan-Absheron architectural school,,,,,,cultural heritage monument in Azerbaijan,Bəylər məscidi (aprel 2016)-1.jpg,"A mosque and historical architectural monument located in Baku, Azerbaijan.",Beyler Mosque,https://en.wikipedia.org/wiki/Beyler_Mosque,Bəylər məscidi,Бегляр-мечеть,True,,poi,"The Beyler Mosque is a former Shia Islam mosque and historic architectural monument which is located in the Old City of Baku, opposite the “Murad” Gate of the Shirvanshah Palace Complex, in Azerbaijan. 
According to the order of the Cabinet of Ministers of Azerbaijan on historical and cultural monuments, the Beyler Mosque has been included to the list of historical and cultural monument of national importance. 
Restored and repurposed, the former mosque has housed the Museum of Sacred Relics since 2016.",en
Q6538185,Lezgi Mosque,40.365577083,49.836174723,Point(49.836174723 40.365577083),16,mosque,mosque,1169-01-01T00:00:00Z,,,Shirvan-Absheron architectural school,,,,,,cultural heritage monument in Azerbaijan,Aşur məscidi.JPG,"A mosque and historical architectural monument located in Baku, Azerbaijan.",Ashur Mosque,https://en.wikipedia.org/wiki/Ashur_Mosque,Aşur məscidi,Мечеть Ашура,True,,poi,"Aşur məscidi və ya Ləzgi məscidi — İçəri Şəhərdə yerləşən və ölkə əhəmiyyətli abidə olan məscid.
İçərişəhərin tarixi mərkəzində Qız qalası ilə Sınıqqala məscidi arasında yerləşən qədim məscid. Məscid XIX əsrin sonu XX əsrin əvvəllərindən etibarən əsasən Dağıstandan köçmüş, xalq arasında ləzgi adlanan camaatın daha çox toplanması ilə əlaqədar olaraq Ləzgi məscidi kimi də tanınmışdır.",az
Q16415387,Ajdarbey Mosque,40.385913,49.837801,Point(49.837801 40.385913),16,mosque,mosque,1913-12-03T00:00:00Z,,,Shirvan-Absheron architectural school,Zivar bay Ahmadbayov,,,,,cultural heritage monument in Azerbaijan,Ajdarbey Mosque Baku.jpg,mosque in Baku,Ajdarbey Mosque,https://en.wikipedia.org/wiki/Ajdarbey_Mosque,Əjdərbəy məscidi,Аждарбек (мечеть),True,,poi,"Мечеть «Аждарбек» (азерб. Əjdərbəy məscidi; также известна как Голубая мечеть)   — историческая мечеть в Баку, Азербайджан. Расположена на улице Самеда Вургуна (ранее — Красноводская улица), к северу от центра города.
Строительство велось со 2 марта 1912 по 3 декабря 1913 года по проекту архитектора Зивер-бека Ахмедбекова. Финансирование строительства осуществлялось Аждар-беком Ашурбековым. Квартал Ганлы-Тепе, где была построена мечеть, в то время был застроен одноэтажными частными домами.
Архитектура проста. В мечети находится куполообразная молитвенная комната и минарет. Айван находится с востока от молитвенной комнаты, михраб — с юга и запада. Купол ставится на высокий барабан, чтобы увеличить громкость. Существует обширная и тонкая резьба по камню, покрывающая стены. Её сделал Салман Атаев, который также работал над другими зданиями в Баку, построенными в 1910-х годах.",ru
Q4189918,Ismailiyya building,40.368574,49.833684,Point(49.833684 40.368574),16,building,building,1913-01-01T00:00:00Z,,,"Gothic architecture, Gothic art",Józef Plośko,,,,,cultural heritage monument in Azerbaijan,"Ismailiyye palace main façade, Baku, 2015.jpg","Presidium of the Academy of Sciences of Azerbaijan, situated in the capital of Baku",Ismailiyya Palace,https://en.wikipedia.org/wiki/Ismailiyya_Palace,İsmailiyyə Sarayı,Здание Исмаилия,True,,poi,"The Ismailiyya Palace (Azerbaijani: İsmailiyyə Sarayı, Polish: Pałac Ismailia) is a historical building that currently serves as the Presidium of the Academy of Sciences of Azerbaijan. It is on Istiglaliyyat Street in Baku. The palace was constructed for a Charity Society by Polish architect Józef Płoszko, at the expense of the millionaire Musa Naghiyev in commemoration of his deceased son Ismayil, and was named Ismailiyya after him.
Construction began in 1908 and ended in 1913.",en
Q4874537,Bayil Stadium,40.332217,49.817664,Point(49.817664 40.332217),16,building,stadium,2012-01-01T00:00:00Z,2012-01-01T00:00:00Z,,,,,,,,,"Bayıl Arena, May 2022.jpg","stadium in Bayil, Baku, Azerbaijan",Bayil Arena,https://en.wikipedia.org/wiki/Bayil_Arena,Bayıl Arena,Баил Арена,False,,poi,"Bayıl Arena, Bayıl stadionu və ya sponsorluq adı ilə ASCO Arena — Azərbaycanın Bakı şəhərində stadion; tutumu 3,200 tamaşaçıdır. Vaxtilə Rəvan Bakı və ""Sumqayıt"" qonaq komandaları burada qəbul edirdi. 2019-cu ilin aprel ayında adı dəyişdirilərək ASCO Arena adlandırılıb.
ASCO Arena AFFA tərəfindən inşa edilmişdir. Açılışı 2012-ci ilin sentyabrında olmuşdur Burada FİFA U-17 Qadınlararası Dünya Çempionatı 2012-nin bir neçə oyunu, müxtəlif yaş qruplarına aid Azərbaycan yığma komandalarının beynəlxalq yoldaşlıq görüşləri təşkil olunub. Hazırda Topaz Premyer Liqasında çıxış edən Səbail klubu ev oyunları zamanı bu stadionda keçirir.",az
Q3025421,Elmlər Akademiyası,40.375,49.81527778,Point(49.81527778 40.375),16,building,"metro station, underground station",1985-01-01T00:00:00Z,1985-12-31T00:00:00Z,,,Mikayil Useynov,,,,,,Hayırdır İnşallah - panoramio.jpg,"metro station in Baku, Azerbaijan",Elmler Akademiyasi (Baku Metro),https://en.wikipedia.org/wiki/Elmler_Akademiyasi_(Baku_Metro),Elmlər Akademiyası metrostansiyası,Элмляр Академиясы (станция метро),True,,transit,"«Элмляр Академиясы» (азерб. Elmlər Akademiyası — «Академия наук», от Национальной академии наук Азербайджана, находящейся около станции) — станция  второй (Зелёной) линии Бакинского метрополитена, расположенная между станциями «Низами Гянджеви» и «Иншаатчылар». Во время проходки тоннеля на участке между станциями «Элмляр Академиясы» — «Иншаатчылар» произошел неожиданный и невероятной мощности прорыв воды, это было единственной и самой крупной аварией, случившейся во время строительства Бакинского метро. В дальнейшем работы на аварийном участке проводились методом замораживания жидким азотом.",ru
Q3024552,Ahmedli,40.385648,49.953918,Point(49.953918 40.385648),16,building,"metro station, underground station",,1989-04-28T00:00:00Z,,,,,,,,,Ahmadli.png,"metro station in Baku, Azerbaijan",Ahmedli (Baku Metro),https://en.wikipedia.org/wiki/Ahmedli_(Baku_Metro),Əhmədli metrostansiyası,Ахмедли (станция метро),False,,transit,"Ahmedli (Azerbaijani: Əhmədli) is a Baku Metro station. It was opened on 28 April 1989.
The length of the station is 3.1 km. For 23 years until 2002, until the Azi Aslanov station was opened, it was the terminus of the red line of the metro.
The construction was supervised by the architects L. Kochubey and L. Avramenko.",en
Q2008806,Neftchilar,40.4112,49.9429,Point(49.9429 40.4112),16,building,"metro station, underground station",1972-01-01T00:00:00Z,1970-11-06T00:00:00Z,,,Enver Ismailov,,,,,,Körpü. metro Neftçilər.jpg,"metro station in Baku, Azerbaijan",Neftchilar (Baku Metro),https://en.wikipedia.org/wiki/Neftchilar_(Baku_Metro),Neftçilər metrostansiyası,Нефтчиляр,False,,transit,"Neftchilar (Azerbaijani: Neftçilər) is a subway station in Baku Metro. It was opened on 6 November 1972. The station was opened on November 6, 1972, in one line with the neighboring stations ""Koroğlu"" - ""Kara Karayev"". It is located in the settlement ""8th kilometer"". The walls of the station are decorated with multi-colored mosaic panels depicting the work of oil workers. The author of these mosaic panels was Arif Agamalov. In the middle of the hall there is a double row of silver, corrugated columns. On the ceiling, cut into cells, there are fluorescent lamps that give a soft, even light. The floor of the station is covered with multi-colored patterned granite and matches well with the wall panels and the elegance of the columns.
Until 1989, when the line was extended to the station ""Akhmedli"", the station was the final one. Behind the station there is a two-track turnaround dead end.
When approaching the station, a fragment from the song “Song of Friendship” (from Azerbaijani: “Dostluq mahnısı”) by composer Tofik Kuliyev is played in the carriages.",en
Q1109176,Ulduz,40.414722222,49.892222222,Point(49.892222222 40.414722222),16,building,"metro station, underground station",,1970-05-05T00:00:00Z,,,Anver Gasimzade,,,,,,Ulduz metrostansiyası.jpg,"metro station in Baku, Azerbaijan",Ulduz (Baku Metro),https://en.wikipedia.org/wiki/Ulduz_(Baku_Metro),Ulduz metrostansiyası,Улдуз (станция метро),True,,transit,"Ulduz is a subway station of Baku Metro that was opened on 17 April 1970. The length of the Red line of the Baku metro increased by 1.5 km with the commissioning of the ""Ulduz"" station.
On October 28, 1995, a fire broke out on a train moving from Baku metro station ""Ulduz"" to ""Narimanov"" station. This event is considered the biggest Baku subway accident in history.
The Ulduz Station near to the business district in the Keshla just in the North of Baku.",en
Q2559058,Baku Museum of Miniature Books,40.366388888,49.8325,Point(49.8325 40.366388888),16,museum,miniatures museum,2002-01-01T00:00:00Z,2002-04-02T00:00:00Z,,,,,,,,,Outside the museum of miniature books.jpg,"book Museum in Baku, Azerbaijan",Baku Museum of Miniature Books,https://en.wikipedia.org/wiki/Baku_Museum_of_Miniature_Books,Miniatür Kitab Muzeyi,Музей миниатюрной книги (Баку),True,,poi,"Бакинский музей миниатюрной книги — частный музей миниатюрных книжных изданий. Расположен в центре Баку, в районе Ичери-шехер на Замковой улице. С 2014 по 2016 годы музей был внесён в Книгу рекордов Гиннесса как самое большое собрание миниатюрных книг в мире. Музей работает ежедневно с 11:00 до 17:00, кроме понедельника и четверга. Вход бесплатный.",ru
Q12849537,Sheikh Ibrahim Mosque,40.364678,49.834544,Point(49.834544 40.364678),15,mosque,mosque,1415-01-01T00:00:00Z,,,Shirvan-Absheron architectural school,,,,,,cultural heritage monument in Azerbaijan,Şeyx İbrahim məscidi.JPG,"A mosque and historical architectural monument located in Baku, Azerbaijan.",Sheikh Ibrahim Mosque,https://en.wikipedia.org/wiki/Sheikh_Ibrahim_Mosque,Şeyx İbrahim məscidi,Мечеть Шейха Ибрагима,True,,poi,"The Sheikh Ibrahim Mosque (Azerbaijani: Şeyx İbrahim Məscidi, Persian: مسجد شیخ ابراهیم) is a historical mosque, located on Asaf Zeynalli Street, in the Old City of Baku, in Azerbaijan.
Completed in the 15th century by the Iranian Shirvanshahs, the mosque was designated as an important immovable historical and cultural monument in Azerbaijan by the decision of the Cabinet of Ministers of the Republic of Azerbaijan on August 2, 2001, with the number 132.
During the Soviet occupation, worship in the mosque was halted. Currently, the building of the mosque houses a madrasa, where educational activities are conducted, located near the Jumu'ah Mosque.",en
Q20573552,Baba Kuhi Bakuvi mosque,40.366099,49.83701,Point(49.83701 40.366099),15,mosque,mosque,0900-01-01T00:00:00Z,,,"Islamic architecture, Shirvan-Absheron architectural school",,,,,,cultural heritage monument in Azerbaijan,Archeological site near Maiden Towers of Baku6.jpg,"mosque in Baku, Azerbaijan",Baba Kuhi Bakuvi Mosque,https://en.wikipedia.org/wiki/Baba_Kuhi_Bakuvi_Mosque,Baba Kuhi Bakuvi məscidi,Мечеть Баба Кухи Бакуви,True,,poi,"The Baba Kuhi Bakuvi Mosque (Azerbaijani: Baba Kuhi Bakuvi məscidi) is an ancient former mosque, now in ruins, located in the Old City of Baku, the capital of Azerbaijan. Dating from the 9th–10th centuries, it is one of the oldest mosques in Baku, and is located in the historical part of Icherisheher, north of Maiden Tower. Presumably it is belonged to the Persian scholar and theologian Baba Kuhi Bakuvi.",en
Q1609839,Church of the Immaculate Conception,40.4167,49.8833,Point(49.8833 40.4167),15,cathedral,"church building, pro-cathedral",2007-04-29T00:00:00Z,,,"Gothic Revival, postmodern architecture",Józef Plośko,,,,,,Church in Baku.jpg,"Roman Catholic church in Baku, Azerbaijan","Church of the Immaculate Conception, Baku","https://en.wikipedia.org/wiki/Church_of_the_Immaculate_Conception,_Baku",Müqəddəs Bakirə Məryəmin Məsum Hamiləliyi kilsəsi (Bakı),Церковь Непорочного зачатия (Баку),True,,poi,"The Church of the Virgin Mary's Immaculate Conception (Azerbaijani: Müqəddəs Bakirə Məryəm kilsəsi; Russian: Церковь Непорочного Зачатия Пресвятой Девы Марии)  is a Roman Catholic church in Baku, Azerbaijan. The original church, also named Church of the Immaculate Conception operated from 1915 to 1931, when it was ordered destroyed by the Soviet government.
In 2006, a new Catholic Church bearing the same name was rebuilt in a different part of Baku. On 29 April 2007, the new church was consecrated by Apostolic Nuncio in Transcaucasia, Monsignor Claudio Gugerotti. The parish is administered by the Salesians of Don Bosco.",en
Q3025522,Azadlig Avenue,40.42596,49.84293,Point(49.84293 40.42596),15,building,"metro station, underground station",2009-01-01T00:00:00Z,2009-12-30T00:00:00Z,,,Elbay Gasimzade,,,,,,Azadlıq prospekti metrostansiyası 2015.12.26.jpg,"metro station in Baku, Azerbaijan",Azadliq prospekti (Baku Metro),https://en.wikipedia.org/wiki/Azadliq_prospekti_(Baku_Metro),Azadlıq Prospekti metrostansiyası,Азадлыг проспекти (станция метро),True,,transit,"«Азадлыг проспекти» (азерб. Azadlıq prospekti — «Проспект Свободы») — станция второй (Зелёной) линии Бакинского метрополитена, расположенная между станцией «Насими» и  «Дарнагюль» и названная по проспекту Азадлыг.",ru
Q3025436,İnşaatçılar,40.388888888,49.8025,Point(49.8025 40.388888888),15,building,"metro station, underground station",1985-01-01T00:00:00Z,1985-12-31T00:00:00Z,,,,,,,,,İnşaatçılar metrostansiyasının içi.JPG,"metro station in Baku, Azerbaijan",Inshaatchilar (Baku Metro),https://en.wikipedia.org/wiki/Inshaatchilar_(Baku_Metro),İnşaatçılar metrostansiyası,Иншаатчылар (станция метро),True,,transit,"«Иншаатчылар» (азерб. İnşaatçılar — «Строители») — станция  второй (Зелёной) линии Бакинского метрополитена, расположенная между станциями «Элмляр Академиясы» и «20 января». Во время проходки тоннеля на участке между станциями «Элмляр Академиясы» — «Иншаатчылар» произошёл неожиданный и невероятной мощности прорыв воды, это было единственной и самой крупной аварией, случившейся во время строительства Бакинского метро. В дальнейшем работы на аварийном участке проводились методом замораживания жидким азотом. В связи с этим событием станция получила название в честь доблестного героического труда строителей метрополитена.",ru
Q3025411,Nizami Gəncəvi,40.379444444,49.829722222,Point(49.829722222 40.379444444),15,building,"metro station, underground station",1976-01-01T00:00:00Z,1976-12-31T00:00:00Z,,,,,,,Nizami Ganjavi,cultural heritage monument in Azerbaijan,"Bakı, Nizami metrostansiyası.jpg","metro station in Baku, Azerbaijan",Nizami Gəncəvi (Baku Metro),https://en.wikipedia.org/wiki/Nizami_G%C9%99nc%C9%99vi_(Baku_Metro),Nizami metrostansiyası,Низами Гянджеви (станция метро),True,,transit,"Nizami metrostansiyası — Bakı metrosunun yaşıl xəttinin stansiyasıdır. Buradan qatarlar Elmlər Akademiyası stansiyası və 28 May stansiyası istiqamətində hərəkət edir. Stansiyaya daxil olan qatarlarda Üzeyir Hacıbəyovun ""Sənsiz"" romansı səslənir.
Metro stansiyası daxilindəki mozaikaların yaradılması və işlənməsi rəssam Mikayıl Abdullayevə məxsusdur.",az
Q3024692,Qara Qarayev,40.4177,49.9342,Point(49.9342 40.4177),15,building,"metro station, underground station",1972-11-06T00:00:00Z,1972-11-06T00:00:00Z,,,"Alesker Huseynov, Hanifa Alasgarov",,,,,,,"metro station in Baku, Azerbaijan",Gara Garayev (Baku Metro),https://en.wikipedia.org/wiki/Gara_Garayev_(Baku_Metro),Qara Qarayev metrostansiyası,Кара Караев (станция метро),False,,transit,«Кара Караев» (азерб. Qara Qarayev) — станция первой (Красной) линии Бакинского метрополитена и станция второй (Зелёной) линии Бакинского метрополитена. Расположена между станциями «Кёроглу» (ранее Мешади Азизбеков) и «Нефтчиляр».,ru
Q3024561,Halglar Dostlugu (Baku Metro),40.39693,49.952922,Point(49.952922 40.39693),15,building,"metro station, underground station",,1989-04-28T00:00:00Z,,,Rasim Aliyev,,,,,,Xalqlar dostluğu metrostansiyası.JPG,"metro station in Baku, Azerbaijan",Halglar Dostlugu (Baku Metro),https://en.wikipedia.org/wiki/Halglar_Dostlugu_(Baku_Metro),Xalqlar Dostluğu metrostansiyası,"Халглар Достлугу (станция метро, Баку)",False,,transit,«Халглар Достлугу» (азерб. Xalqlar Dostluğu — «Дружба Народов») — станция первой (Красной) линии Бакинского метрополитена и станция второй (Зелёной) линии Бакинского метрополитена. Расположена между станциями «Нефтчиляр» и «Ахмедли».,ru
Q2500152,Nizami Museum of Azerbaijani Literature,40.3699226,49.8363876,Point(49.8363876 40.3699226),15,museum,museum,1939-01-01T00:00:00Z,1945-05-14T00:00:00Z,,,,,,,,cultural heritage monument in Azerbaijan,Nizami Gəncəvi adına Azərbaycan Ədəbiyyat Muzeyi 2015.jpg,museum in Baku,Nizami Museum of Azerbaijani Literature,https://en.wikipedia.org/wiki/Nizami_Museum_of_Azerbaijani_Literature,Nizami Gəncəvi adına Milli Azərbaycan Ədəbiyyatı Muzeyi,Музей азербайджанской литературы имени Низами Гянджеви,True,,poi,"Nizami Gəncəvi adına Milli Azərbaycan Ədəbiyyatı muzeyi — Bakıda yerləşən elmi tədqiqat müəssisəsi. 1945-ci ildə təşkil olunmuşdur. ""Nizami Gəncəvi adına Milli Azərbaycan Ədəbiyyatı muzeyi"" Azərbaycan şairi Nizami Gəncəvinin adını daşıyır. Muzey 1959 və 1967-ci illərdə xeyli genişləndirilmiş və yenidən qurulmuşdur. Azərbaycan ədəbiyyatına və mədəniyyətinə aid materialların toplanması, tədqiqi, elmi fondlarda qorunması, ekspozisiyada və sərgilərdə nümayiş etdirilməsi ilə məşğul olur.",az
Q12847654,Khidir Mosque,40.365,49.833888888,Point(49.833888888 40.365),14,mosque,mosque,1301-01-01T00:00:00Z,,,"Islamic architecture, Shirvan-Absheron architectural school",,,,,,cultural heritage monument in Azerbaijan,Xıdır məscidi (iyul 2016).jpg,"A mosque and historical architectural monument located in Baku, Azerbaijan.",Khidir Mosque,https://en.wikipedia.org/wiki/Khidir_Mosque,Xıdır məscidi,Хыдыр-мечеть,True,,poi,"The Khidir Mosque (Azerbaijani: Xıdır Məscidi, Persian: مسجد خدیر) is a former mosque, located on Muslim Magomayev street, in the Old City of Baku, in Azerbaijan. Completed in the 14th century by the Iranian Shirvanshahs, the building was registered as a national architectural monument by the decision of the Cabinet of Ministers of the Republic of Azerbaijan dated August 2, 2001, No. 132.",en
Q12842223,Molla Ahmad Mosque,40.367591666,49.835588888,Point(49.835588888 40.367591666),14,mosque,mosque,1300-01-01T00:00:00Z,,,"Islamic architecture, Shirvan-Absheron architectural school",Mahmud ibn Sa'd,,,,,part of UNESCO World Heritage Site,Molla Ahmed Mosque (Ichery Sheher).JPG,"A mosque and historical architectural monument located in Baku, Azerbaijan.",Molla Ahmad Mosque,https://en.wikipedia.org/wiki/Molla_Ahmad_Mosque,Molla Əhməd məscidi,Молла Ахмед-мечеть,True,,poi,"The Molla Ahmad Mosque (Azerbaijani: Molla Əhməd Məscidi, Persian: مسجد ملا احمد), also known as the Nasir ad-Din Gashtasib Mosque (Azerbaijani: Nəsir ad-Din Gəştasib Məscidi, Persian: مسجد نصیرالدین گشتاسب), is a former mosque, located on Sabir street, in the Icherisheher of Baku, the capital of Azerbaijan. Completed in 1300 CE, the former mosque was registered as a national architectural monument by the decision of the Cabinet of Ministers of the Republic of Azerbaijan dated August 2, 2001, No. 132.",en
Q12841258,Keygubad Mosque,40.366166944,49.833468888,Point(49.833468888 40.366166944),14,mosque,mosque,,,,"Islamic architecture, Shirvan-Absheron architectural school",,Kayqubad I of Shirvan,,,,,"Palacio de los Shirvanshah, Baku, Azerbaiyán, 2016-09-28, DD 24.jpg",historical mosque of the 14th century in Azerbaijan,Keygubad Mosque,https://en.wikipedia.org/wiki/Keygubad_Mosque,Keyqubad məscidi,Мечеть Кей-Кубада,True,,poi,"Keyqubad məscidi — Şirvanşahlar saray kompleksinin yuxarı həyətində, Şirvanşahların saray binasının arxasında, Seyid Yəhya Bakuvi türbəsinin qarşısında yerləşən məscid. Məscid sifarişçisi olan Şirvanşah I Keyqubadın (1317–1348) adı ilə adlandırılmışdır.
Binanın dəqiq tikilmə tarixi və funksiyası mübahisə mövzusudur. Şamil Fətullayev-Fiqarov qeyd edir ki, Keyqubad məscidi daha qədim binanın bünövrələri üzərində qurulmuşdur. Məscid 1918-ci il hadisələri zamanı ermənilər tərəfindən yandırılaraq məhv edilmişdir.
Məscid düzbucaqlı ibadət zalından və onun önündəki kiçik dəhlizdən ibarətdir. Zalın mərkəzində gümbəzi saxlayan dörd sütun olmuşdur. Məscidin düzbucaqlı planına vestibüllə birlikdə portal birləşirdi. Məqbərəyə girişlə yanaşı ibadətgah zalının cənub divarında mehrab yerləşirdi.",az
Q12840111,Hajji Bani mosque,40.366944444,49.833611111,Point(49.833611111 40.366944444),14,mosque,mosque,1600-01-01T00:00:00Z,,,Shirvan-Absheron architectural school,,,,,,cultural heritage monument in Azerbaijan,Hacı Bani məscidi 2016.jpg,"A mosque and historical architectural monument located in Baku, Azerbaijan.",Haji Bani Mosque,https://en.wikipedia.org/wiki/Haji_Bani_Mosque,Hacı Bani məscidi,Мечеть Гаджи Бани,True,,poi,"Hacı Bani məscidi — XVI əsrə aid İçərişəhərdə yerləşən tarix-memarlıq abidəsi.
Məscid, Azərbaycan Respublikası Nazirlər Kabinetinin 2 avqust 2001-ci ildə verdiyi 132 nömrəli qərar ilə ölkə əhəmiyyətli daşınmaz tarix və mədəniyyət abidələrinin siyahısına salınıb.
Sovet işğalından sonra məsciddə ibadət dayandırılıb. Hazırda yaşayış evi kimi istifadə olunur.",az
Q21012753,Hajji Heybat mosque,40.367222222,49.833333333,Point(49.833333333 40.367222222),14,mosque,mosque,1791-01-01T00:00:00Z,,,"Islamic architecture, Shirvan-Absheron architectural school",,,,,,cultural heritage monument in Azerbaijan,Hacı Heybət məscidinin giriş qapısı.JPG,"mosque in Baku, Azerbaijan",Haji Heybat Mosque,https://en.wikipedia.org/wiki/Haji_Heybat_Mosque,Hacı Heybət məscidi (İçərişəhər),Мечеть Гаджи Эйбат,True,,poi,"The Haji Heybat mosque (Azerbaijani: Hacı Heybət məscidi) is a former mosque, located on Kichik Gala street, in the Old City of Baku, in Azerbaijan.
The mosque was built in 1206 AH (1791/1792 CE), designed by architect Hаji Hеybat Amir Ali оghlu.",en
Q2671033,Alley of Honor,40.361944444,49.820833333,Point(49.820833333 40.361944444),14,architectural structure,cemetery,1948-08-27T00:00:00Z,,,,,,,,,cultural heritage monument in Azerbaijan,Fexri Xiyaban guller.jpg,cemetery in Baku,Alley of Honor,https://en.wikipedia.org/wiki/Alley_of_Honor,Fəxri Xiyaban,Аллея почётного захоронения в Баку,True,,poi,"Аллея почётного захоронения (азерб. Fəxri xiyaban) — некрополь, расположенный в центральной нагорной части города Баку (Парламентский проспект). Представляет собой аллеи, на которых похоронены видные азербайджанские деятели культуры, науки, литературы, искусства, Герои Советского Союза, политики, революционеры, отличившиеся в различных областях экономики и сельского хозяйства и заслужившие почётные звания, а также представители династии Алиевых.",ru
Q4155891,Palace of Happiness,40.368554,49.831664,Point(49.831664 40.368554),14,building,building,1912-01-01T00:00:00Z,,,"French Gothic architecture, Gothic Revival",Józef Plośko,Murtuza Mukhtarov,,,,cultural heritage monument in Azerbaijan,Palace of Happiness.JPG,"building in Istiglaliyyat St. , Azerbaijan",Palace of Happiness,https://en.wikipedia.org/wiki/Palace_of_Happiness,Səadət Sarayı,Дворец Мухтарова,True,,poi,"Дворец Мухтарова (азерб. Muxtarovun evi) — здание на улице Муртузы Мухтарова города Баку, Азербайджан.
Дворец построен в 1911—1912 годах на средства нефтепромышленника, миллионера-мецената Муртузы Мухтарова по проекту Иосифа Плошко. Мухтарову во время совершения турне по Европе с супругой очень понравилась архитектура Венеции. После поездки Мухтаров решил построить в Баку дворец в венецианском стиле. Дворец задуман и выполнен архитектором Плошко И. К., также спроектировавшим здание «Исмаилийе», в духе французской готики. В первые годы советской власти во дворце помещался клуб освобожденной тюрчанки, затем Дворец бракосочетания. На сегодняшний день дворец является одним из самых примечательных архитектурных сооружений Баку.",ru
Q3232906,Azadliq Square,40.3725,49.85333333,Point(49.85333333 40.3725),14,square,square,,,,,,,,,,,Azadlıq meydanı - panoramio.jpg,"square in Baku, Azerbaijan","Azadliq Square, Baku","https://en.wikipedia.org/wiki/Azadliq_Square,_Baku",Azadlıq meydanı (Bakı),Площадь Свободы (Баку),True,,poi,"«Площадь Свобо́ды» (первоначально площадь им. И. В. Сталина, азерб. Сталин мејданы; затем площадь им. Ленина, азерб. Ленин мејданы), известная также как площадь «Азадлыг» (азерб. Azadlıq meydanı) — главная площадь Азербайджана, расположенная в столице страны, в городе Баку.
Площадь Свободы является центральной площадью столицы и основной городской площадкой для массовых мероприятий. Здесь расположены Дом правительства, гостиницы Апшерон и Hilton. Неоднократно площадь становилась местом проведения масштабных митингов и манифестов.",ru
Q4242006,Round Tower (Mardakan),40.495726943,50.147156797,Point(50.147156797 40.495726943),14,architectural structure,castle,1232-01-01T00:00:00Z,,,Shirvan-Absheron architectural school,Abdul Majid ibn Masud,,,,,cultural heritage monument in Azerbaijan,Mardakankrugbashnya2.JPG,historical and architectural monument in the Khazar district in Baku,Round Mardakan Fortress,https://en.wikipedia.org/wiki/Round_Mardakan_Fortress,Dairəvi Mərdəkan qalası,Круглая Мардакянская крепость,False,,poi,"The Round Mardakan Fortress or the Small Mardakan Castle (Azerbaijani: Dairəvi Mərdəkan qalası, or Kiçik Mərdəkan qəsri; Persian: قلعه گرد مردکان, or قلعه کوچک مردکان) is a historical and architectural monument located in the Mardakan settlement of the Khazar district in Baku. By the Decree of the Cabinet of Ministers of the Republic of Azerbaijan, it was included in the list of historical and cultural monuments of world importance. In 2001, together with other coastal defence facilities of the Caspian Sea, it was included in the UNESCO World Heritage Reserve List.
The inscription (kitabe) on the castle's donjon says that it was built in 1232 by the architect Iranian Abdulmajid ibn Masud at the order of the Iranian Shirvanshah Fariburz III.
During the construction of the castle, lime mortar and local limestone were used. The Round Mardakan castle on plan consists of a central tower surrounded by powerful walls of 7 meters high supported by blind towers on the sides. The diameter of the tower is 7.6 m, the thickness of the walls on the lower floor is 2 m. Inside, the tower is divided into three tiers covered with stone flat domes. In the thickness of the wall of the third floor there is a small sanitary niche with a drain brought out to the outside.",en
Q2634267,Heydar Aliyev Sports and Exhibition Complex,40.39166667,49.825,Point(49.825 40.39166667),14,architectural structure,sports venue,1977-01-01T00:00:00Z,1990-01-01T00:00:00Z,,Art Nouveau architecture,"Tahir Abdullayev, Talaat Khanlarov, Yuzef Qədimov",,,,Heydar Aliyev,,Heydar Aliyev Sports and Exhibition Complex 1.jpg,sports venue,Heydar Aliyev Sports and Concert Complex,https://en.wikipedia.org/wiki/Heydar_Aliyev_Sports_and_Concert_Complex,Heydər Əliyev adına İdman-Konsert Kompleksi,Спортивно-концертный комплекс имени Гейдара Алиева,True,,poi,"The Heydar Aliyev Sports and Exhibition Complex is the main exhibition space of Baku, Azerbaijan. Named after the former President Heydar Aliyev, it is located on Tbilisi Avenue between Hyatt Hotel and Grand Hotel Europe. Since its opening in 1990, it held about 40 international competitions in different kinds of sports.
The facility seats 8,000 people and being the largest sports facility in Azerbaijan, the complex offers all the necessary conditions for major international competitions.

",en
Q2671722,Azerbaijan State Theatre of Young Spectators,40.37399,49.84512,Point(49.84512 40.37399),14,building,theatre building,1928-01-01T00:00:00Z,,,,,,,,,,Azerbaijan State Theatre of Young Spectators 6.jpg,theater in Baku,Azerbaijan State Theatre of Young Spectators,https://en.wikipedia.org/wiki/Azerbaijan_State_Theatre_of_Young_Spectators,Azərbaycan Dövlət Milli Gənc Tamaşaçılar Teatrı,Азербайджанский театр юного зрителя имени М. Горького,True,,poi,"Azerbaijan State Theater of Young Spectators (Azerbaijani: Azərbaycan Dövlət Gənc Tamaşaçılar Teatrı) is a theatre located in the centre of Baku, Azerbaijan.",en
Q16642128,Baku Aquatics Centre,40.3349,49.835,Point(49.835 40.3349),14,architectural structure,swimming pool,,2015-04-20T00:00:00Z,,,,,,,,,"Baku Aquatic Palace, Azerbaijan, Caspian Sea shore, Boulevard.jpg","sports venue in Baku, Azerbaijan",Aquatic Palace,https://en.wikipedia.org/wiki/Aquatic_Palace,Bakı Su İdmanı Sarayı,Дворец водных видов спорта (Баку),False,,poi,"The Aquatic Palace is a sporting venue in Baku, Azerbaijan, which is fully compliant with the requirements of the International Swimming Federation (FINA). The Palace hosted the Baku 2015 European Games and 2017 Islamic Solidarity Games.

The Aquatic Palace has three swimming pools, including an Olympic-size pool designed for holding different types of competitions at local and international levels. The length of the pool for diving is 25 meters in height and 20 meters in width and has a five-stage platform for high board diving from a height of 3, 5, 7, 5 and 10 meters. 6,000-10,000 spectators can watch sports competitions, concerts at the palace.
The palace also has sectors for VIP, media and disabled people. In one part of the roof of the building used special panoramic glass panels which can convert solar energy into electricity. The generated electricity will be used for energy supply to some sections of the Palace.",en
Q12842275,Multani Caravanserai,40.3667809,49.8372999,Point(49.8372999 40.3667809),14,building,caravanserai,,,,,,,,,,cultural heritage monument in Azerbaijan,Multani Caravanserai and Bukhara Caravanserai.JPG,"A caravanserai and historical architectural monument located in Baku, Azerbaijan.",Multani Caravanserai,https://en.wikipedia.org/wiki/Multani_Caravanserai,Multanı karvansarası,Караван-сарай Мултани,True,85.0,poi,"The Multani Caravanserai is a caravanserai located in Baku, Azerbaijan. It was established in the 14th century and is located in the Icherisheher old town, opposite the Bukhara Caravanserai.
The caravanserai was built to house merchants from the medieval city of Multan (now in Punjab, Pakistan) who frequented the region for trade, and used this caravanserai as a stop. They included Zoroastrians, who are also believed to have erected the Ateshgah Temple in Surakhani.
The caravanserai has a square shape and the construction of the building is in an ancient style. There are many balconies around the courtyard. Now the Multani Caravanserai houses a restaurant of Azerbaijani cuisine. In 2020, restoration works were commenced on the site with a completion time of 2022.
The caravanserai has been linked to the historical relationship between Azerbaijan and Pakistan.",en
Q3025580,Cəfər Cabbarlı,40.37944444,49.84888889,Point(49.84888889 40.37944444),14,building,"metro station, underground station",1993-01-01T00:00:00Z,1993-10-27T00:00:00Z,,,,,,,,,Azerbaijani flag in Baku during the conflict in Karabakh 29.jpg,"metro station in Baku, Azerbaijan",Jafar Jabbarly (Baku Metro),https://en.wikipedia.org/wiki/Jafar_Jabbarly_(Baku_Metro),Cəfər Cabbarlı metrostansiyası,Джафар Джаббарлы (станция метро),True,,transit,"«Джафар Джаббарлы» (азерб. Cəfər Cabbarlı) — станция второй (Зелёной) линии Бакинского метрополитена, расположенная на автономном участке от станции «Шах Исмаил Хатаи» и до самой «Джафар Джаббарлы», состоящем из двух этих станций. Станция названа в честь азербайджанского писателя Джафара Джаббарлы. Со станции «Джафар Джаббарлы» осуществляется пересадка на станцию «28 мая».",ru
Q3025513,Nəsimi,40.424675,49.824297222,Point(49.824297222 40.424675),14,building,"metro station, underground station",2008-01-01T00:00:00Z,2008-10-09T00:00:00Z,,,,,,,,,Nəsimi 2017.10.29.jpg,"metro station in Baku, Azerbaijan",Nasimi (Baku Metro),https://en.wikipedia.org/wiki/Nasimi_(Baku_Metro),Nəsimi metrostansiyası,Насими (станция метро),True,,transit,"Baku Metro (Azerbaijani: Bakı metropoliteni) is a rapid transit system serving Baku, the capital of Azerbaijan. First opened on 6 November 1967 when Azerbaijan was part of the Soviet Union, its features are typical of former Soviet systems, including very deep central stations and exquisite decorations that blend traditional Azerbaijani national motifs with Soviet ideology. At present, the system has 40.7 kilometres (25.3 mi) of bidirectional tracks, made up of three lines served by 27 stations. The Baku Metro is the only rapid transit system in Azerbaijan. Baku Metro was the fifth metro in the Soviet Union and the thirty-fourth in the world. In 2015, it carried 222.0 million, passengers, an average daily ridership of approximately 608,200. In 2024, it carried 229.6 million, an average daily ridership of 627,279.
Baku Metro Closed Joint-Stock Company (Baku Metro CJSC) or (LLC Limited Liability Company), the company which runs the Baku Metro, was founded according Decree No. 289 Of the President of the Republic of Azerbaijan on February 27, 2014, as a legal successor to Baku Metro and Azertunelmetrotikinti Joint Stock Company. Property along with rights and obligations of Baku Metro and Azertunelmetrotikinti Joint Stock Company were transferred to the newly established Baku Metro CJSC.",en
Q3025490,Memar Ajami,40.41058,49.81411,Point(49.81411 40.41058),14,building,"metro station, underground station",1985-01-01T00:00:00Z,1985-12-31T00:00:00Z,,,Talaat Khanlarov,,,,Ajami Nakhchivani,,Memar Ajami station 2.jpg,"metro station in Baku, Azerbaijan",Memar Ajami (Baku Metro),https://en.wikipedia.org/wiki/Memar_Ajami_(Baku_Metro),Memar Əcəmi metrostansiyası,Мемар Аджеми (станция метро),True,,transit,"«Мемар Аджеми» (азерб. Memar Əcəmi — «Зодчий Аджеми») — станция второй (Зелёной) линии Бакинского метрополитена, расположенная между станциями «20 января» и «Насими» и названная в честь средневекого архитектора Азербайджана Аджеми Нахчивани.",ru
Q3025472,20 Yanvar,40.404077777,49.807569444,Point(49.807569444 40.404077777),14,building,"metro station, underground station",1985-01-01T00:00:00Z,1985-12-31T00:00:00Z,,,,,,,,,20 yanvar metrostansiyası 2016.03.15.jpg,"metro station in Baku, Azerbaijan",20 Yanvar (Baku Metro),https://en.wikipedia.org/wiki/20_Yanvar_(Baku_Metro),20 Yanvar metrostansiyası,20 Января (станция метро),True,,transit,"20 yanvar metrostansiyası — Bakı metrosunun ikinci (Yaşıl) xəttində olan stansiyası. ""İnşaatçılar"" və ""Memar Əcəmi"" stansiyaları arasında yerləşir. 1990-cı il yanvarın 19-dan 20-nə keçən gecə Azərbaycanda baş vermiş qanlı hadisənin şərəfinə adlandırılıb. Əvvəllər stansiya ""11-ci Qızıl Ordu Meydanı"" adlanırdı. Stansiyaya daxil olan qatarlarda Bayatı-Şirazdan fraqment səslənir.
Stansiya 1985-ci il dekabrın 31-də  ""Elmlər Akademiyası"" — ""Memar Əcəmi"" 9 kilometrlik buraxıcı hissəsinin tərkibində açılıb. Stansiyanın tərtibatı əsasən 20 Yanvar hadisələrinə həsr olunub.
Yeraltı keçidlər şəhərin Tbilisi prospektinə çıxır.",az
Q3024716,Koroğlu,40.420916666,49.918222222,Point(49.918222222 40.420916666),14,building,"metro station, underground station",1972-01-01T00:00:00Z,1972-11-06T00:00:00Z,,,Hasan Majidov,,,,,,Koroğlu metrostansiyası.JPG,"metro station in Baku, Azerbaijan",Koroğlu (Baku Metro),https://en.wikipedia.org/wiki/Koro%C4%9Flu_(Baku_Metro),Koroğlu metrostansiyası,Кёроглу (станция метро),False,,transit,"Koroğlu metrostansiyası (1967-2011-ci illərdə Məşədi Əzizbəyov metrostansiyası) — Bakı metrosunun Qırmızı xəttinin stansiyasıdır. Əsaslı təmirdən sonra 2011-ci ildə yenidən sərnişinlərin üzünə açılmışdır. Stansiyaya daxil olan qatarlarda Üzeyir Hacıbəyovun, ""Koroğlu"" operasından fraqment səslənir.",az
Q2947557,SOCAR Tower,40.405,49.882777777,Point(49.882777777 40.405),14,building,tower block,2016-01-01T00:00:00Z,,,high-tech architecture,,,,,,,,building in Azerbaijan,SOCAR Tower,https://en.wikipedia.org/wiki/SOCAR_Tower,SOCAR Tower,SOCAR Tower,True,,poi,"SOCAR Tower is a skyscraper in Baku, Azerbaijan. It is the 3rd tallest building in Baku and in Azerbaijan. The skyscraper serves as the headquarters of SOCAR (State Oil Company of the Azerbaijan Republic). It is one of Baku's major landmarks, along with the Flame Towers.
Construction began in 2010 and was completed in 2016. It was the tallest building in Baku until it was surpassed by the Port Baku Towers.",en
Q2511638,Holy Myrrhbearers Cathedral,40.389722222,49.820833333,Point(49.820833333 40.389722222),14,cathedral,Eastern Orthodox cathedral,1901-01-01T00:00:00Z,,,Russian Revival architecture,Fyodor Verzhbitsky,Ministry of War of the Russian Empire,,brick,,cultural heritage monument in Azerbaijan,Müqəddəs Mürdaşıyan Zənənlər Kafedralı.jpg,church in Azerbaijan,Holy Myrrhbearers Cathedral,https://en.wikipedia.org/wiki/Holy_Myrrhbearers_Cathedral,Müqəddəs Mürdaşıyan Zənənlər Kafedralı,Собор Святых Жён-Мироносиц (Баку),True,,poi,"Holy Myrrhbearers Cathedral (Russian: Кафедральный Собор Святых Жён-Мироносиц; Azerbaijani: Müqəddəs Mürdaşıyan Zənənlər Başkilsəsi) is a local historical monument and church, built in 1909 in Baku, Azerbaijan. It serves as the center of the Baku diocese.
The church was included in the list of immovable historical and cultural monuments of national importance by the decision No. 132 of the Cabinet of Ministers of the Republic of Azerbaijan on August 2, 2001.
Currently, four priests and three deacons serve in the church to meet the needs of Orthodox believers. The head priest of the church is Archpriest Dionisy Svechnikov.
The church is dedicated to the Holy Myrrhbearers, who are commemorated on the second Sunday after Pascha (Easter).",en
Q20570921,Imam Hussein Mosque,40.36940762,49.826308094,Point(49.826308094 40.36940762),13,mosque,mosque,1896-01-01T00:00:00Z,,,,Adolf Eichler,,,,,cultural heritage monument in Azerbaijan,Imam Hussein Mosque 3.jpg,"mosque in Baku, Azerbaijan",Imam Hussein Mosque (Baku),https://en.wikipedia.org/wiki/Imam_Hussein_Mosque_(Baku),İmam Hüseyn məscidi (Yasamal),Мечеть имама Хусейна (Баку),True,,poi,"The Imam Hussein Mosque (Azerbaijani: İmam Hüseyn məscidi), also known as the Ashumov Mosque,  is a mosque and historical architectural monument, located in the city of Baku, the capital of Azerbaijan. 
Completed in 1896, the former mosque was included in the list of local significant immovable historical and cultural monuments by the decision of the Cabinet of Azerbaijan on August 2, 2001, numbered 132.
Following its restoration, the mosque continued to operate as a place of worship.",en
Q16415094,Jinn Mosque,40.365833333,49.8325,Point(49.8325 40.365833333),13,mosque,mosque,1375-01-01T00:00:00Z,,,"Islamic architecture, Shirvan-Absheron architectural school",,,,,,cultural heritage monument in Azerbaijan,Cin məscidinin daxili (1).JPG,"A mosque and historical architectural monument located in Baku, Azerbaijan.",Jinn Mosque,https://en.wikipedia.org/wiki/Jinn_Mosque,Cin məscidi,Мечеть Джин,True,,poi,"The Jinn Mosque (Azerbaijani: Cin məscidi, Persian: مسجد جن) is a former mosque, located on Gala turn, in the Palace of the Shirvanshahs in the Old City of Baku, in Azerbaijan.
The 14th century former mosque built by the Iranian Shirvanshahs was registered as a national architectural monument by the decision of the Cabinet of Ministers of the Republic of Azerbaijan dated August 2, 2001, No. 132. The Jin Mosque forms part of the UNESCO World Heritage-listed Palace of the Shirvanshahs.",en
Q13668719,Mosque of the Martyrs,40.358333333,49.827777777,Point(49.827777777 40.358333333),13,mosque,mosque,1990-01-01T00:00:00Z,,,Ottoman architecture,,Baku,,,,,Martyrs' Mosque in Baku 01.jpg,mosque in Baku,Mosque of the Martyrs,https://en.wikipedia.org/wiki/Mosque_of_the_Martyrs,Şəhidlər məscidi,Мечеть Шахидов,True,,poi,"Şəhidlər Məscidi  türk məscidi olaraq da bilinir, Şəhidlər Xiyabanının yaxınlığında, Bakı şəhərində məsciddir. Məscid 1990-cı illərin əvvəllərində Türkiyə hökumətinin dəstəyi ilə tikilmişdir.
Türk məscidinin fasadında ərəb və türk dillərində Quranın ""əl-Bəqərə"" surəsinin 154-cü ayəsi yazılmışdır:
“Allah yolunda öldürülənlərə (şəhid olanlara) “ölü” deməyin. Əksinə, onlar (Allah dərgahında) diridirlər, lakin siz bunu dərk etmirsiniz.”",az
Q943140,Quadrangular castle,40.492097318,50.140756459,Point(50.140756459 40.492097318),13,architectural structure,castle,1225-01-01T00:00:00Z,,22,Shirvan-Absheron architectural school,,Akhsitan I ibn Minuchihr III,,,,cultural heritage monument in Azerbaijan,Dördkünc Mərdəkan qalası 2024 (3).jpg,castle in Azerbaijan,Quadrangular Mardakan Fortress,https://en.wikipedia.org/wiki/Quadrangular_Mardakan_Fortress,Dördkünc Mərdəkan qalası,Четырёхугольная Мардакянская крепость,False,,poi,"The Quadrangular Mardakan Fortress or the Great Mardakan Castle (Azerbaijani: Dördkünc Mərdəkan qalası or Azerbaijani: Böyük Mərdəkan qəsri; Persian: قلعه چهارضلعی مردکان or قلعه بزرگ مردکان) is a historical and architectural monument located in the Mardakan settlement of the Khazar district in Baku. It is included by the Ministry of Culture and Tourism of Azerbaijan (currently - the Ministry of Culture of Azerbaijan) in the list of monuments of world importance. In 2001, along with other objects of the coastal defence of the Caspian Sea, it was included in the UNESCO World Heritage Reserve List.
The fortress was built in the shape of a quadrangle in the 12th century by Akhsitan I, the son of Shirvanshah Minuchihr III.
The courtyard of the castle has the dimensions of 24x20 meters, and the height of the tower located in the courtyard is of 22 meters. The outer walls of the castle are reinforced with semi-circular blind towers located at the corners and along the wall. In general, the donjon of the Quadrangular Mardakan Castle has more developed architectural features compared to the Round Mardakan Castle.",en
Q19799928,Takiya (Ichery Sheher),40.366548,49.836396,Point(49.836396 40.366548),13,building,Sufi lodge,1201-01-01T00:00:00Z,,,"Islamic architecture, Shirvan-Absheron architectural school",,,,,,cultural heritage monument in Azerbaijan,İçərişəhərdə təkyə.JPG,"A historical architectural monument located in Baku, Azerbaijan.","Takya (Old City, Baku)","https://en.wikipedia.org/wiki/Takya_(Old_City,_Baku)",Təkiyə (İçərişəhər),Текие (Баку),True,,poi,"Takya (Azerbaijani: Təkiyə, Persian: تکیا) is a historical monument of the 13th century by the Iranian Shirvanshahs. It is a part of Old City and located on Gazi Muhammed street, in the city of Baku, in Azerbaijan. The building was also registered as a national architectural monument by the decision of the Cabinet of Ministers of the Republic of Azerbaijan dated August 2, 2001, No. 132.",en
Q18126330,Azersun Arena,40.4212,49.9968,Point(49.9968 40.4212),13,building,stadium,2015-01-01T00:00:00Z,2015-01-01T00:00:00Z,,,,,,,,,AzersunArena.jpg,football stadium in Yeni Suraxani,Azersun Arena,https://en.wikipedia.org/wiki/Azersun_Arena,Azərsun Arena,,False,,poi,"Azərsun Arena, Azersun Arena və ya Tofiq İsmayılov adına Suraxanı qəsəbə stadionu — Azərbaycanın Bakı şəhərində, Suraxanı rayonu Əmircan qəsəbəsində yerləşən futbol stadionu. Stadion əsasən ""Qarabağ""ın daxili oyunları üçün nəzərdə tutulmuşdur. Stadion beynəlxalq standartlara cavab verir. Stadion 2015-ci ildə yenidənqurma işləri nəticəsində yenidən tikilmiş və Azərsun arena adı ilə fəaliyyətini davam etdirmişdir.",az
Q12836192,Avtovaghzal,40.421388888,49.794722222,Point(49.794722222 40.421388888),13,building,"metro station, underground station",,2016-04-19T00:00:00Z,,,,,,,,,Avtovağzal stansiyası 1.jpg,"metro station in Baku, Azerbaijan",Avtovağzal (Baku Metro),https://en.wikipedia.org/wiki/Avtova%C4%9Fzal_(Baku_Metro),Avtovağzal metrostansiyası,Автовокзал (станция метро),True,,transit,«Автовокзал» (азерб. Avtovağzal) —  станция третьей (Фиолетовой) линии Бакинского метрополитена. Открытие состоялось 19 апреля 2016 года в составе первого участка третьей линии «Автовокзал» — «Мемар Аджеми-2». Станция находится у автовокзального комплекса на въезде в город Баку.,ru
Q16413570,8 November (Baku Metro),40.401111111,49.821666666,Point(49.821666666 40.401111111),13,building,"metro station, underground station",,2021-05-29T00:00:00Z,,,,,,,Victory Day,,"""8 november"" station.png","metro station in Baku, Azerbaijan",8 Noyabr (Baku Metro),https://en.wikipedia.org/wiki/8_Noyabr_(Baku_Metro),8 Noyabr metrostansiyası,8 Ноября (станция метро),True,,transit,"8 Noyabr — Bakı metrosunun 29 may 2021-ci ildə istifadəyə verilən stansiyası. Stansiyaya Azərbaycan Prezidenti İlham Əliyevin təşəbbüsü ilə Zəfər Günü münasibətilə ""8 Noyabr"" adı verilib.
Hal-hazırda istifadəyə verilən bu metrostansiya Nəsimi rayonu ərazisində, Ceyhun Səlimov (Papanin) küçəsində Hərbi Hospitalla üzbəüz yerləşir. ""8 Noyabr"" stansiyası 29.05.2021-ci ildə Azərbaycan Respublikasının Prezidenti cənab İlham Əliyevin iştirakı ilə istifadəyə verilmişdir.
Stansiyaya daxil olan qatarlarda Oqtay Zülfüqarovun bəstələdiyi ""Şənlən, mənim xalqım"" mahnısından fraqment səslənir.",az
Q2790637,Monument to Nizami Ganjavi in Baku,40.369586111,49.835197222,Point(49.835197222 40.369586111),13,monument,monumental sculpture,,,,,"Mikayil Useynov, Sadig Dadashov",,Fuad Abdurahmanov,bronze,,,Nizami Gəncəvinin Bakıdakı heykəli.JPG,"monument in Baku, Azerbaijan",Monument to Nizami Ganjavi in Baku,https://en.wikipedia.org/wiki/Monument_to_Nizami_Ganjavi_in_Baku,"Nizami Gəncəvinin heykəli (Bakı, 1949)",Памятник Низами Гянджеви (Баку),True,,poi,"The Monument to Nizami Ganjavi, a medieval Azerbaijani poet, is located in Baku in Nizami Square, at the intersection of Istiglaliyyat, Ahmad Javad, Azerbaijan and Islam Safarli streets.
The opening ceremony of the monument was held in April 1949. The sculptor of the monument was Fuad Abdurahmanov, People’s Artist of Azerbaijan.
The monument is a 6-meter-high bronze statue installed on a 9-meter high octahedral pedestal. The pedestal is of red Labrador, and elements of Azerbaijani architecture of Nizami’s epoch were used in its handling. There is an ornamental carving and faced bronze plates on the lower part of the monument. Seven plates feature scenes from Nizami's works, and one plate displays a memorial inscription.",en
Q4306396,Independence Museum of Azerbaijan,40.368265,49.833091,Point(49.833091 40.368265),13,museum,museum,1919-12-07T00:00:00Z,,,,,,,,,,Azərbaycan İstiqlal Muzeyi.jpg,"museum in Baku, Azerbaijan",Independence Museum of Azerbaijan,https://en.wikipedia.org/wiki/Independence_Museum_of_Azerbaijan,Azərbaycan İstiqlal Muzeyi,Музей независимости (Баку),True,,poi,"The Independence Museum of Azerbaijan or ""Istiqlal"" Museum (Azerbaijani: İstiqlal Muzeyi) – is a museum established on 7 December 1919 in Baku – the capital of the Azerbaijan Democratic Republic. H. Mirzajamalov and I. M. Aghaoglu had a great role in the creation of the museum. Archeological finds, exemplars of rare books, objects of numismatics, jewelry, etc. were collected in the museum.
The museum was located in the building of the ADR's Parliament (at present – the building of the Institute of Manuscripts of Azerbaijan National Academy of Sciences). It is noted that, namely at that time, an attempt at making a legal document about organizing and storing museum items was undertaken. The museum existed only a year and could not realize all intended plans. It was liquidated in 1920, when Soviet power was established in Baku. Materials collected in the museum became basis for the ""Muzexcurs"" foundations and the Azerbaijan State Museum.
The second Independence Museum was established on 9 January 1991 with only 7,000 exhibits. Due to subsequent attempts and investigations of the museum's collections, the number of exhibits reached 20,000. The main goal of the museum is to highlight the national independence movement of Azerbaijan from ancient times to the present. The exposition of the museum is exhibited in six halls:
The first hall is dedicated to the history of Azerbaijan from the ancient times to the 19th century, the second hall to the history of Azerbaijan between the second half of the 19th and 20th centuries, the third hall to the national independence movement in the Southern Azerbaijan in the first half of the 20th century, the fourth hall to the history of Azerbaijan during repression and the Great Patriotic War, the fifth hall to national independence movement of Azerbaijan at the end of the 20th century and the first Karabakh War, and the sixth hall to the history of Independent Republic of Azerbaijan and activity of the national leader Heydar Aliyev.
There are masterpieces of art and architecture, maps, pictures, books, currencies and other exhibits in the Independence Museum of Azerbaijan. Many expositions and activities dedicated to historical events are held in the exposition of the museum.
The museum opens its doors during such events as the International Day for Monuments and Sites (18 April), International Museum Day (18 May) and World Tourism Day (27 September).
Free access to the museum is available for members of ICOM (International Council of Museums), museum workers, military personnel, veterans of World War II, victims of the Karabakh war and Black January.
The museum also has a children's circle called ""We are the heirs of the independence"", where children are offered a variety of tasks and told about the history of the state in entertaining form.",en
Q4058262,Azerbaijan State Museum of Musical Culture,40.369611,49.84251,Point(49.84251 40.369611),13,museum,museum,1967-01-01T00:00:00Z,1967-01-01T00:00:00Z,,,,,,,,,Azərbaycan Musiqi Mədəniyyəti Dövlət Muzeyi.jpg,state museum in Azerbaijan,Azerbaijan State Museum of Musical Culture,https://en.wikipedia.org/wiki/Azerbaijan_State_Museum_of_Musical_Culture,Azərbaycan Musiqi Mədəniyyəti Dövlət Muzeyi,Азербайджанский государственный музей музыкальной культуры,True,,poi,"The Azerbaijan State Museum of Musical Culture (Azerbaijani: Azərbacan Musiqi Mədəniyyət Dövlət Muzeyi) was opened in 1967, in Baku. The goal of the museum is the collection, storage, investigation and popularization of materials related to the musical history of Azerbaijan.",en
Q2559447,International Mugam Center of Azerbaijan,40.360833,49.835,Point(49.835 40.360833),13,architectural structure,architectural structure,2008-12-29T00:00:00Z,2008-12-27T00:00:00Z,,"Art Nouveau architecture, modern architecture",,,,,,,,Music center aiming to preserve mugham genre,International Mugham Center of Azerbaijan,https://en.wikipedia.org/wiki/International_Mugham_Center_of_Azerbaijan,Beynəlxalq Muğam Mərkəzi,Международный центр мугама,True,,poi,"The International Mugham Center of Azerbaijan is a center of Azerbaijani arts and music aiming to promote, preserve, and popularize the mugham genre of Azerbaijani music. It is located in Baku Boulevard, in downtown Baku.",en
Q12839813,Gileyli Mosque,40.364801,49.832868,Point(49.832868 40.364801),12,mosque,mosque,1309-01-01T00:00:00Z,,,Shirvan-Absheron architectural school,,,,,,cultural heritage monument in Azerbaijan,Gileyli məscidi (3).JPG,"A mosque and historical architectural monument located in Baku, Azerbaijan.",Gileyli Mosque,https://en.wikipedia.org/wiki/Gileyli_Mosque,Gileyli məscidi (İçərişəhər),Мечеть Гилейли,True,,poi,"The Gileyli Mosque (Azerbaijani: Gileyli Məscidi, Persian: مسجد گیلیلی) or Jomard Garay Mosque (Azerbaijani: Comərd Gəray Məscidi, Persian: مسجد جومارد گرای) is a mosque, located on Mirza Mansur street in the Old City of Baku in Azerbaijan. Completed in 1309 by the Iranian Shirvanshahs, the building was registered as a national architectural monument by the Cabinet of Ministers of the Republic of Azerbaijan on August 2, 2001, No. 132.",en
Q16417538,Sayyid Yahya Murtuza Mosque,40.364722222,49.835277777,Point(49.835277777 40.364722222),12,mosque,mosque,1700-01-01T00:00:00Z,,,"Islamic architecture, Shirvan-Absheron architectural school",,,,,,cultural heritage monument in Azerbaijan,Seyid Murtuza Yəhya Məscidi 2016.jpg,"A mosque and historical architectural monument located in Baku, Azerbaijan.",Sayyid Yahya Murtuza Mosque,https://en.wikipedia.org/wiki/Sayyid_Yahya_Murtuza_Mosque,Seyid Yəhya Murtuza məscidi,Мечеть Сеид Яхья,True,,poi,"The Sayyid Yahya Murtuza mosque (Azerbaijani: Seyid Yahya Murtuza məscidi, Persian: مسجد سید یحیی مرتضی) is a historical former mosque, located on Asaf Zeynalli street, in the Old City of Baku, in Azerbaijan. Completed in the 17th century, the building was registered as a national architectural monument by the decision of the Cabinet of Ministers of the Republic of Azerbaijan dated August 2, 2001, No. 132.",en
Q16417049,Haji Sultan Ali Mosque,40.378809,49.829594,Point(49.829594 40.378809),12,mosque,mosque,1904-01-01T00:00:00Z,,,Shirvan-Absheron architectural school,,,,,,cultural heritage monument in Azerbaijan,Haji Sultan Ali Mosque in Baku.jpg,"mosque in Baku, Azerbaijan",Haji Sultanali Mosque,https://en.wikipedia.org/wiki/Haji_Sultanali_Mosque,Hacı Sultanəli məscidi,Мечеть Гаджи Султанали,True,,poi,"The Haji Sultanali Mosque (Azerbaijani: Hacı Sultanəli Məscidi; Arabic: مسجد الحاج سلطان علي) is a mosque and historical architectural monument, located in Baku, Azerbaijan.
Completed in 1910, the mosque was included in the list of immovable historical and cultural monuments of national importance by the decision No. 132 of the Cabinet of Ministers of the Republic of Azerbaijan on August 2, 2001.",en
Q2113686,JW Marriott Absheron Baku Hotel,40.374346,49.856247,Point(49.856247 40.374346),12,building,building,1985-01-01T00:00:00Z,1985-01-01T00:00:00Z,,,,,,,,,Luke Warm - panoramio.jpg,"building in Baku, Azerbaijan",JW Marriott Absheron Baku Hotel,https://en.wikipedia.org/wiki/JW_Marriott_Absheron_Baku_Hotel,Abşeron (hotel),Апшерон (гостиница),True,,poi,"The JW Marriott Absheron Baku is a high-rise hotel in Baku, Azerbaijan, opened in 2012. It is located on Azadliq Square next to Pushkin's Park and the Crescent Hotel on the edge of the Caspian Sea.
The hotel is named for the previous Absheron Hotel which formerly stood on this site. It was established by the Soviet Intourist monopoly in 1985 and had 343 rooms on 16 floors. It was entirely demolished in 2009.
The current JW Marriott-managed hotel of 237 rooms on 21 floors was built on the site and opened on July 3, 2012. It was described by author Ken Haley as an ""imposing"" hotel, with some rooms that have a ""magnificent view of the city square and the sun-spangled expanse of the world's largest lake"".",en
Q4403409,Sabayil Castle,40.353,49.840722222,Point(49.840722222 40.353),12,architectural structure,castle,1234-01-01T00:00:00Z,,,Shirvan-Absheron architectural school,Zeynaddin Sirvani,Fariburz III,,,,cultural heritage monument in Azerbaijan,Sabayil Fortress.jpg,submerged fortress in Azerbaijan,Sabayil Castle,https://en.wikipedia.org/wiki/Sabayil_Castle,Bayıl qalası,Сабаильский замок,True,,poi,"Sabayil Castle is a submerged medieval fortress on the coast of the Caspian Sea near Baku, Azerbaijan.
The castle is named after the surrounding area of Bayil. The structure is also known as the ""Atlantis of the Caspian Sea"". Research scientists have referred to it as Sabayil castle, Bayil castle or Bandargala, and have described it as an underground town, caravanserai, cloister, monastery, custom house or defence castle.",en
Q4505131,Church of the Holy Virgin,40.366177,49.836268,Point(49.836268 40.366177),12,building,"church building, destroyed building or structure",1797-01-01T00:00:00Z,,,Armenian architecture,,,,,,,Views of Ichery Sheher 1987.jpg,"church building in Baku, Azerbaijan",Church of the Holy Virgin (Baku),https://en.wikipedia.org/wiki/Church_of_the_Holy_Virgin_(Baku),Müqəddəs Varvara kilsəsi (Bakı),Церковь Святой Богоматери (Баку),True,,poi,"Church of the Holy Virgin or Holy Mother of God Church (Armenian: Սուրբ Աստվածածին եկեղեցի, Russian: Церковь Святой Богоматери, церковь Аствацацин, Azerbaijani: Surp Astvatsatsin Erməni Kilsəsi) was an Armenian Apostolic church in the Old City (İçərişəhər) of Baku, Azerbaijan, built in the 18th century and demolished in 1992. It was on the southern side of the Maiden Tower at the turn off Neftchilar  (Neftyanikov) Avenue between the caravanserai (today Mugam Club Baku, until 1996 Music Museum), Barbara Street (now Hagigat Rzayeva Street, Həqiqət Rzayeva küçəsi) and Great Minaret Street (now Asaf Zeynally Street, Asəf Zeynallı küçəsi).
Since there were not many Armenians in the Old City compared to the rest of Baku, the church did not have a large parish. Therefore and because it has been erased from public memory in Baku, little information has remained about it, and some statements about it are contradictory. According to Leonid Bretanitsky, the church was built near an Armenian caravansary beneath the Maiden Tower. Benjamin Arustamyan states that perhaps already Hamdallah Mustawfi Qazwini (ca. 1281–1344) mentioned an Armenian church and that the Armenian church of Holy Mother of God (Surp Astvatsatsin) was built in 1799 (i.e. under Persian rule of the Qajars) beneath the Maiden Tower inside Baku fortress, and demolished in the 1930s. However, the church stood until the Nagorno-Karabakh conflict, as can also be seen on several photographs. It was the Armenian Saint Thaddeus and Bartholomew Cathedral in Baku that was really destroyed under Joseph Stalin.
At the end of the 19th century, the Armenian priest Markar Barkhudaryants noted that the Armenians of Baku had two stone churches: a large one named after Saint Gregory the Illuminator and a smaller one named Surb Astvatsatsin (Holy Mother of God). He characterized Surb Astvatsatsin as old, as evidenced by the internal and external forms of architectural construction.
Thomas de Waal mentions that according to the diplomat who worked in Baku in 1992, at the height of the Karabakh conflict, the church was destroyed, and now instead there is a space at its former site near the Maiden Tower.",en
Q2503332,St. Gregory the Illuminator's Church,40.371623,49.836466,Point(49.836466 40.371623),12,building,church building,1887-01-01T00:00:00Z,,,Armenian architecture,Karl Gustav Hippius,,,,Gregory the Illuminator,cultural heritage monument in Azerbaijan,Armenian church of Saint Gregory the Illuminator in Baku 5.JPG,"church building in Baku, Azerbaijan","Armenian Church, Baku","https://en.wikipedia.org/wiki/Armenian_Church,_Baku",Müqəddəs Qriqori kilsəsi (Bakı),Церковь Святого Григория Просветителя (Баку),True,,poi,"Saint Gregory the Illuminator Church, commonly referred to as the Armenian Church of Baku, is a former Armenian Apostolic church near Fountains Square in central Baku, Azerbaijan. Completed in 1869, it was one of the two Armenian churches in Baku to survive the Soviet anti-religious campaign and the Nagorno-Karabakh conflict and the 1990 pogrom and exodus of Baku Armenians when it was looted. It is now the only standing Armenian monument in Baku.",en
Q12836435,Azerbaijan State Theatre of Musical Comedy,40.3686,49.8403,Point(49.8403 40.3686),12,building,theatre building,1934-01-01T00:00:00Z,,,,,,,,,,Azerbaijan State Theatre of Musical Comedy building façade Neftçilər avenue.jpg,Musical theatre in Baku,Azerbaijan State Academic Theatre of Musical Comedy,https://en.wikipedia.org/wiki/Azerbaijan_State_Academic_Theatre_of_Musical_Comedy,Azərbaycan Dövlət Akademik Musiqili Teatrı,Азербайджанский государственный академический музыкальный театр,True,,poi,Azərbaycan Dövlət Akademik Musiqili Teatrı — Azərbaycan Respublikasının ən böyük musiqili teatrlarından biri. Teatr tamaşaları əsasən musiqili komediya və dram janrındadır. Böyük Vətən müharibəsi illərində teatrın işi yenidən qurulur və bu teatra Azərbaycan Dövlət Təbliğat Teatrı adı verilir.,az
Q7294887,Rashid Behbudov State Song Theatre,40.3747117,49.8470613,Point(49.8470613 40.3747117),12,building,theatre building,1968-01-01T00:00:00Z,1968-01-01T00:00:00Z,,,,,,,Rashid Behbudov,cultural heritage monument in Azerbaijan,Rəşid Behbudov adına Mahnı Teatrı.jpg,theatre in Azerbaijan,Azerbaijan State Song Theatre,https://en.wikipedia.org/wiki/Azerbaijan_State_Song_Theatre,Azərbaycan Dövlət Mahnı Teatrı,Азербайджанский государственный театр песни имени Рашида Бейбутова,True,,poi,"The Azerbaijan State Song Theatre named after Rashid Behbudov (Azerbaijani: Rəşid Behbudov adına Dövlət Mahnı Teatrı) is located in Azerbaijan's capital, Baku, on Rashid Behbudov Street, and is named after Rashid Behbudov, who founded it in 1968. 
The theatre building was originally built as a synagogue in 1901. It is in the Greek Revival style, with an Ionic order portico, and in the ornamented pediment there is a central lyre where a representation of the Tablets of Stone once featured.
The theatre's repertoire consists of folk songs, mugams and tasnifs, and works of national composers including Uzeyir Hajibeyov, Gara Garayev, Fikrat Amirov and Tofig Guliyev. Ilhama Guliyeva 
worked in the theatre.",en
Q4655240,AZAL Arena,40.4968,50.1964,Point(50.1964 40.4968),12,building,stadium,2011-04-10T00:00:00Z,2011-04-10T00:00:00Z,,,,,,,,,AZAL Arena1.jpg,"football stadium in Shuvelan, Baku, Azerbaijan",AZAL Arena,https://en.wikipedia.org/wiki/AZAL_Arena,AZAL Arena,,False,,poi,"Sabah Futbol Mərkəzi, Sabah Arena və ya əvvəlki bilinən adı ilə AZAL Arena — Azərbaycanda, Bakı şəhəri, Xəzər rayonu, Şüvəlan qəsəbəsində yerləşən futbol stadionu. 2011-ci ildə açılmışdır. Azarkeş tutumu 3500 nəfərdir.",az
Q25536644,Bukhara Caravanserai,40.3667809,49.8372999,Point(49.8372999 40.3667809),12,building,"caravanserai, restaurant",1500-01-01T00:00:00Z,,,Shirvan-Absheron architectural school,,,,,,cultural heritage monument in Azerbaijan,Bukhara Caravansaray.jpg,"A caravanserai and historical architectural monument located in Baku, Azerbaijan.",Bukhara Caravanserai,https://en.wikipedia.org/wiki/Bukhara_Caravanserai,Buxara karvansarası,Бухарский караван-сарай,True,85.0,poi,"Bukhara Caravanserai is a caravanserai located in Baku, Azerbaijan. It was erected in the late 15th century over a trade route passing through the Shamakhi Gates of the fortress. It is located in the Icherisheher old town, opposite the Multani Caravanserai, and close to the Maiden Tower. The caravanserai was harnessed as a hotel, basically catering to merchants of Central Asia.
The shape of the caravanserai building is square and surrounded by balconies and cells, and the portal is convex. The caravanserai has an octagonal courtyard as well as. The bulk of the architectural composition of the caravanserai has been formed by various arches situated around the inner courtyard.
In the year of 1964, the Bukhara Caravanserai underwent restoration works and as a result of this process, the caravanserai building was separated from its annexes built earlier, which made available to see the national monument in the background of the surrounding buildings. 

The caravanserai building houses a restaurant which serves Azerbaijan national cuisine.",en
Q6869733,Baku fortress,40.36769,49.833285,Point(49.833285 40.36769),12,architectural structure,fortress,1101-01-01T00:00:00Z,,,,,Shirvanshah Manuchehr III,,,,,İçərişəhər - poster.jpg,largest of the Absheron fortresses,Baku Fortress Wall,https://en.wikipedia.org/wiki/Baku_Fortress_Wall,Bakı qalası,Крепостные стены Баку,True,,poi,"Baku Fortress (Azerbaijani: Bakı Qalası, Persian: قلعه باکو) is a medieval building in Baku, Azerbaijan, the largest of Absheron fortresses. The fortress consists of the Icheri Sheher and the walls and towers surrounding it, and it was included by UNESCO into the World Cultural Heritage List in 2000.
It was built in about 1138–1139 on the order of the Iranian Shirvanshah Manuchohr III (1120–1149).
Based on traveler's illustrations and photos of the 19th century, the fortress consisted of a double wall. The first wall was built by the Shirvanshah III Manuchohr, and the second wall was built during the time of Shirvanshah Akhsitan I.
However, the second fortress walls were destroyed during the reign of Russia in Azerbaijan. The first fortress wall still remains. Baku Fortress has two gates. One of them opened to the Caspian Sea and the other to land.
The city walls, which had a height of 8–12 meters and a width of 3.5 meters, provided for Baku's security. In the Middle Ages, the fortress walls were 1500 meters long and now the walls are 500 meters long.
In the northern part of the fortress, there is the main tower - quadrangular castle. This fortress is called ""armory"" in the nation's etiology.
The peculiarity of the armory is that, despite being a defensive unit, builders have strengthened the wall by raising it in the center of the fortress wall, not in the center of the city.",en
Q16414359,The Declaration of Independence monument,40.36817,49.832698,Point(49.832698 40.36817),12,monument,monument,,,,,,,,granite,,,"ƏLyazmalar İnstitutu və İqtisad Universiteti binalarının arasında, Bakı qala divarları qarşısında yerləşən AXC abidəsi.jpg","monument in Baku, Azerbaijan",The Declaration of Independence monument (Baku),https://en.wikipedia.org/wiki/The_Declaration_of_Independence_monument_(Baku),İstiqlal bəyannaməsi abidəsi,Памятник Независимости (Баку),True,,poi,"The Declaration of Independence monument was erected on the Istiglaliyyat Street in honor of the Azerbaijan Democratic Republic, and was opened on May 25, 2007.  The monument is located between the buildings of the Institute of Manuscripts of the National Academy of Sciences and the Azerbaijan State Economic University. The Declaration of Independence proclaimed by the National Council of Azerbaijan on May 28, 1918 in Tiflis city, Georgia. This day is celebrated as Republic Day since May 28, 1992.",en
Q16416097,Museum of Archaeology and Ethnography,40.36777778,49.83666667,Point(49.83666667 40.36777778),12,museum,museum,1976-01-01T00:00:00Z,,,Classicism,,,,,,,"Yaşayış evi, Böyük Qala küç. 42.jpg",museum in Azerbaijan,Museum of Archaeology and Ethnography,https://en.wikipedia.org/wiki/Museum_of_Archaeology_and_Ethnography,Arxeologiya və Etnoqrafiya Muzeyi (Bakı),Музей археологии и этнографии (Баку),True,,poi,"Музей археологии и этнографии — учреждение культуры Азербайджана. Находится в столичном городе Баку, в историческом районе Старый город (Ичери-шехер), напротив Гоша Гала Гапысы.
Музей археологии и этнографии находится в подчинении Академии Наук Азербайджанской Республики.",ru
Q12838332,House-Museum of Jalil Mammadguluzadeh (Baku),40.370482,49.828772,Point(49.828772 40.370482),12,museum,museum,1978-01-01T00:00:00Z,,,,,,,,,cultural heritage monument in Azerbaijan,Cəlil Məmmədquluzadənin Ev Muzeyi - 2.jpg,museum in Azerbaijan,House-Museum of Jalil Mammadguluzadeh (Baku),https://en.wikipedia.org/wiki/House-Museum_of_Jalil_Mammadguluzadeh_(Baku),Cəlil Məmmədquluzadənin ev-muzeyi (Bakı),Дом-музей Джалила Мамедкулизаде (Баку),True,,poi,"The house-museum of Jalil Mammadguluzadeh (Azerbaijani: Cəlil Məmmədquluzadənin ev-muzeyi) is a memorial museum of the famous Azerbaijani journalist, enlightener, writer-satirist, Jalil Mammadguluzadeh. The museum is located on Suleyman Taghizade Street, in the city of Baku, where the writer lived during 1920–1932.",en
Q12836447,Azerbaijan Museum of Geology,40.3730044,49.8201766,Point(49.8201766 40.3730044),12,museum,"architectural structure, museum",1982-01-01T00:00:00Z,1982-01-01T00:00:00Z,,,,,,,,,,museum in Azerbaijan,Azerbaijan Museum of Geology,https://en.wikipedia.org/wiki/Azerbaijan_Museum_of_Geology,Azərbaycan Geologiya Muzeyi,Азербайджанский музей геологии,True,,poi,"Азербайджанский музей геологии (азерб. Azərbaycan Geologiya Muzeyi) — музей, расположенный в столичном городе Азербайджана. В музее представлены экспонаты горных пород, руды, минералов и кристаллов недр Азербайджана. Музей действует при Министерстве экологии и природных ресурсов. Директором музея является Халид Мирзабеков.",ru
Q19798499,Mirza Ahmed Mosque,40.3674,49.8358,Point(49.8358 40.3674),11,mosque,mosque,1345-01-01T00:00:00Z,,,Shirvan-Absheron architectural school,,,,,,cultural heritage monument in Azerbaijan,Baku MirzaAhmedMosque 004 7910.jpg,"mosque in Baku, Azerbaijan",Mirza Ahmed Mosque,https://en.wikipedia.org/wiki/Mirza_Ahmed_Mosque,Mirzə Əhməd məscidi,Мирза Ахмед-мечеть,True,,poi,"Mirzə Əhməd məscidi — İçərişəhərdə yerləşən XIV əsrə aid ölkə əhəmiyyətli tarix-memarlıq abidəsi, məscid.
Məscid, Azərbaycan Respublikası Nazirlər Kabinetinin 2 avqust 2001-ci ildə verdiyi 132 nömrəli qərar ilə ölkə əhəmiyyətli daşınmaz tarix və mədəniyyət abidələrinin siyahısına salınıb.
Hazırda fəaliyyət göstərmir, bağlıdır, tavanı uçub və tikili özü də qəzalı vəziyyətdədir, dağılmaq üzrədir.",az
Q12847518,Khanlar Mosque,40.36812,49.83559,Point(49.83559 40.36812),11,mosque,mosque,1893-01-01T00:00:00Z,,,Shirvan-Absheron architectural school,Meshadi Mirza Qafar Ismayilov,,,,,cultural heritage monument in Azerbaijan,Xanlar məscidi (4).jpg,"Mosque in Baku, Azerbaijan",Khanlar Mosque,https://en.wikipedia.org/wiki/Khanlar_Mosque,Xanlar məscidi (İçərişəhər),Мечеть Ханлара,True,,poi,"The Khanlar Mosque (Azerbaijani: Xanlar məscidi) is a former mosque and historical architectural monument, located on Firdousy Street, in the Old City of Baku, Azerbaijan.
Completed at the end of the 19th century, the former mosque was designated as a nationally significant immovable historical and cultural monument by the decision No. 132 of the Cabinet of Ministers of the Republic of Azerbaijan on August 2, 2001.
After the Soviet occupation, the mosque ceased its religious activities and is currently used as a residential building.",en
Q16417010,Haji Javad mosque,40.369166666,49.825833333,Point(49.825833333 40.369166666),11,mosque,mosque,2018-01-01T00:00:00Z,,,,,,,,,cultural heritage monument in Azerbaijan,Haji Javad Mosque 2018.jpg,mosque in Azerbaijan,Haji Javad Mosque,https://en.wikipedia.org/wiki/Haji_Javad_Mosque,Hacı Cavad məscidi,Мечеть Гаджи Джавад,True,,poi,"Hacı Cavad məscidi — Bakı şəhəri, Yasamal rayonu, Abdulla Şaiq küçəsi, 79 ünvanında yerləşmiş yerli əhəmiyyətli tarixi abidə olmuş məscid.
Uzun müddət məscidin axundu Hacı Əhliman Rüstəmov olub.",az
Q16413883,Nizameddin Mosque,40.419998,49.986813,Point(49.986813 40.419998),11,mosque,mosque,1400-01-01T00:00:00Z,,,Shirvan-Absheron architectural school,,,,,,,Amirjan NizameddinMosque 005 0148.jpg,"mosque in Baku, Azerbaijan",Nizamaddin Mosque,https://en.wikipedia.org/wiki/Nizamaddin_Mosque,Nizaməddin məscidi,Мечеть Низам-ад-Дина,False,,poi,"The Nizamaddin Mosque (Azerbaijani: Nizaməddin Məscidi) is a former mosque and cultural historical and architectural monument of the 14th century, located in the Amirjan settlement of Baku, the capital city of Azerbaijan.
Completed in c. 1330, the former mosque was included in the list of the country's significant immovable historical and cultural monuments by the decision numbered 132 of the Cabinet of Ministers of the Republic of Azerbaijan on August 2, 2001",en
Q12837306,Baku Khans' Palace,40.3681,49.8367,Point(49.8367 40.3681),11,building,building,,,,Shirvan-Absheron architectural school,,,,,,cultural heritage monument in Azerbaijan,Bakı xan sarayının əsas girişinin Xan bağı tərəfdən görünüşü.jpg,"A historical architectural monument located in Baku, Azerbaijan.",Baku Khans' Palace,https://en.wikipedia.org/wiki/Baku_Khans%27_Palace,Bakı xan sarayı,Дом бакинских ханов,True,,poi,"Bakı xan sarayı və ya Bakı xanlarının evi — İçərişəhərdə yerləşən XVII–XVIII əsrlərə aid saray tipli yaşayış binaları kompleksidir. Kompleksin inşasına 1754-cü ildə Əbdülrəhim bəy və Mehdiqulu bəyin sifarişi ilə başlanılmışdır. Kompleksin ilk tikililəri Böyük Qala küçəsi boyunca tikilmiş, sonrakı yüzillik ərzində, yəni XIX əsrin sonlarına kimi həyət istiqamətində də tikililərin sayı artırılmışdır.
Bakı xan sarayının dövümüzə çatmış ilk tarixi planında beş daxili həyət ətrafında formalaşmış geniş yaşayış kompleksi əksini tapıb. Xan ailəsinə məxsus olmuş ilk böyük həyət birinci yerləşir. Onun ərazisini mərkəzində kiçik hovuzu olan bağ tutur. Kompleks ərazisinə daxil olan çoxsaylı binalardan dövrümüzə yalnız fasadı Böyük qala küçəsinə baxan tikililər və həyətdə iki müstəqil bina çatmışdır.
Bakı xan sarayı ərazisində ilk dəfə bərpa işlərinə 1985-ci ildə başlanılmış, paralel olaraq, 1985–1986-cı illərdə həm də abidə arxeolji baxımdan öyrənilmişdir. Arxeoloji tədqiqatlar zamanı kompleks ərazisindən çoxlu sayda maddi-mədəniyyət nümunələri, yeraltı su yolları və Yeraltı hamam aşkarlanmışdır. 2015-ci ildən kompleks ərazisində arxeoloji tədqiqatlar və konservasiya işlərinə başlanılmışdır. 2018-ci ildən başlayaraq Bakı xanlarının sarayı bərpa olunmaqdadır.",az
Q12837474,Bazar Square,40.3663585,49.836691,Point(49.836691 40.3663585),11,building,building,,,,Shirvan-Absheron architectural school,,,,,,cultural heritage monument in Azerbaijan,Pagan temple in Ichery Sheher.JPG,"A historical architectural monument located in Baku, Azerbaijan.",Bazar Square (Old City),https://en.wikipedia.org/wiki/Bazar_Square_(Old_City),Sıratağlı dini-memarlıq kompleksi,Базарная площадь (Баку),True,,poi,"Bazar square (Azerbaijani: Bazar meydanı; Persian: میدان بازار) or Khanagah complex (Azerbaijani: Xanəgah kompleksi; Persian: مجموعه خانقاه) is a historic religious-architectural complex with arcade of the 12-13th centuries by the Iranian Shirvanshahs. It is a part of Old City and located on Kichik Gala street, in the city of Baku, in Azerbaijan. It was also registered as a national architectural monument by the decision of the Cabinet of Ministers of the Republic of Azerbaijan dated August 2, 2001, No. 132.
The complex was discovered during archeological excavations carried out in 1964 on the northern side of the Maiden Tower. 

",en
Q4075909,Empress Alexandra Russian Muslim Boarding School for Girls,40.39528,49.88222,Point(49.88222 40.39528),11,building,school building,1901-01-01T00:00:00Z,,,,,,,,,,Qızlar seminariyası.jpg,"girls' school in Baku, Russian empire",Empress Alexandra Russian Muslim Boarding School for Girls,https://en.wikipedia.org/wiki/Empress_Alexandra_Russian_Muslim_Boarding_School_for_Girls,İmperatriça Aleksandra Rus-Müsəlman Qız Məktəbi,Бакинская мусульманская женская школа,True,,poi,"The Empress Alexandra Russian Muslim School for Girls (Russian: Александрийское императорское женское русско-мусульманское училище; Azerbaijani: Aleksandra imperator rus-müsəlman qız məktəbi) of Baku (present-day Azerbaijan) was the first school for Muslim girls in the Russian Empire. It was built by the Polish architect Józef Gosławski in 1901, sponsored by the Azerbaijani oil baron and philanthropist Zeynalabdin Taghiyev.",en
Q12841927,National Gymnastics Arena,40.4192,49.9166,Point(49.9166 40.4192),11,architectural structure,sports venue,2014-04-01T00:00:00Z,2014-04-16T00:00:00Z,,,Broadway Malyan,,,,,,,sporting venue,National Gymnastics Arena,https://en.wikipedia.org/wiki/National_Gymnastics_Arena,Milli Gimnastika Arenası,Национальная гимнастическая арена Азербайджана,False,,poi,"The National Gymnastics Arena is an indoor arena in Baku, Azerbaijan. The venue is mainly used for gymnastics.",en
Q16414684,Shirvanshah's Palace Mausoleum,40.366227777,49.833469444,Point(49.833469444 40.366227777),11,monument,"historic site, mausoleum",,,,Shirvan-Absheron architectural school,,,,,,,"Palacio de los Shirvanshah, Baku, Azerbaiyán, 2016-09-26, DD 162-164 HDR.jpg",Historical monument of the XV century in the Republic of Azerbaijan,Shirvanshahs' Palace Mausoleum,https://en.wikipedia.org/wiki/Shirvanshahs%27_Palace_Mausoleum,Şirvanşahlar türbəsi,Гробница Ширваншахов,True,128.0,poi,"Shirvanshahs' Palace Mausoleum (Persian: آرامگاه کاخ شروان‌شاهان, Azerbaijani: Şirvanşahlar sarayı türbəsi) or Tomb of the Shirvanshahs' family (Persian: آرامگاه خاندان شروان‌شاهان, Azerbaijani: Şirvanşahların ailə türbəsi) is a historical monument of the 15th century. Located in Old City, it is a part of the Palace of the Shirvanshahs complex. The mausoleum is one of three buildings in the courtyard of the complex, along with the palace mosque and the palace bath house, all build by the Iranian Shirvanshahs.
The monument was also registered as a national architectural landmark by the decision of the Cabinet of Ministers of the Republic of Azerbaijan dated August 2, 2001, No. 132. The mausoleum also forms part of the UNESCO World Heritage-listed Palace of the Shirvanshahs.",en
Q4135908,"Church of Michael the Archangel, Baku",40.373611111,49.831944444,Point(49.831944444 40.373611111),11,building,"Eastern Orthodox church building, church building",1850-01-01T00:00:00Z,,,,,,,brick,Michael,cultural heritage monument in Azerbaijan,Orthodox church of the Saint Michael in Baku.jpg,"church in Azerbaijan, Azerbaijan","Church of Michael the Archangel, Baku","https://en.wikipedia.org/wiki/Church_of_Michael_the_Archangel,_Baku",Mixail Arxangel kilsəsi,Церковь Михаила Архангела (Баку),True,,poi,"Church of Michael the Archangel (Russian: Михайло-Архангельский храм; Azerbaijani: Mixayil Arxangel kilsəsi) or Flotskaya (Church of the Fleet) is a Russian Orthodox church located at the intersection of Vidadi and Zargarpalan streets  in the Yasamal district, central Baku, Azerbaijan. It is under the jurisdiction of the Baku Eparchy  and dedicated to Archangel Michael. The church's protoiereus is Mefodi Afendiyev, and it is served by three priests and one deacon. It is recognized as the oldest surviving church in Baku.",en
Q2029345,Church of the Saviour,40.377004,49.847784,Point(49.847784 40.377004),11,building,church building,1896-01-01T00:00:00Z,,,Gothic Revival,Adolf Eichler,,,,,cultural heritage monument in Azerbaijan,Xilaskar Kilsəsi.JPG,"building in Baku, Azerbaijan","Church of the Saviour, Baku","https://en.wikipedia.org/wiki/Church_of_the_Saviour,_Baku",Xilaskar kilsəsi (Bakı),Церковь Спасителя (Баку),True,,poi,"The Church of the Saviour (Azerbaijani: Xilaskar kilsəsi; German: Erlöserkirche, also known as the kirkha, from the German word ""Kirche"" (church)) is a Lutheran church located at 28 May Street (formerly Telefonnaya Street) in Baku, Azerbaijan. Built between 1896 and 1899, it was designed in the Gothic Revival style by architect Adolf Eichler.
The church's plan features an elongated rectangular hall with a deep apse. A prominently profiled Neo-Gothic arch stands out against the plain wall background. The apse, together with the vaulted ceiling and arched side windows, forms the central axis of the interior space. The single-tower vertical composition of the church is situated in the depths of the courtyard. The building is highly expressive, with well-proportioned dimensions, clear divisions of its structural elements, and restrained use of Neo-Gothic decorative elements to create volumetric plasticity. The central portal is accentuated by austere, slightly protruding pilasters and is completed with a decorative, dynamic pediment.",en
Q943153,Nardaran Fortress,40.561388888,50.004813888,Point(50.004813888 40.561388888),11,architectural structure,fortress,1301-01-01T00:00:00Z,,,Shirvan-Absheron architectural school,Mahmud ibn Sa'd,,,,,cultural heritage monument in Azerbaijan,Castle of Nardaran 1.jpg,geographical object,Nardaran Fortress,https://en.wikipedia.org/wiki/Nardaran_Fortress,Nardaran qalası,Нардаранский замок,False,,poi,"Nardaran Fortress (Azerbaijani: Nardaran qalası, Persian: قلعه نارداران) is a historical and architectural monument located in the Nardaran settlement of the Sabunçu district in Baku. The fortress has been registered as a monument of global significance by the Ministry of Culture and Tourism of the Republic of Azerbaijan. In 2001, the Nardaran Fortress, along with other Caspian defense structures, was included in UNESCO's Tentative List.
The Nardaran Fortress was build during the time of the Shirvanshahs and consists of fortress walls enclosing a square-shaped courtyard and a cylindrical tower located at the center of the courtyard. Local stone was used in the construction of the fortress.",en
Q14814854,Agha Mikayil Bath,40.36444444,49.83277778,Point(49.83277778 40.36444444),11,building,hammam,,,,,,,,,,cultural heritage monument in Azerbaijan,حمام أغا ميكاييل.jpg,"Bath in Old City, Baku, Azerbaijan",Agha Mikayil Bath,https://en.wikipedia.org/wiki/Agha_Mikayil_Bath,Ağa Mikayıl hamamı,Баня Ага Микаила,True,,poi,"Баня Ага Микаила (азерб. Ağa Mİkayıl hamamı) — старинная баня, расположенная в исторической части города Баку (Азербайджан), Ичери-шехере, в юго-западной части крепости, на улице Кичик Гала (Малая Крепостная), напротив крепостных стен. Построена в XVIII веке
Баня была построена жителем Шемахи Гаджи Ага Микаилом, в квартале, который до сих пор известен в народе под названием «Квартал банщиков». Вход в баню расположен со стороны улицы Малая Крепостная. В отличие от других бань в Старом городе здесь внутренние помещения более просторные.
Раздевалка и купальня в плане представляют собой квадрат. Стрельчатые арки и купола разделяют общую композицию на пропорциональные ярусы. Баня имеет отличный от остальных бань Ичери-шехера дымоход.
В бане Ага Микаила проходили съёмки некоторых сцен фильма «Не та, так эта», снятого по мотивам одноимённой оперетты Узеира Гаджибекова. В связи с этим баню называют в народе и баней Мешади Ибада, главного героя комедии.
Согласно распоряжению Кабинета Министров Азербайджанской Республики об исторических и культурных памятниках баня Ага Микаила является «памятником истории и культуры национального значения»
В 2011 году согласно «Подробному Генеральному плану консервации исторического центра города Баку» Кабинета министров Азербайджана баня Ага Микаила была отреставрирована при участии местных и иностранных специалистов.",ru
Q31301023,Baku House-museum of Uzeyir Hajibeyov,40.377480667,49.829918156,Point(49.829918156 40.377480667),11,museum,biographical museum,1975-01-01T00:00:00Z,1975-11-20T00:00:00Z,,,,,,,,cultural heritage monument in Azerbaijan,House-museum of Uzeyir Hajibeyov.jpg,"museum in Baku, Azerbaijan",Uzeyir Hajibeyov's House Museum,https://en.wikipedia.org/wiki/Uzeyir_Hajibeyov%27s_House_Museum,Üzeyir Hacıbəylinin ev-muzeyi (Bakı),Дом-музей Узеира Гаджибекова (Баку),True,,poi,"Üzeyir Hacıbəylinin ev - muzeyi — Azərbaycan professional musiqisinin banisi, Şərqin ilk operasının ""Leyli və Məcnun"", Azərbaycan Dövlət Konservatoriyasının (indiki Üzeyir Hacıbəyli adına Bakı Musiqi Akademiyası), ilk simli kvartetin, ilk dövlət xorunun yaradıcısı, ilk xalq çalğı alətləri orkestrinin yaradıcısı və Azərbaycan Respublikasının Dövlət Himninin bəstəkarı Üzeyir bəy Hacıbəylinin (keçmiş Verxnyaya priyutskaya, sonralar Ketsxoveli) indiki Ak. Şamil Əzizbəyov 67/69 ünvanında yerləşən 1915-1942-ci illər ərzində yaşadığı evdə təşkil olunmuş muzeydir.",az
Q38126519,Azerbaijan Medicine Museum,40.398611111,49.881944444,Point(49.881944444 40.398611111),11,museum,museum,1984-01-01T00:00:00Z,1986-01-29T00:00:00Z,,,,,,,,,Tebabet Muzey2019.jpg,"Medical museum in Baku, Azerbaijan",Azerbaijan Medicine Museum,https://en.wikipedia.org/wiki/Azerbaijan_Medicine_Museum,Azərbaycan Təbabəti Muzeyi,Музей медицины Азербайджана,True,,poi,"Azərbaycan Təbabəti Muzeyi — Azərbaycanın tibb tarixi, səhiyyə sahəsindəki inkişafı və tibb alimlərinin fəaliyyətini əks etdirən ixtisaslaşmış muzey. Muzeydə qədim dövrlərdən müasir dövrə qədər tibbin inkişafını əks etdirən eksponatlar, nadir əlyazmalar, tibbi alətlər və digər materiallar sərgilənir.",az
Q30202728,Azerbaijan State Agriculture Museum,40.4292,49.8436,Point(49.8436 40.4292),11,museum,museum,1924-01-01T00:00:00Z,,,,,,,,,,Muzeyin görünüş.jpg,"Museum in Baku, Azerbaijan",Azerbaijan State Agriculture Museum,https://en.wikipedia.org/wiki/Azerbaijan_State_Agriculture_Museum,Respublika Dövlət Kənd Təsərrüfatı Muzeyi,Азербайджанский государственный музей сельского хозяйства,True,,poi,"The Azerbaijan State Agriculture Museum, established in 1924, presents the history of agricultural development in Azerbaijan and reflects its current state. 
The museum has more than 10,000 exhibits and mostly describes agricultural tools, both traditional and modern, and models of harvesters. The museum exposition covers various fields of agriculture: crop growing, cattle breeding, and horticulture. A variety of exhibits are devoted to ethnography: documents and photos, as well as facilities reflecting the traditional way of rural life. 
There is an old hand-mill for grinding flour which is more than 100 years old and an oil lamp of the same age, a stone extracting grape juice, ceramic jugs for milk whipping and butter production and stirrups, saddles.
There are two maps in the museum that has been embroidered with silk threads and the other one has been made of wheat grains, lentils and watercress.
The museum guides wear Azerbaijani national garments and traditional music is played in the halls of the museum.
The museum regularly features documentary film screenings and lectures, and organizes travelling exhibitions. The Azerbaijani State Agriculture Museum is especially popular among students of various educational institutions for whom special thematic visits and lessons are organized where they are able to experience the stages of development of agriculture in Azerbaijan. The museum is interesting for both children and adults.",en
Q16416482,Azerbaijan State Theatre Museum,40.369626,49.842286,Point(49.842286 40.369626),11,museum,museum,1934-01-01T00:00:00Z,1934-11-24T00:00:00Z,,,,,,,Jafar Jabbarly,,Azərbaycan Dövlət Teatr Muzeyi.jpg,"Theatre museum in Baku, Azerbaijan",Azerbaijan State Theatre Museum,https://en.wikipedia.org/wiki/Azerbaijan_State_Theatre_Museum,Azərbaycan Dövlət Teatr Muzeyi,Азербайджанский государственный музей театра,True,,poi,"Azerbaijan State Theatre Museum (Azerbaijani: Azərbaycan Dövlət Teatr Muzeyi) named after Jafar Jabbarli reflects the professional theatre history of Azerbaijan.
In 1934, the issue of establishing such a museum was raised at the Republican conference by theater workers. The museum was organized in the same year in the building of the Azerbaijan State Drama Theater. In fact, this exhibition was the foundation of a future museum. According to eyewitnesses, Jalil Mammadguluzadeh and Abdurrahim bey Hagverdiyev, the great writers who cut the opening ribbon of the exhibition, said: ""Long live the Azerbaijani theater!""
The exhibition is soon officially formalized as a Theater Department of the Azerbaijan State Museum. Finally, on the basis of the relevant department of the Azerbaijan State Museum in 1934, the Azerbaijan State Theater Museum was established and Aghakarim Sharifov was appointed the director of the museum.
On 25 November 1934, the solemn opening ceremony of the museum was held. Famous art figures such as Bulbul, Shovkat Mammadova, Huseyngulu Sarabski, Alexander Tuganov, Ulvi Rajab, Ismayil Hidayatzade and others attend the event.
In 1935, the museum was named after Jafar Jabbarli, the great Azerbaijani playwright.
In 1963, the Azerbaijan State Theatre Museum was annulled and became the Theater and Drama Department of the Azerbaijan Literature Museum named after Nizami.
In 1968, the Government of the Republic made a decision on the organization of the Azerbaijan State Theater Museum named after J. Jabbarli on the basis of this department. The rooms on the 4th floor of the building of the Azerbaijan Literature Museum named after Nizami are given to the newly created museum. In these rooms, it was possible to place only the museum stock and employees. The most remarkable transformation in the history of the Azerbaijan State Theater Museum took place in 1991. After the Baku branch of the central V.I.Lenin Museum was given to Ministry of Culture of Azerbaijan, the ""Museum Center"" was created here, along with the State Museum of Carpet and Applied Art and the Museum of Independence of Azerbaijan, the State Theater Museum placed in this building. The Museum Center is located on the seaside Boulevard.",en
Q12836431,Azerbaijan State Museum of History of Religion,40.369429,49.842494,Point(49.842494 40.369429),11,museum,museum,1990-01-01T00:00:00Z,,,,,,,,,,,"religious museum in Baku, Azerbaijan",Azerbaijan State Museum of History of Religion,https://en.wikipedia.org/wiki/Azerbaijan_State_Museum_of_History_of_Religion,Azərbaycan Dövlət Din Tarixi Muzeyi,Азербайджанский государственный музей истории религии,True,,poi,"The Azerbaijan State Museum of History and Religion is located in Baku, Azerbaijan, which highlights religious views of primitive people who lived in ancient times. The museum is joined to the Ministry of Culture and Tourism of the Republic of Azerbaijan in 1993.
1967 - the Historical Museum of Atheism was established by the Council of Ministers of the Azerbaijan SSR.
September 17, 1990 - The museum was renamed the State Museum of the History of Religion by decree number 414 of the Cabinet.
In June 1993, the museum was temporarily transferred to the Museum Center.",en
Q12842315,Murtuza Mukhtarov mosque,40.421998,49.985341,Point(49.985341 40.421998),10,mosque,mosque,1901-01-01T00:00:00Z,,,Gothic art,Zivar bay Ahmadbayov,,,,,,Amirjan MurtuzaMukhtarovMosque 005 0063.jpg,mosque in Baku,Murtuza Mukhtarov Mosque,https://en.wikipedia.org/wiki/Murtuza_Mukhtarov_Mosque,Murtuza Muxtarov məscidi (Bakı),Мечеть Муртуза Мухтарова (Амирджаны),False,,poi,"Мечеть Муртуза Мухтарова (азерб. Murtuza Muxtarov məscidi) — мечеть с двумя минаретами, расположенная в посёлке Амирджаны Сураханского района города Баку в Азербайджане.",ru
Q25543111,Baku Tower,40.412777777,49.898333333,Point(49.898333333 40.412777777),10,building,building,,,906.5,,,,,,,,,Skyscraper in Baku,Baku Tower,https://en.wikipedia.org/wiki/Baku_Tower,Baku Tower,Baku Tower,True,,poi,"Baku Tower is a skyscraper in Baku, Azerbaijan. Standing at 276.3 m (906 ft) with 49 floors, it is currently the tallest building in Azerbaijan and the Caucasus region, but it will be dethroned by the upcoming 323 m (1,060 ft) tall Cipriani Tower upon its completion in 2031. Construction began in 2014 and was completed in 2020.
The tower is primarily used for office space and is located at 109 Heydar Aliyev Avenue. The building is constructed of reinforced concrete and steel, and the project was led by architect Eren Yorulmazer.",en
Q4473340,Nizami Street,40.372944,49.840395,Point(49.840395 40.372944),10,architectural structure,street,,,,,,,,,,,Nizami street historical buildings.JPG,"street in Baku, Azerbaijan",Nizami Street,https://en.wikipedia.org/wiki/Nizami_Street,Nizami küçəsi,Улица Низами (Баку),True,,street,"Nizami küçəsi və ya Tarqovı — Bakı şəhərinin Səbail rayonu ərazisində yerləşən bir zolaqlı və bir istiqamətli sonu piyadalar zonasına keçən dahi Azərbaycan şairi Nizami Gəncəvinin adını daşıyan küçə.

Öz başlanğıcını Abdulla Şaiq küçəsindən götürür və indiki Sabit Orucov küçəsində isə tamamlanır. Küçənin uzunluğu 3,538 km-dir. Küçə paytaxt Bakının mərkəzini kəsərək qərbdən şərqə doğru uzanır. Küçə demək olar ki, mərkəzi hissəsində piyadalar zonasına keçir. Küçənin bu kəsiyi sakinlər tərəfindən ""Tarqovı"" da adlandırılır. Fəvvarələr meydanından Rəşid Behbudov küçəsinə qədər olan hissəsi tam piyadaların ixtiyarında olub, bütün növ nəqliyyat vasitələri üçün bağlıdır. Küçədə hərəkət bir tərəflidir.",az
Q4273786,Mausoleum of Seyid Yahya Bakuvi,40.365981,49.833459,Point(49.833459 40.365981),10,monument,mausoleum,,,,,,,,,,,Bakuvi mavzoley.JPG,"mausoleum and historic site in Baku, Azerbaijan",Mausoleum of Seyid Yahya Bakuvi,https://en.wikipedia.org/wiki/Mausoleum_of_Seyid_Yahya_Bakuvi,Seyid Yəhya Bakuvi türbəsi,Мавзолей Сейида Яхья Бакуви,True,,poi,"The Mausoleum of Seyid Yahya Bakuvi was built in approximately 1457–1458, in the Old City of Baku, Azerbaijan. The mausoleum is located in the centre of the middle yard of the Palace of the Shirvanshahs. Among local people it is known as the mausoleum of “dervish” and was named after the philosopher and thinker Seyid Yahya Bakuvi who is buried in it.
The Mausoleum of Seyid Yahya Bakuvi forms part of the UNESCO World Heritage-listed Palace of the Shirvanshahs.",en
Q12842450,St. Nicholas Church,40.368455596,49.836159127,Point(49.836159127 40.368455596),10,building,church building,1857-01-01T00:00:00Z,,,,,,,,Saint Nicholas,,St Nicolas church in Baku.png,church in Baku,"St. Nicholas Church, Baku","https://en.wikipedia.org/wiki/St._Nicholas_Church,_Baku",Müqəddəs Nikolay kilsəsi (Bakı),Церковь Святого Николая (Баку),True,,poi,Church of Saint Nicholas (Russian: Собор Св. Николая Чудотворца) was a Russian Orthodox Church built in Baku between 1850 and 1857.,en
Q4176220,Yerevan state Azerbaijan dramatic theater,40.4374,49.847,Point(49.847 40.4374),10,building,theatre building,1928-01-01T00:00:00Z,,,,,,,,,,Azerbaijani theatre of Yerevan in 1937.jpg,,Yerevan state Azerbaijan dramatic theater,https://en.wikipedia.org/wiki/Yerevan_state_Azerbaijan_dramatic_theater,İrəvan Dövlət Azərbaycan Dram Teatrı,Ереванский азербайджанский государственный драматический театр,True,,poi,"Yerevan Azeri drama theater was named after Jafar Jabbarly (Azerbaijani: Cəfər Cabbarlı adına İrəvan Dövlət Azərbaycan Dram Teatrı) is the Azerbaijan State Drama Theater, launched in Yerevan in 1928.
During the years of 1934 - 1951 the main director of the theater was Bakhshi Galandarly. ""Othello"" was staged by the Yerevan drama theater named after J. Jabbarly in the ""All-Union Festival of Shakespearean Performances"", dedicated to the 380th anniversary of the birth of William Shakespeare in April 1944.
After a long break for several years, the theater started to work in Yerevan again in 1967. The plays such as, ""Sevil"" by J. Jabbarly, ""Namus"" by A. Shirvanzade, ""Farhad and Shirin"" by S. Vurgun, ""Flame"" by A. Erevanly and A. Suleymanov were included in repertoire of theater.",en
Q2879959,Haji Gayib’s bathhouse,40.366309,49.836614,Point(49.836614 40.366309),10,building,hammam,1500-01-01T00:00:00Z,,,Shirvan-Absheron architectural school,,,,,,cultural heritage monument in Azerbaijan,Hacı Bani hamamı 2016.jpg,"bath and historical architectural monument located in Baku, Azerbaijan",Haji Gayib bathhouse,https://en.wikipedia.org/wiki/Haji_Gayib_bathhouse,Hacı Qayıb hamamı,Баня Гаджи Гаиба,True,,poi,"Haji Gayib's bathhouse – is an ancient fortress construction near a coastal side of Icheri Sheher.
Haji Gayib's bathhouse is located in the Baku  quarter of Icheri Sheher, opposite the Maiden Tower. The history of the bathhouse is dated back to the 15th century.
The intake portal of the bathhouse is rectangular shaped. The whole complex of the bathhouse is divided into 3 groups: dressing room, changing room and a bathing area. The dressing and changing rooms have octagonal halls, surrounded by small rooms. Vaults and domes have various figured outlines and were implemented thoroughly. There is a pool with warm and cold water in the centre of the hall. The floors are covered with stone plates. Heating is promoted by ceramic pipes or channels under the floors of the rooms. Warm air, produced by water heating, circulates along these channels.",en
Q2078074,Heydar Aliyev Palace,40.3775,49.841389,Point(49.841389 40.3775),10,building,concert hall,1972-12-14T00:00:00Z,1972-12-14T00:00:00Z,,Art Nouveau architecture,Alish Lemberanskiy,,,,"Heydar Aliyev, Vladimir Lenin",,,concert hall in Baku,Heydar Aliyev Palace,https://en.wikipedia.org/wiki/Heydar_Aliyev_Palace,Heydər Əliyev Sarayı,Дворец имени Гейдара Алиева,True,,poi,"Heydar Aliyev Palace (Azeri: Heydər Əliyev Adına Saray, also known as Baku Palace, formerly Republic Palace (Respublika Sarayı) and during the Soviet era known as Lenin Palace (Лeнин aдынa) is the main music venue of Baku, Azerbaijan, seating 2,500 people. The palace was renamed after the death of Azerbaijani President Heydar Aliyev in 2003. Alish Lemberanskiy was the designer and main visioner of the palace.
It is a concert complex where state events are held alongside cultural programs. The concert hall of the palace is considered to be the biggest scene in the republic.",en
Q13668692,Khojaly Genocide Memorial,40.382991,49.873932,Point(49.873932 40.382991),10,monument,monument,2008-02-06T00:00:00Z,,8.6,,,,,"bronze, granite",,,,monument,Khojaly Massacre Memorial (Baku),https://en.wikipedia.org/wiki/Khojaly_Massacre_Memorial_(Baku),Ana harayı (abidə),Памятник жертвам Ходжалинской резни (Баку),True,,poi,"Ana harayı və ya Bakıda Xocalı soyqırımı abidəsi — 1992-ci ildə fevralın 25-dən 26-na keçən gecə Xocalı şəhərində mülki azərbaycanlılara qarşı erməni silahlı birləşmələri tərəfindən törədilmiş soyqırımı qurbanlarının xatirəsinə Bakı şəhərinin Xətai rayonunda, Şah İsmayıl Xətai metrostansiyası yaxınlığında ucaldılmış abidə. Layihənin rəhbəri memar Camal Rəşid Əlizadə, abidənin müəllifləri isə Aslan, Mahmud və Teymur Rüstəmovlardır. Hər il soyqırımın ildönümündə Azərbaycan Prezidenti və minlərlə Bakı sakini abidəni ziyarət edir.",az
Q31271606,Divankhana,40.366227777,49.833469444,Point(49.833469444 40.366227777),10,monument,monument,1500-01-01T00:00:00Z,,,Shirvan-Absheron architectural school,,,,,,,"Palacio de los Shirvanshah, Baku, Azerbaiyán, 2016-09-26, DD 165-167 HDR.jpg","architectural feature in Baku, Azerbaijan",Divankhana (Shirvanshah's Palace),https://en.wikipedia.org/wiki/Divankhana_(Shirvanshah%27s_Palace),Divanxana (Şirvanşahlar sarayı),Диван-хане,True,128.0,poi,"The Divankhana is a rotunda pavilion built on a tall stylobate in the north-west of the Shirvanshahs Palace, located in the historic Old City of Baku, in Azerbaijan. In the fifteenth century, Shirvanshah was built by order of Farrukh Yasar. Several stories describe the Divan's operation. It is believed that it served as a court, a reception hall, a government council or a tomb.
The stylistic features and the incomplete embroidery work allow the Divankhana to end at the end of the fifteenth century when the Safavid armies took Baku. The origin of the original architectural structure of the building is associated with pre-Islamic funeral ceremonies.
The Divankhana forms part of the UNESCO World Heritage-listed Palace of the Shirvanshahs.",en
Q16364172,House of Abdulla Shaig,40.375,49.825277777,Point(49.825277777 40.375),10,museum,historic house museum,1990-01-01T00:00:00Z,,,,,,,,,cultural heritage monument in Azerbaijan,Building on Abdulla Shaig Street 21.jpg,"museum in Baku, Azerbaijan",House Museum of Abdulla Shaig,https://en.wikipedia.org/wiki/House_Museum_of_Abdulla_Shaig,Abdulla Şaiqin ev-muzeyi,Дом-музей Абдуллы Шаига,True,,poi,"Abdulla Şaiqin ev-muzeyi – azərbaycanlı şair, yazıçı, dramaturq, publisist, əməkdar incəsənət xadimi Abdulla Şaiqin 1916–1959-cu illərdə yaşadığı ev; Memorial Muzeyinin ekspozisiyası yaşayış evinin quruluşu ilə birlikdə şairin həyat və fəaliyyətini əks etdirən kompleksdən ibarətdir.Azərbaycan Respublikası Mədəniyyət Nazirliyinin tabeliyindədir. Muzey, Bakı şəhəri, A. Şaiq küç.21 ünvanında yerləşir.

",az
Q16379369,House-Museum of Azim Azimzade,40.375,49.835833333,Point(49.835833333 40.375),10,museum,biographical museum,1968-01-01T00:00:00Z,,,,,,,,,,House-museum of Azim Azimzade 2.jpg,,House-Museum of Azim Azimzade,https://en.wikipedia.org/wiki/House-Museum_of_Azim_Azimzade,Əzim Əzimzadənin ev-muzeyi,Дом-музей Азима Азимзаде,True,,poi,"Əzim Əzimzadənin ev-muzeyi — 1968-ci ildə Bakıda yaradılmışdır. Muzey Dilarə Əliyeva küçəsi 157 ünvanında yerləşir. Əzim Əzimzadənin Ev-Muzeyi fırça ustasının vaxtilə yaşadığı ev xatirə muzeyi kimi Nazirlər Sovetinin 14 iyun 1965-ci il tarixli qərarı ilə yaradılıb. 1968-ci ildə fəaliyyətə başlayan mədəniyyət ocağı Bakıda rəssamlıq üzrə ilk ev-muzeylərdən biridir. 2019-cu ildə Azərbaycan milli rəngkarlıq sənətinin görkəmli nümayəndəsi, Xalq rəssamı Əzim Əzimzadənin Bakı şəhərindəki xatirə muzeyində Azərbaycan Respublikası Mədəniyyət Nazirliyinin tərəfindən aparılmış təmir işlərindən sonra açılış mərasimi keçirilmişdir.",az
Q106474533,Military Trophy Park,40.376388888,49.873055555,Point(49.873055555 40.376388888),10,museum,museum,2021-04-12T00:00:00Z,,,,,,,,,,İlham Əliyev Bakıda Hərbi Qənimətlər Parkının açılışında (46).jpg,"park in Baku, Azerbaijan",Military Trophy Park (Baku),https://en.wikipedia.org/wiki/Military_Trophy_Park_(Baku),Hərbi Qənimətlər Parkı,Парк военных трофеев,True,,poi,"The Military Trophy Park (Azerbaijani: Hərbi Qənimətlər Parkı), also referred to as War Trophies Park is a public park in Baku, the capital of Azerbaijan, containing war trophies seized by the Azerbaijani Armed Forces from the Armenian Army and the Artsakh Defence Army during the 2020 Nagorno-Karabakh war.
News of the park led to widespread condemnation in Armenia due to its display of helmets of dead Armenian soldiers and wax mannequins of Armenian troops. The Armenian government accused its Azerbaijani counterpart of publicly humiliating the memory of those killed in the war, with Armenia's ombudsman calling it a ""clear manifestation of fascism"". Several international journalists called the park ""barbaric"", and international observers also criticized the park. The Council of Europe's Commissioner for Human Rights, Dunja Mijatović, expressed concerns over the inauguration of the park and its display of ""dehumanising scenes"". 
The Azerbaijani Ministry of Foreign Affairs, on the other hand, stated that ""this practice exists in military museums in many countries of the world"" and that ""Azerbaijan has every right to perpetuate its victory through parades, parks, etc"". The wax figures and the helmets were removed from main display in October 2021, though a couple of helmets were left in the trenches. The employees of the park were cited saying that the models and helmets had been sent for repairs, but that it was not clear when they would be returned. Armenia's representative at ICJ Yeghishe Kirakosyan emphasized this was done in the period after Armenia filed the lawsuit at the ICJ, adding that Armenia was still demanding the full closure of the park.",en
Q30133050,House-Museum of Leopold and Mstislav Rostropovich,40.369676701,49.8274827,Point(49.8274827 40.369676701),10,museum,museum,2002-01-01T00:00:00Z,2002-01-01T00:00:00Z,,,,,,,,cultural heritage monument in Azerbaijan,Building on Rostropovichs Street 19.jpg,house-museum of Leopold and Mstislav Rostropovich in baku,House-Museum of Leopold and Mstislav Rostropovich,https://en.wikipedia.org/wiki/House-Museum_of_Leopold_and_Mstislav_Rostropovich,Leopold və Mstislav Rostropoviçlərin ev-muzeyi,Дом-музей Леопольда и Мстислава Ростроповичей,True,,poi,"The House-Museum of Leopold and Mstislav Rostropovich (Azerbaijani: Leopold və Mstislav Rostropoviçlərin ev-muzeyi, Russian: Дом-музей Леопольда и Мстислава Ростроповичей) is a national memorial/museum in Baku, Azerbaijan.",en
Q30119475,House-Museum of Tahir Salahov,40.366111111,49.834444444,Point(49.834444444 40.366111111),10,museum,museum,2012-01-01T00:00:00Z,2012-01-01T00:00:00Z,,,,,,,,,3-cü Əfəndiyev 1 (1).JPG,,House-Museum of Tahir Salahov,https://en.wikipedia.org/wiki/House-Museum_of_Tahir_Salahov,Tahir Salahovun ev-muzeyi,Дом-музей Таира Салахова,True,,poi,"Tahir Salahov's house-museum – Memorial museum of Azerbaijani artist, Hero of Socialist Labor, USSR and Azerbaijan State Prize laureate, People's Artist of the USSR, Professor Tahir Salahov.
The museum is located in Ilyas Afandiyev Street, close to ""Icherisheher"" State Historical-Architectural Reserve.",en
Q3701423,Villa Petrolea,40.37972,49.89361,Point(49.89361 40.37972),10,museum,museum,2008-01-01T00:00:00Z,2008-04-25T00:00:00Z,,,,,,,,,Villa Petrolea back.jpg,"Historical district in Baku, Azerbaijan",Villa Petrolea,https://en.wikipedia.org/wiki/Villa_Petrolea,Villa Petrolea,Вилла Петролеа,True,,poi,Villa Petrolea (lat. Villa Petrolea) – XIX əsrin sonlarında Nobel Qardaşları Neft İstehsal Cəmiyyəti (Branobel) tərəfindən şirkətin işçiləri üçün Bakı ətrafında Qara şəhərin sərhəddində salınmış yaşayış qəsəbəsidir. Həmçinin qəsəbədə yerləşən Nobel qardaşlarının şəxsi iqamətgahı da belə adlanır. Hazırda burada Nobel Qardaşları Muzeyi və bir neçə təşkilatın ofisi fəaliyyət göstərir.,az
Q16374671,House-Museum of Samad Vurgun,40.368733331,49.839494024,Point(49.839494024 40.368733331),10,museum,museum,1975-10-06T00:00:00Z,1975-10-06T00:00:00Z,,,,,,,Samad Vurgun,cultural heritage monument in Azerbaijan,Building on 6 Tarlan Aliyarbayov Street.jpg,,House-Museum of Samad Vurgun,https://en.wikipedia.org/wiki/House-Museum_of_Samad_Vurgun,Səməd Vurğunun ev-muzeyi,Дом-музей Самеда Вургуна (Баку),True,,poi,"The House-Museum of Samad Vurgun in Azerbaijan commemorates the poet, scientist, and public figure Samad Vurgun (1906–1956), twice the State Prize Laureate Samad Vurgun's house museum is the first memorial museum created to perpetuate the memory of writers and composers in Azerbaijan. It is under the control of Ministry of Culture and Tourism of the Republic of Azerbaijan.",en
Q20580851,Palace of Seyid Mirbabayev,40.362140444,49.834908251,Point(49.834908251 40.362140444),9,building,palace,,,,French Renaissance architecture,Pavel Shternberg,,,,,cultural heritage monument in Azerbaijan,Palace of Mirtaghi Babayev common.JPG,"palace in Azneft Square, Baku, Azerbaijan",Palace of Seyid Mirbabayev,https://en.wikipedia.org/wiki/Palace_of_Seyid_Mirbabayev,Seyid Mirbabayevin sarayı,Дворец Сеида Мирбабаева,True,,poi,"The Palace of Seyid Mirbabayev is a palace in Azneft Square, Baku, Azerbaijan. It was owned by Seyid Mirbabayev, a singer who became one of the oil millionaires of Azerbaijan. The building was built in the style of French Renaissance architecture based on the architect Pavel Stern's project. The plasticity of the facade, the shape of the architectural detail, the individuality of the stone procession, the building culture have shaped the aesthetic environment in the image of the building.",en
Q31299025,Haji Shahla Mosque,40.463816181,49.920324924,Point(49.920324924 40.463816181),9,mosque,mosque,1385-01-01T00:00:00Z,,,,,,,,,cultural heritage monument in Azerbaijan,Haci-Shahla-restoration.jpg,"Mosque in Balakhany, Baku, Azerbaijan",Haji Shahla Mosque,https://en.wikipedia.org/wiki/Haji_Shahla_Mosque,Hacı Şəhla məscidi,Мечеть Гаджи Шахла,False,,poi,"The Haji Shahla Mosque (Azerbaijani: Hacı Şəhla məscidi, Persian: مسجد حاجی شهلا) is a former mosque and architectural monument located in the Balakhany town of Baku, in Azerbaijan. The inscription on the mosque indicates that it was built in 787 AH (1385/1386 CE) under the Iranian Shirvanshahs and by the order of Haji Shahla bin Shakir bin Mustafa Koskin, constructed by the master architect Arif, son of the master Musa Jibal.
After Azerbaijan regained independence, the building was included in the list of significant immovable historical and cultural monuments of the country by the decision numbered 132 of the Cabinet of Ministers of the Republic of Azerbaijan on August 2, 2001.",en
Q196266,Synagogue of the Ashkenazi Jews in Baku,40.375625,49.837829,Point(49.837829 40.375625),9,building,"Ashkenazi synagogue, synagogue",1946-01-01T00:00:00Z,,,,,,,,,,Sinagogue of Ashkenazi Jews in Baku.jpg,synagogue,Synagogue of the Ashkenazi Jews in Baku,https://en.wikipedia.org/wiki/Synagogue_of_the_Ashkenazi_Jews_in_Baku,Aşkenazi yəhudilərinin sinaqoqu (Bakı),Синагога ашкеназских евреев в Баку,True,,poi,"Aşkenazi yəhudilərinin sinaqoqu — Bakı şəhərində, Dilarə Əliyeva küçəsi, 171 ünvanında yerləşən Aşkenazi və Gürcüstan yəhudilərinin sinaqoqu. Sinaqoq 2002-2003-cü illərdə memar Aleksandr Harberin layihəsi əsasında qüds memarlıq üslubunda inşa edilmişdir. Sinaqoq son 60-80 ildə Yaxın Şərqdə tikilmiş birinci sinaqoq sayılır.",az
Q20578458,Palace of Zeynalabdin Taghiyev,40.369477777,49.840122222,Point(49.840122222 40.369477777),9,building,building,1893-01-01T00:00:00Z,,,Renaissance architecture,Józef Gosławski,,,,,cultural heritage monument in Azerbaijan,Tağıyevin sarayı 2020.jpg,"building in Baku, Azerbaijan",Palace of Zeynalabdin Taghiyev,https://en.wikipedia.org/wiki/Palace_of_Zeynalabdin_Taghiyev,Hacı Zeynalabdin Tağıyevin sarayı,Дворец Зейналабдина Тагиева,True,9.0,poi,"Palace of Zeynalabdin Taghiyev – Baku, H.Z. Taghiyev Street 4 (former Gorkogovskaya Street 6), previously owned by Baku millionaire Zeynalabdin Taghiyev, and now the palace building houses the National Museum of History of Azerbaijan. The building was constructed in 1893–1902 by Polish civil engineer Józef Gosławski. The palace was Taghiyev's gift for his wife Sona khanim. The building covers a whole quarter in the central part of the city and has an ancient planning structure. The main symmetrical facade has been built in the forms of Italian Renaissance.",en
Q16487361,Trump International Hotel & Tower Baku,40.38865833,49.86488056,Point(49.86488056 40.38865833),9,building,building,2008-01-01T00:00:00Z,,,,,,,,,,,"Hotel and tower in Baku, Azerbaijan",The Ritz-Carlton Baku Hotel,https://en.wikipedia.org/wiki/The_Ritz-Carlton_Baku_Hotel,The Ritz-Carlton Baku,Trump Tower Baku,True,,poi,"The Ritz-Carlton Baku Hotel, formerly known as Trump International Hotel & Tower Baku is a 33-floor hotel and condominium tower located in the Nasimi District in Baku, Azerbaijan. Construction began in 2008, when the project was initially planned as an apartment building. The project was owned by Baku XXI Century, a company affiliated with several members of the Mammadov family, which has been described as having a reputation for corruption.
Businessman Donald Trump became involved with the unfinished project in May 2012, through his company, The Trump Organization. Trump announced his involvement with the project in November 2014, with plans to have the building opened as a hotel and condominium property in June 2015. Construction was delayed in 2015, and the project remained unfinished. After Trump announced his candidacy for U.S. president in the 2016 election, several news organizations reported on his involvement with the project, which raised questions about possible corruption involving the Mammadov family. The building eventually opened in 2022 under the Ritz-Carlton brand.",en
Q53623064,Velopark,40.307502,49.806205,Point(49.806205 40.307502),9,architectural structure,sports venue,,,,,,,,,,,Opening of the Baku Bike Park 5.jpg,"motor racing venue in Baku, Azerbaijan",Velopark (Baku),https://en.wikipedia.org/wiki/Velopark_(Baku),Bakı Veloparkı,Велопарк Баку,False,,poi,"Bakı Veloparkı — Azərbaycan Respublikasının paytaxtı Bakı şəhərində velosiped idmanı ilə məşğul olanlar üçün nəzərdə tutulan beynəlxalq səviyyəli idman qurğusu. Azərbaycan Velosiped İdmanı Federasiyasının balansındadır.
Hazırda Veloparkın yerləşdiyi ərazidəki park 1970-ci illərin əvvəllərində Heydər Əliyevin təşəbbüsü ilə salınmışdır. 1990-cı illərin əvvəllərində baxımsızlıq üzündən bərbad hala düşən bu ərazidə qanunsuz tikililər inşa olunmuşdur. 2005-ci ilin sentyabrında Prezident İlham Əliyev parkın ərazisində təmizlik işlərinin aparılması barədə göstəriş vermişdir. 2013-cü ildə isə parkın ərazisi baza kimi Azərbaycan Velosiped İdmanı Federasiyasına təhkim edilmişdir. 

Bundan sonra həmin Federasiya tərəfindən 40 hektar ərazidə genişmiqyaslı abadlıq işləri aparılmış, burada minlərlə ağac əkilmiş, yarışlar üçün 4 velosiped marşrutu, o cümlədən dağ velosiped idmanı üçün yollar salınmışdır. Ümumi sahəsi 30 hektardan çox olan Veloparkın ərazisində 2015-ci ildə ilk dəfə keçirilmiş Avropa Oyunlarında istifadə olunmuş BMX veloparkı da inşa olunmuşdur. Sahəsi 28 min kvadratmetr olan BMX veloparkında yarışların keçirilməsi üçün maneəli meydança qurulmuşdur ki, onun da sahəsi 6700 kvadratmetrdir.
Meydançada yaradılan şərait Beynəlxalq Velosipedçilər İttifaqının standartlarına tam uyğundur. Həm yarış iştirakçıları, həm də azarkeşlər üçün hər cür şəraitin yaradıldığı BMX veloparkında 1197 nəfərlik tamaşaçı yeri yaradılmışdır. Burada yüksək səviyyəli qonaqlar, idmançılar, əlil tamaşaçılar və mətbuat nümayəndələri üçün xüsusi yerlər nəzərdə tutulmuşdur. Veloparkın ərazisində tikilən ikimərtəbəli ofis binasında qeydiyyat mərkəzi, iş, dopinq nəzarət, dopinq analizgötürmə otaqları, 25 yerlik iclas zalı və digər yardımçı otaqlar yaradılmışdır. Ofis binasının damında xüsusi örtüklü start meydançası, idmançıların hazırlaşması üçün 20 çadır quraşdırılıb. Ərazidə VIP, Olimpiya ailəsi, beynəlxalq federasiyaların təmsilçiləri, rəsmi nümayəndələr üçün avtodayanacaq, qeydiyyat, fərdi yerləşdirmə və digər xidmət sahələri də mövcuddur.
Azərbaycan Respublikasının Prezident İlham Əliyev, xanımı Mehriban Əliyeva və qızı Arzu Əliyeva 13 may 2015-ci ildə Veloparkın açılışında iştirak etmişlər.",az
Q4832398,Azerbaijan State Pantomime Theatre,40.3819,49.8458,Point(49.8458 40.3819),9,building,theatre building,1994-01-01T00:00:00Z,1994-01-01T00:00:00Z,,,,,,,,cultural heritage monument in Azerbaijan,Pantomima teatrı 1501.jpg,"pantomime theatre in Baku, Azerbaijan",Azerbaijan State Pantomime Theatre,https://en.wikipedia.org/wiki/Azerbaijan_State_Pantomime_Theatre,Azərbaycan Dövlət Pantomim Teatrı,Азербайджанский государственный театр пантомимы,True,,poi,Азербайджанский Государственный Театр Пантомимы (азерб. Azərbaycan Dövlət Pantomim Teatrı) — первый театр пантомимы в истории театрального искусства Азербайджана.,ru
Q14814260,Gasim bey Bath,40.363746,49.834244,Point(49.834244 40.363746),9,building,hammam,,,,Shirvan-Absheron architectural school,,,,,,cultural heritage monument in Azerbaijan,Gasimbey bath in Baku (Ichery Sheher).JPG,"A bath and historical architectural monument located in Baku, Azerbaijan.",Gasim bey Bath,https://en.wikipedia.org/wiki/Gasim_bey_Bath,Qasımbəy hamamı,Баня Касум-бека,True,,poi,"The Gasim bey Bath, built in the 17th century, is a medieval monument of national importance. Also named Sweet Bath for the sweets served to bathers with their tea, it is located near the Salyan gates of the fortress, Icheri Sheher, Azerbaijan.
The bath has a traditional design, with an entrance hall, a cloakroom, baths, swimming pools and a boiler-house. Cross-shaped domes are in the dressing room and swimming pool. They were located on the sides of rooms with their chambers. Ceramic tubes were located in the walls and under the floor for supplying water and heating.
In 1970, the bath was reconstructed, and turned into a pharmacy known as the “Green Pharmacy”.",en
Q4047261,Port Baku Towers,40.375555555,49.86,Point(49.86 40.375555555),9,building,"skyscraper, tower block",,2011-01-01T00:00:00Z,,,Chapman Taylor,,,,,,Port Baku.jpg,"high-rise office buildings in Baku, Azerbaijan",Port Baku Towers,https://en.wikipedia.org/wiki/Port_Baku_Towers,Port Baku Towers,Port Baku Towers,True,,poi,"Port Baku Towers (рус. Порт Баку Тауэрс) — высотные офисные здания в Баку, совместно с проектами Port Baku residence и The Crescent Development Project являются первым преобразовательным архитектурным объектом, предусмотренным для земель порта, который переносится из центра города в Сумгаит.
Высотки расположились на проспекте Нефтяников города Баку по соседству с морским портом. Комплекс включает две башни — северную и южную — соответственно в 14 и 33 этажа. В зданиях имеются офисы класса «А», торговые площади, международный SPA и оздоровительный центр, рестораны и кафе. Имеется парковка на 1200 автомашин.
Форма самой высокой башни представляет собой трёхгранную призму с треугольным нижним и верхним основанием. За счет этого вид здания сильно варьирует в зависимости от угла его просмотра. При обзоре башни с восточной и западной части города высотка выглядит как плоский прямоугольник; с юга — видны две боковые грани призмы (здания), сходящиеся в её ребро; с севера — закруглённая грань, дающая представление о цилиндрической форме высотки. По мнению сайта skyscrapernews.com, такая форма здания напоминает нью-йоркский небоскреб начала 20 века — Флэтайрон-билдинг. Но в отличие от последнего, верхние этажи южной башни Port Baku постепенно сужаются, что создает некую выпуклость срединной её части. Такое геометрическое решение позволяет уменьшить количество балок на верхних этажах, что придает стеклам здания устойчивый синий оттенок, высокую отражательную способность днем, кристальную прозрачность ночью.",ru
Q4505122,Saint Thaddeus and Bartholomew Cathedral,40.37722222,49.84444444,Point(49.84444444 40.37722222),9,architectural structure,destroyed building or structure,1907-01-01T00:00:00Z,,,Armenian architecture,Hovhannes Katchaznouni,,,,,,Budagovsky armenian temple in Baku.jpg,demolished Armenian church in Baku,Saint Thaddeus and Bartholomew Cathedral,https://en.wikipedia.org/wiki/Saint_Thaddeus_and_Bartholomew_Cathedral,Müqəddəs Faddey və Varfolomey kilsəsi,Кафедральный собор Святых Фаддея и Варфоломея (Баку),True,,poi,"Saint Thaddeus and Bartholomew Cathedral (Armenian: Սուրբ Թադևոս-Բարդուղիմեոս Մայր Տաճար, Russian: Церковь Святого Фаддея и Варфоломея, Azerbaijani: Surp Tadevos-Barduğimeos Erməni Kilsəsi), also known as the Budagovski Cathedral, was an Armenian Apostolic church in Baku, Azerbaijan, built in 1910 and consecrated in 1911. It was located on the Bondarnaya-Dmitrova street (now known as Shamsi Badalbeyli street). 
Construction began on 2 August 1907 and was completed in 1910. The architect of the church was Hovhannes Kajaznuni.
As part of the policy of destruction of religious buildings of the USSR government, the cathedral was demolished in 1930, to be replaced with the building of the Baku Academy of Music.",en
Q14942756,The Museum Centre,40.36974,49.84259,Point(49.84259 40.36974),9,museum,"museum, museum building",1955-01-01T00:00:00Z,,,,Hasan Majidov,,,,,,"Sabayil, Baku, Azerbaijan - panoramio (131).jpg","museum centre in Baku, Azerbaijan",Museum Center (Baku),https://en.wikipedia.org/wiki/Museum_Center_(Baku),Muzey Mərkəzi (Bakı),Музейный центр (Баку),True,,poi,"The Museum Center of the Ministry of Culture and Tourism of the Republic of Azerbaijan is a building located in Baku, Azerbaijan near Boulevard. The classical and conceptual art exhibitions of modern Azerbaijan, anniversary and personal exhibitions of famous artists, debut creativity of new artists are demonstrated here.
The Museum Center of the Ministry of Culture and Tourism of the Republic of Azerbaijan includes:

Azerbaijan State Museum of Musical Culture
Azerbaijan State Theatre Museum
Independence Museum of Azerbaijan
Azerbaijan State Museum of History of Religion
An art gallery
A circular ceremonial hall
An assembly hall",en
Q37926509,House-Museum of Bulbul (Baku),40.373192766,49.84386589,Point(49.84386589 40.373192766),9,museum,museum,1976-06-16T00:00:00Z,1982-06-10T00:00:00Z,,,,,,,,cultural heritage monument in Azerbaijan,Bulbul 1.jpg,"museum in Baku, Azerbaijan",House-Museum of Bulbul,https://en.wikipedia.org/wiki/House-Museum_of_Bulbul,Bülbülün ev-muzeyi (Bakı),Дом-музей Бюль-Бюля (Баку),True,,poi,"House Museum of Bulbul (Azerbaijani: Bülbülün ev muzeyi) or Memorial Museum of Bulbul (Azerbaijani: Bülbülün xatirə muzeyi) is a historic house museum of famous Azerbaijani Soviet singer Bulbul. The memorial museum was created in 1976 on the personal initiative of Heydar Aliyev and the museum had a ceremonial opening in 1982. The museum is located in Bulbul 15, Sabail, Baku.",en
Q19909160,House-Museum of Sattar Bahlulzade,40.423055555,49.9875,Point(49.9875 40.423055555),9,museum,museum,2014-05-22T00:00:00Z,,,,,,,,,,House-museum of Sattar Bahlulzadeh25.jpg,[ABOUT] PUPCARE GARDEN PUPPIES & DOGS,House-Museum of Sattar Bahlulzade,https://en.wikipedia.org/wiki/House-Museum_of_Sattar_Bahlulzade,Səttar Bəhlulzadənin ev-muzeyi,Дом-музей Саттара Бахлулзаде,False,,poi,"Sattar Bahlulzade's House Museum is a house-museum created for Sattar Bahlulzade, one of the most prominent representatives of the Azerbaijani painting school, the Honored Art Worker of Azerbaijan (1960), the People's Artist of Azerbaijan (1963), and the State Prize laureate of the Azerbaijan SSR (1972).

",en
Q12840429,ANAS House-Museum of Huseyn Javid,40.368261,49.8331,Point(49.8331 40.368261),9,museum,museum,1981-01-01T00:00:00Z,2002-10-24T00:00:00Z,,,,,,,,cultural heritage monument in Azerbaijan,"Institute of Manuscripts, Baku, 2010.jpg",,ANAS House-Museum of Huseyn Javid,https://en.wikipedia.org/wiki/ANAS_House-Museum_of_Huseyn_Javid,Hüseyn Cavidin ev-muzeyi,Дом-музей Гусейна Джавида,True,,poi,"Huseyn Javid's House Museum is a scientific research institute incorporated into the Science Department of the Azerbaijan National Academy of Sciences (ANAS). The museum was created at the house where Azerbaijani poet and playwright Huseyn Javid lived during 1920–1937.

",en
Q20576490,Buzovna Juma Mosque,40.5172,50.1134,Point(50.1134 40.5172),8,mosque,mosque,1896-01-01T00:00:00Z,,,Shirvan-Absheron architectural school,,,,stone,,cultural heritage monument in Azerbaijan,"Friday mosque of Ali ibn Abu Talib, Buzovna, 2010 (4).jpg","Mosque in Baku, Azerbaijan",Buzovna Juma Mosque,https://en.wikipedia.org/wiki/Buzovna_Juma_Mosque,Cümə məscidi (Buzovna),Джума-мечеть (Бузовна),False,,poi,"The Buzovna Juma Mosque, also known as the Ali ibn Abi Talib Mosque, is a mosque and a historical-architectural monument located in the Buzovna settlement of the Khazar raion of Baku, Azerbaijan.
By decision No. 132 of the Cabinet of Ministers of the Republic of Azerbaijan dated August 2, 2001, the mosque was included in the list of immovable historical and cultural monuments of local significance.",en
Q124359066,Gasimbey Mosque,40.3725,49.83256,Point(49.83256 40.3725),8,mosque,mosque,1892-01-01T00:00:00Z,,,"Islamic architecture, Shirvan-Absheron architectural school",Meshadi Mirza Qafar Ismayilov,,,,,cultural heritage monument in Azerbaijan,Qasımbəy məscidi 2024 (1).jpg,"Mosque in Baku, Azerbaijan",Gasimbey Mosque,https://en.wikipedia.org/wiki/Gasimbey_Mosque,Qasımbəy məscidi,Мечеть Гасымбей,True,,poi,"The Gasimbey Mosque is a mosque and historical architectural monument, located in the city of Baku, Azerbaijan.
Completed in 1896, the mosque was included in the list of local significant immovable historical and cultural monuments by decision No. 132 of the Cabinet of Ministers of the Republic of Azerbaijan on August 2, 2001.
Abandoned during Soviet occupation, after Azerbaijan regained its independence, the building resumed its purpose as a mosque.",en
Q124985981,Karbalai Abdulla Mosque,40.3753,49.8366,Point(49.8366 40.3753),8,mosque,mosque,1894-01-01T00:00:00Z,,,Shirvan-Absheron architectural school,,,,,,cultural heritage monument in Azerbaijan,Kerbala Abdulla mosque.jpg,"mosque in Baku, Azerbaijan",Kerbelayi Abdulla Mosque,https://en.wikipedia.org/wiki/Kerbelayi_Abdulla_Mosque,Kərbəlayi Abdulla məscidi,Мечеть Кербалаи Абдуллы,True,,poi,"Мечеть Кербелаи Абдуллы (азерб. Kərbəlayi Abdulla məscidi) — мечеть и историко-архитектурный памятник, расположенный в городе Баку, на улице Диляры Алиевой, 155. Была построена в 1894 году по заказу благотворителя Абдуллы Зарбалиева.
После восстановления независимости Азербайджана постановлением Кабинета министров Азербайджанской Республики от 2 августа 2001 года № 132 мечеть была включена в список недвижимых памятников истории и культуры местного значения.",ru
Q60673825,Shah Abbas Mosque (Keshla),40.3975,49.894722222,Point(49.894722222 40.3975),8,mosque,mosque,1700-01-01T00:00:00Z,,,Shirvan-Absheron architectural school,,,,,,cultural heritage monument in Azerbaijan,Keşlə məscidinin planı.jpg,mosque in Azerbaijan,Shah Abbas Mosque (Keshla),https://en.wikipedia.org/wiki/Shah_Abbas_Mosque_(Keshla),Şah Abbas məscidi (Keşlə),Мечеть Шах Аббаса (Кешля),True,,poi,"The Shah Abbas Mosque  (Azerbaijani: Şah Abbas Məscidi) is a mosque in the Keshla settlement of the Nizami district of Baku, Azerbaijan. The mosque of Keshla village is a monument of the 17th century and was built by the order of the Safavid Persian king Shah Abbas.",en
Q20980828,Quadrangular Tower,40.368131,49.834105,Point(49.834105 40.368131),8,building,building,1200-01-01T00:00:00Z,,,Shirvan-Absheron architectural school,,,,,,cultural heritage monument in Azerbaijan,Keep of the Fortress of Baku 2.JPG,"A tower and historical architectural monument located in Baku, Azerbaijan.",Quadrangular Tower,https://en.wikipedia.org/wiki/Quadrangular_Tower,Dördbucaqlı qala,Четырёхугольная башня (Ичери-шехер),True,,poi,"Quadrangular Tower (Azerbaijani: Dördbucaqlı qala, Persian: برج چهار گوش), or Keeper of the Fortress of Baku (Azerbaijani: Bakı qalasının donjonu, Persian: نگهبان قلعه باکو), is a stone keep built in the 14th century by the Iranian Shirvanshahs. It is part of the Old City in Baku, Azerbaijan. On August 2, 2001, the building was declared a ""national architectural monument"" by the Cabinet of Azerbaijan.",en
Q16642153,Baku Sports Hall,40.3586,49.835,Point(49.835 40.3586),8,architectural structure,sports venue,1974-01-01T00:00:00Z,1974-01-01T00:00:00Z,,,,,,,,cultural heritage monument in Azerbaijan,,sports venue,Baku Sports Palace,https://en.wikipedia.org/wiki/Baku_Sports_Palace,Bakı İdman Sarayı,Дворец ручных игр,True,,poi,"Baku Sports Palace (also known as Baku Sport Hall) is an indoor arena located in Baku, Azerbaijan. Originally, the arena was named Palace of Hand Games (Azerbaijani: Əl Oyunları Sarayı) until 2015. It is located near the Baku Boulevard on the Caspian Sea coast. It was built in 1974 and renovated in 2015. The arena consists of 1736 seats.
Various domestic and international competitions such as badminton, judo, futsal, wrestling, table tennis, taekwondo and volleyball are held in the Palace.",en
Q4472311,Istiglaliyyat Street,40.363611111,49.831111111,Point(49.831111111 40.363611111),8,architectural structure,street,,,,,,,,,,,İsmailiyyə palace common.JPG,"street in Baku, Azerbaijan",Istiglaliyyat Street,https://en.wikipedia.org/wiki/Istiglaliyyat_Street,İstiqlaliyyət küçəsi,Улица Истиглалият,True,,street,"İstiqlaliyyət küçəsi — Bakı şəhərinin Səbail rayonu ərazisində yerləşən tarixi küçə. Küçə öz başlanğıcını indiki BMT-nin Əlliilliyi küçəsindən götürür və Əziz Əliyev küçəsində isə tamamlanır. Küçənin uzunluğu 1,3 km-dir.
XIX əsrin sonlarında Bakının genişlənməsi nəticəsində salınan ilk küçələrdən biri olan İstiqlaliyyət küçəsi , artıq 100 ildən çoxdur ki, Bakının ən gözəl və önəmli küçələrindən biridir. İçərişəhər ətrafı şəhər magistralının mühüm hissəsini təşkil edən İstiqlaliyyət küçəsinin böyük bir hissəsi həm də Bakı Şəhər Halqasına daxildir.
Bakıda ilk çoxmərtəbəli bina burada tikilmiş (Mirzəbəyovun mədaxil evi), ilk park burada salınmış (Filarmoniya bağı), ilk heykəl burada ucaldılmış (Mirzə Ələkbər Sabirin heykəli) və ilk hərbi parad bu küçədə keçirilmişdir. Küçə ilk dəfə İmperator I Nikolayın şərəfinə Nikolayevski adlandırılıb. SSRİ dövründə küçə Kommunistiçeskaya adlandırılıb. Azərbaycan müstəqillik əldə etdikdən sonra isə küçənin adı növbəti dəfə dəyişdirilərək “İstiqlaliyyət” adlandırılıb.
Memarlıq-planlaşdırma quruluşu və həcmli-məkan sistemi kimi İstiqlaliyyət küçəsi, Bakı şəhərinin özünəməxsus ensiklopedik şəhərsalma formasını təşkil edir. XIX–XX əsrin əvvəllərinin əsas memarlıq təzahürləri, indiki dövrə qədər öz stilistik cizgilərini tam olaraq qoruyub saxlamış bu bədii panoramada əksini tapmışdır. Küçədə milli-romantik, barokko və neoqotika üslublarından istifadə edilərək stilistik istiqamətlərin müxtəlifliyinin yaradılmasına baxmayaraq, küçənin inşasında klassik memarlıq üsullarına üstünlük verilmişdir.",az
Q4381302,Neftchilar Avenue,40.3597,49.834,Point(49.834 40.3597),8,architectural structure,street,,,,,,,,,Neftchilar,,"Neftchiler Avenue, Baku, 2010 (2).jpg","street in Baku, Azerbaijan",Neftchiler Avenue,https://en.wikipedia.org/wiki/Neftchiler_Avenue,Neftçilər prospekti,Проспект Нефтяников,True,,street,"Neftchiler Avenue (Azerbaijani: Neftçilər Prospekti; literally Oil Workers' Prospect) is an  arterial road in Baku, Azerbaijan. It begins at the west end of the Bayil district of Baku and continues east until terminating at Javanshir Bridge (formerly Gagarin Bridge), intersecting Uzeyir Hajibeyov Street. It is used as part of the Baku City Circuit, including the start/finish straight located next to Government House
Previous names of Neftchiler Avenue were Alexander II Quay, Gubanov Quay, and Stalin Avenue. The street was named Neftchilar Avenue in 1961 in honour of workers of oil industry in Azerbaijan. The larger section of the avenue runs along Baku Boulevard.",en
Q4753153,Ismat Gayibov Stadium,40.43694444,49.95388889,Point(49.95388889 40.43694444),8,building,stadium,,,,,,,,,,,Neftchi-2 vs. Qarabag 2 at Ismat Gayibov Stadium (1).jpg,"multi-use stadium in Bakikhanov, Baku, Azerbaijan",Ismat Gayibov Stadium,https://en.wikipedia.org/wiki/Ismat_Gayibov_Stadium,İsmət Qayıbov adına stadion,Стадион имени Исмета Гаибова,False,,poi,"Ismat Gayibov Stadium, also referred as Bakikhanov Stadium, is a multi-use stadium in the Bakikhanov settlement of Baku, Azerbaijan. It is named in honor of Ismat Gayibov (1942–1991). It is used mostly for football matches. In February 2011, the president of Neftchi Baku football club Sadyg Sadygov announced that in domestic competitions Neftchi will host the rivals in Ismat Gayibov Stadium beginning in the 2011–2012 season. The stadium is named for Ismat Gayibov, who was the Public Prosecutor General of Azerbaijan when he died in the 1991 Azerbaijani Mil Mi-8 shootdown.",en
Q12848886,Two-Storeyed Caravanserai,40.36565,49.836805,Point(49.836805 40.36565),8,building,caravanserai,,,,Shirvan-Absheron architectural school,,,,,,cultural heritage monument in Azerbaijan,Two floory carvansarai in Baku.JPG,"caravanserai in the Old City of Baku, Azerbaijan",Two-Storeyed Caravanserai,https://en.wikipedia.org/wiki/Two-Storeyed_Caravanserai,İkimərtəbəli karvansara (Bakı),Двухэтажный караван-сарай,True,,poi,"Two-storeyed caravanserai (Azerbaijani: İkimərtəbəli karvansara) or Gasim bey caravanserai (Azerbaijani: Qasım bəy karvansarası) is a historic monument of the XV century. It is a part of Old City and located on Hagigat Rzayeva street, in the city of Baku, in Azerbaijan. The building was also registered as a national architectural monument by the decision of the Cabinet of Ministers of the Republic of Azerbaijan dated August 2, 2001, No. 132.",en
Q12849518,Shagan Castle,40.49751,50.12938,Point(50.12938 40.49751),8,architectural structure,fortress,,,,Shirvan-Absheron architectural school,,,,,,cultural heritage monument in Azerbaijan,Qq1.jpg,historic castle in Azerbaijan,Shaghan Castle,https://en.wikipedia.org/wiki/Shaghan_Castle,Şağan qalası,Шаганская крепость,False,,poi,"Shaghan Castle is one of the 12th - 13th century Absheron castles located in Shaghan settlement. As a result of a strong earthquake in 1841, most of the castle was destroyed. Currently, only one tower exists.
The castle was included in the list of immovable historical and cultural monuments of national importance by decision No. 132 issued by the Cabinet of Ministers of the Republic of Azerbaijan on August 2, 2001.
In 2001, the Shaghan fortress was included in the UNESCO Reserve list along with other Caspian coastal fortifications.",en
Q65275361,Underground Bath of Baku,40.368611111,49.836944444,Point(49.836944444 40.368611111),8,building,hammam,1700-01-01T00:00:00Z,,,Shirvan-Absheron architectural school,,,,,,cultural heritage monument in Azerbaijan,İçərişəhərdəki Yeraltı hamam bərpa və konservasiya işlərindən sonra.jpg,"hammam in Baku, Azerbaijan",Underground Bath (Baku),https://en.wikipedia.org/wiki/Underground_Bath_(Baku),Yeraltı hamam (Bakı),Подземная баня (Ичери-шехер),True,,poi,"Yeraltı hamam — İçərişəhərdə yerləşən XVII əsrin əvvəllərinə aid tarix-memarlıq abidəsi. İnşasında guşə daşlarından istifadə edilən hamam kompleksi İçərişəhər ərazisinin cənub-şərqində yerləşir. Dam səthində gil-əhəng qarışıqlı məhluldan izolyasiya material kimi istifadə edilmiş, daxili divarlarda isə əhəng materialından suvaq növü kimi işlədilmişdir. Daxili divar və döşəmə materialları kimi ""gülbax"" növlü aqlay daşlardan istifadə edilmişdir.Təxminən 340 m² sahəni əhatə edən hamam kompleksinin giriş hissəsi cənub-şərq tərəfdən olmaqla (sahəsi 2.33 m2) giriş pilləkənləri şərq divarlarına tərəf istiqamətlənmişdir.
2015-ci ildə həyata keçirilmiş qazıntı işləri nəticəsində hamam kompleksinin əsas hissəsi torpaqdan təmizlənmiş, memarlıq quruluşu təyin olunmuşdur. Həmin il bəzi otaqlarda təhlükəsizlik baxımından yalnız təmizlənmə işləri aparılmamış, yalnız bərkidilmə işləri görüldükdən sonra bu il onun tam torpaqdan açılması mümkün olmuşdur. 2016-cı ildə abidənin şərq hissəsində təhlükəli olan otaqların bərkildilməsindən sonra, arxeoloji qazıntı işlərinə başlanılmışdır. Kompleksin qərb hissəsindəki sahədə qazıntıların genişlənməsi nəticəsində 3 metr dərinliyində tikinti və divar aşkar olunmuşdu.",az
Q114472656,Khojasan,40.4211517,49.7790664,Point(49.7790664 40.4211517),8,building,"last station, metro station, station located on surface",,2022-12-23T00:00:00Z,,,,,,,Khojasan,,Ilham Aliyev attended opening of “Khojasan” station and electric depot of Baku Metro 13.jpg,"metro station in Baku, Azerbaijan",Khojasan (Baku Metro),https://en.wikipedia.org/wiki/Khojasan_(Baku_Metro),Xocəsən metrostansiyası,Ходжасан (станция метро),False,,transit_mixed,«Ходжаса́н» (азерб. Xocəsən) — конечная станция Фиолетовой линии Бакинского метрополитена. Станция расположена на территории электродепо «Ходжасан». Станция открыта в составе третьей очереди Фиолетовой линии Бакинского метрополитена «Автовокзал» — «Ходжасан».,ru
Q4281244,Mardakan Arboretum,40.49,50.159,Point(50.159 40.49),8,architectural structure,arboretum,1924-01-01T00:00:00Z,,,,,,,,,,Mardakan dendrariy.jpg,"arboretum in Baku, Azerbaijan",Mardakan Arboretum,https://en.wikipedia.org/wiki/Mardakan_Arboretum,Mərdəkan dendrarisi,Мардакянский дендрарий,False,,poi,"The Mardakan arboretum is located in the Mardakan township on the semi-arid Absheron peninsula, 40 km (25 mi) away from Baku. It was a personal garden of Murtuza Mukhtarov, a tycoon and oil millionaire of his time around 1895–1920s. Currently, an area of the Arboretum is 24 hectares. The Arboretum is listed among the world's richest collections for the number and age of flora species. About 1,800 species including 1,540 plant types and breeds both from Azerbaijan and many other countries are being introduced to visitors.",en
Q16495812,SOFAZ Tower,40.41416667,49.90194444,Point(49.90194444 40.41416667),8,building,skyscraper,2014-01-01T00:00:00Z,,,,,,,,,,,"skyscraper in Baku, Azerbaijan",SOFAZ Tower,https://en.wikipedia.org/wiki/SOFAZ_Tower,SOFAZ Tower,SOFAZ Tower,False,,poi,"SOFAZ tower (ARDNF qülləsi) — Azərbaycanın paytaxtı Bakı şəhərində yerləşən çoxmərtəbəli binadır. Azərbaycan Respublikası Dövlət Neft Fondunun (ARDNF) yeni inzibati binası olan bu göydələn yüksək beynəlxalq standartlara uyğun olan ən son texnoloji yenilikləri və Azərbaycanın 9 xalçaçılıq məktəbinin elementlərini özündə ehtiva edən unikal layihədir.
Azərbaycan Respublikası Nazirlər Kabinetinin 29 dekabr 2009-cu il tarixli, 367s nömrəli Sərəncamı ilə Azərbaycan Respublikası Dövlət Neft Fondunun (ARDNF) yeni inzibati binasının tikilməsi məqsədilə Nizami rayonu 6-cı Köndələn küçəsi 2 ünvanında 0,64 hektar torpaq ərazisi Fondun balansına verilmişdir. Həmin gündə prezident İlham Əliyev onun bünövrəsinin təntənəli qoyulması mərasimində iştirak etmişdir.
20 dekabr 2011-ci ildə N. V. Besix S. A. şirkət-inşaatçısı ilə tikintiyə dair ikitərəfli müqavilə imzalanmışdır. Bundan sonra SOFAZ Tower binasının tikintisinin aktiv mərhələsinə start verilmişdir. N. V. Besix S. A. şirkəti Azərbaycan Respublikası Satınalmalar üzrə Dövlət Agentliyinin razılığı əsasında ""Dövlət satınalmaları haqqında"" Azərbaycan Respublikası Qanununun 48-ci maddəsinə uyğun olaraq, təkliflər sorğusu metodu ilə satınalma müsabiqəsinin nəticəsində qalib gəlmiş və 20 dekabr 2011-ci il tarixində Dövlət Neft Fondu və Besix-Az Besix konsorsiumu arasında 84 916 000 avro məbləğində müvafiq satınalma müqaviləsi imzalanmışdır. Baş podratçı tərəfindən binanın tikintisinə yerli və xarici sub-podratçı şirkətlər cəlb edilmişdir.
Binanın tikinti və dizayn işləri 5 il ərzində yekunlaşmışdır. Binanın tikinti layihəsi M. D. M MMC və Fransanın ""İnter Art Etudes"" şirkəti tərəfindən hazırlanmışdır. Tikinti prosesinin icrası Amerikanın ""AECOM""şirkətiin nəzarəti altında Belçikanın ""N. V. Besix S. A.""şirkəti tərəfindən həyata keçirilmişdir.",az
Q4822471,Statue of Fuzuli (Baku),40.375451,49.831948,Point(49.831948 40.375451),8,monument,monument,1962-01-01T00:00:00Z,,,,,,Tokay Mammadov,"brass, bronze, granite",,cultural heritage monument in Azerbaijan,Fuzûlî.jpg,"statue in Fuzuli Square, Baku",Statue of Fuzuli (Baku),https://en.wikipedia.org/wiki/Statue_of_Fuzuli_(Baku),Məhəmməd Füzuli heykəli (Bakı),Памятник Физули (Баку),True,,poi,"Памятник Физули (азерб. Füzulinin heykəli) — памятник выдающемуся поэту XVI века Физули, расположенный в Баку, на площади Физули, перед зданием Азербайджанского академического драматического театра. Открытие памятника состоялось в 1962 году. Скульпторы памятника — народные художники Азербайджана Токай Мамедов и Омар Эльдаров.
Бронзовая скульптура Физули установлена на гранитном пьедестале. Серый гранитный пьедестал украшен горельефами на тему поэмы Физули «Лейли и Меджнун».
За этот памятник скульпторы Токай Мамедов и Омар Эльдаров были награждены серебряными медалями Академии художеств СССР.",ru
Q12843520,House-Museum of Nariman Narimanov,40.367533,49.831046,Point(49.831046 40.367533),8,museum,historic house museum,1977-01-01T00:00:00Z,1977-11-06T00:00:00Z,,,,,,,,cultural heritage monument in Azerbaijan,"Buildings in Istiglaliyyat Street of Baku, 35.jpg",,House-Museum of Nariman Narimanov,https://en.wikipedia.org/wiki/House-Museum_of_Nariman_Narimanov,Nəriman Nərimanovun xatirə muzeyi,Дом-музей Наримана Нариманова (Баку),True,,poi,"Дом-музей Наримана Нариманова (азерб. Nəriman Nərimanovun ev-muzeyi) — учреждение культуры Баку, мемориальный музей, посвящённый азербайджанскому писателю, врачу, председателю СНК Азербайджанской ССР Нариману Нариманову. Расположен в доме, где Нариманов жил с 1913 по 1918 год, современный адрес — улица Истиглалият, 35. Открытие музея состоялось в 1977 году. В музее выставлены личные вещи Наримана Нариманова, документы и фотографии, портреты и пр.",ru
Q39082955,House-Museum of Jafar Jabbarly,40.367954,49.822053,Point(49.822053 40.367954),8,museum,museum,1979-01-01T00:00:00Z,1982-03-20T00:00:00Z,,,,,,,,,,"memorial museum in Baku, Azerbaijan",House-Museum of Jafar Jabbarly,https://en.wikipedia.org/wiki/House-Museum_of_Jafar_Jabbarly,Cəfər Cabbarlının ev-muzeyi,Дом-музей Джафара Джаббарлы,True,,poi,"Cəfər Cabbarlının ev-muzeyi — Cəfər Cabbarlının vaxtilə yaşayıb-yaratdığı ev indi muzey kimi fəaliyyət göstərir. Muzey ədibin 80 illik yubileyi münasibətilə 1982-ci il martın 20-də açılıb.Yazıçının həyat və yaradıcılığını əks etdirən sənədlər və fotoşəkillər, nadir əlyazmaları, yazıçının sağlığında istifadə etdiyi özünə və ailəsinə aid şəxsi əşyalar, ayrı-ayrı dram əsərlərinə hazırlanmış səhnə maketləri, tamaşalardan afişa və proqramlar, maraqlı rəsm əsərləri, şəxsiyyətlərin dramaturqa bağışladıqları hədiyyələr, Cəfər Cabbarlı irsini tədqiq edən maraqlı elmi əsərlər, mətbuat nümunələri muzeydə qorunub saxlanılır. Muzeyin divarındakı mozaika üzərində rəssam Rəhman Hadıyev çalışıb.",az
Q16371075,House-Museum of Mammed Said Ordubadi,40.372842494,49.843059263,Point(49.843059263 40.372842494),8,museum,museum,1979-01-01T00:00:00Z,,,,,,,,,cultural heritage monument in Azerbaijan,Building in Baku where Ordubadi lived.jpg,,House-Museum of Mammed Said Ordubadi (Baku),https://en.wikipedia.org/wiki/House-Museum_of_Mammed_Said_Ordubadi_(Baku),Məmməd Səid Ordubadinin ev-muzeyi (Bakı),Дом-музей Мамеда Саида Ордубади (Баку),True,,poi,"Дом-Музей Мамеда Саида Ордубади — дом, в котором жил известный азербайджанский литератор Мамед Саид Ордубади с 1938 года до самой своей смерти в 1950 году. Музей располагается по адресу город Баку, Ул., Хагани 19. В настоящее время музей находится под управлением Министерства культуры.",ru
Q25540504,Building of the Executive Authority of the Baku City,40.366853367,49.831455638,Point(49.831455638 40.366853367),7,building,palace,1904-01-01T00:00:00Z,,,baroque architecture,Józef Gosławski,,,,,cultural heritage monument in Azerbaijan,"Mayoralty of Baku main façade, 2015.jpg","administrative building in Baku, Azerbaijan",Building of the Baku City Executive Power,https://en.wikipedia.org/wiki/Building_of_the_Baku_City_Executive_Power,Bakı Şəhər İcra Hakimiyyətinin binası,Здание Исполнительной власти города Баку,True,,poi,"The Building of Baku City Executive Power is an administrative building in Azerbaijan's capital Baku, at Istiglaliyyat Street, 4. The building was built in Baroque style in 1900–1904 on the basis of Polish architect Józef Gosławski's project. The building is the last work of Gosławski. After his death in 1904, the project was initially led by Kazimierz Skórewicz, later by the Polish architect  Józef Płoszko.
The building was constructed on the order of Baku Duma and is currently being used by executive authority of Baku. The building is registered as a national architectural monument by the decision of the Cabinet of Ministers of Azerbaijan dated 2 August 2001, No. 132.",en
Q47487564,Mammadov's Residence,40.36509556,49.835389186,Point(49.835389186 40.36509556),7,building,"historic building, house",1908-01-01T00:00:00Z,,,,Nikolai Bayev,,,,,cultural heritage monument in Azerbaijan,"Yaşayış evi, A. Zeynallı küçəsi, 45.jpg","house in Baku, Azerbaijan",Gani Mammadov Residence,https://en.wikipedia.org/wiki/Gani_Mammadov_Residence,Qəni Məmmədovun evi,Дом Гани Мамедова,True,,poi,"Qəni Məmmədovun evi — Bakıda, İçərişəhərdə Asəf Zeynallı 45 ünvanında 1908-ci ildə tikilmiş 3 mərtəbəli yaşayış evi.
Tacir Qəni Məmmədova məxsus olan bina Qasımov qardaşları tərəfindən tikilib. Aprel işğalından sonra isə baxımsız qalıb.
Azərbaycan müstəqilliyini yenidən bərpa etdikdən sonra bina Azərbaycan Respublikası Nazirlər Kabinetinin 2 avqust 2001-ci ildə verdiyi 132 nömrəli qərar ilə yerli əhəmiyyətli daşınmaz tarix və mədəniyyət abidələrinin siyahısına salınıb.",az
Q92206160,II Alley of Honor,40.361388888,49.808055555,Point(49.808055555 40.361388888),7,architectural structure,cemetery,,,,,,,,,,,Akademik Hüseyn Həsənovun məzarüstü abidəsi.jpg,"cemetery in Baku, Azerbaijan",II Alley of Honor,https://en.wikipedia.org/wiki/II_Alley_of_Honor,İkinci Fəxri Xiyaban,II Аллея почётного захоронения в Баку,True,,poi,"II Аллея почётного захоронения (азерб. İkinci Fəxri xiyaban) — кладбище, расположенное в Ясамальском районе города Баку. Как и первая Аллея почётного захоронения представляет собой аллеи, на которых похоронены видные азербайджанские деятели культуры, науки, литературы, искусства, национальные герои Азербайджана, герои Отечественной войны Азербайджана, Герои Советского Союза, политики, а также отличившиеся в различных областях экономики и сельского хозяйства и заслужившие почётные звания.",ru
Q62072437,"Cemetery of German prisoners of war, Baku",40.375,49.801944444,Point(49.801944444 40.375),7,architectural structure,cemetery,1946-01-01T00:00:00Z,,,,,,,,,,"Cemetery of German prisoners of war, Baku 5.jpg",cemetery in Baku,German prisoners of war cemetery (Baku),https://en.wikipedia.org/wiki/German_prisoners_of_war_cemetery_(Baku),Alman əsirlərin qəbiristanlığı (Bakı),Кладбище немецких военнопленных (Баку),True,,poi,"The German prisoners of war cemetery (Azerbaijani: Alman əsirləri qəbiristanlığı), also known as the ""German soldiers’ cemetery"" (Azerbaijani: Alman əsgər məzarlığı) is a cemetery of the German prisoners of war located in the Yasamal district of Baku. There are 90 graves in the cemetery. Also on the territory of the cemetery, there is a monument in the form of a black cross.",en
Q12849456,Shakiragha Mausoleum,40.463716,49.920213,Point(49.920213 40.463716),7,building,building,1427-01-01T00:00:00Z,,,Shirvan-Absheron architectural school,,,,,,cultural heritage monument in Azerbaijan,Shakiragha-Tomb.jpg,historical monument in Azerbaijan,Shakiragha Mausoleum,https://en.wikipedia.org/wiki/Shakiragha_Mausoleum,Şakir ağa türbəsi,Мавзолей Шакир-ага,False,,poi,"Şakir ağa türbəsi — Bakının Balaxanı qəsəbəsində yerləşən XV əsr memarlıq abidəsi. Abidənin kitabəsində onun 1427-1428-ci illərdə Miriraxur Şakir ağa ibn-mərhum Mürtəzanın sifarişi ilə inşa edildiyi qeyd edilmişdir.
Abidə planda xaçvaridir. Türbəyə giriş şimal tərəfdən portaldandır. Portalın iç məkanında, hər iki tərəfində oxvari arkaya ilə tamamlanan səkkizgüşəli prizma şəkilli taxçalar yerləşdirilib. Türbənin içində də müxtəlif ölçülü düzbucaqlı 8 ədəd taxça mövcuddur.",az
Q48028669,Fantasia bath,40.374666666,49.834416666,Point(49.834416666 40.374666666),7,building,building,1896-01-01T00:00:00Z,,,,Nikolaus von der Nonne,,,,,cultural heritage monument in Azerbaijan,Fantaziya hamamı 2023 (8).jpg,"Bath in Baku, Azerbaijan",Fantasia bath,https://en.wikipedia.org/wiki/Fantasia_bath,Fantaziya hamamı,Фантазия (баня),True,,poi,"Fantasia bath — a bath dating back to 1896, located on Dilara Aliyeva Street in Baku. It was the first commercial building with an electric line in the city and one of the first European-style baths in Baku, having been build by Russian architect Nikolaus von der Nonne.
The bathhouse was included in the list of immovable historical and cultural monuments of local importance by decision No. 132 of the Cabinet of Ministers of the Republic of Azerbaijan on August 2, 2001.",en
Q130235127,Akhund Abuturab Tomb,40.4933,50.1541,Point(50.1541 40.4933),7,monument,"mausoleum, tomb",1908-01-01T00:00:00Z,,,,Józef Plośko,,,,,cultural heritage monument in Azerbaijan,Axund Abuturab türbəsi (3).jpg,Azerbaijani nationally significant historical-architectural monument,Akhund Abuturab Mausoleum,https://en.wikipedia.org/wiki/Akhund_Abuturab_Mausoleum,Axund Abuturab türbəsi,Тюрбе Ахунда Абутураба,False,,poi,"Akhund Abuturab Mausoleum is a nationally significant historical-architectural monument in Azerbaijan, located in the settlement of Mardakan and dating back to 1908.
The mausoleum was included in the list of nationally significant immovable historical and cultural monuments by Decision No. 132 of the Cabinet of Azerbaijan on August 2, 2001.",en
Q25541393,Baku Children's Theatre,40.396944444,49.973333333,Point(49.973333333 40.396944444),7,building,theatre building,2001-01-01T00:00:00Z,,,,,,,,,,,"childrens' theatre in Baku, Azerbaijan",Baku Children's Theatre,https://en.wikipedia.org/wiki/Baku_Children%27s_Theatre,Bakı Uşaq və Gənclər Teatrı,Бакинский театр для детей и молодежи,False,,poi,"The Baku Children's Theatre is a theatre for young audiences in Qaraçuxur, Baku, Azerbaijan, founded in 2001. It participates in national and international theatre festivals, cooperates with international organizations, and hosts a theatre studio for children with special needs.",en
Q20587279,Shusha Musical Drama Theatre,40.425083333,49.843833333,Point(49.843833333 40.425083333),7,building,theatre building,1938-02-01T00:00:00Z,,,,,,,,,,,Azerbaijani theatre,Shusha Musical Drama Theatre,https://en.wikipedia.org/wiki/Shusha_Musical_Drama_Theatre,Şuşa Dövlət Musiqili Dram Teatrı,Шушинский государственный музыкальный драматический театр,True,,poi,"Şuşa Dövlət Musiqili Dram Teatrı — Azərbaycanda fəaliyyət göstərən musiqili dram teatrlarından biri.
1938-ci ilin fevral ayında Şuşa Dövlət Kolxoz və Sovxoz Teatrı yaradılıb. 1943-cü ildə kollektivin adı dəyişidilərərk Şuşa Dövlət Musiqli Dram Teatrı olub. Ona Üzeyir Hacıbəylinin adı verilib. Teatrda dram və komediyalarla yanaşı, opera və operettaları da oynanılıb. Şuşa Dövlət Musiqili Dram Teatrı 1949-cu ilin əvvəllərində fəaliyyətini dayandırıb. Yerli həvəskarlar dram dərnəyində, daha sonralar Xalq teatrında fəaliyyətlərini davam etdiriblər. Azərbaycan Respublikası Nazirlər Kabinetinin qərarı ilə (11 may 1990) Mədəniyyət Nazirliyi tərəfindən (25 may 1992) Şuşa Dövlət Musiqili Dram Teatrının fəaliyyəti bərpa edildi. 1992-ci ildə teatr məlum Qarabağ hadisələri ilə bağlı Bakıya köçdü. Uzun illər Gənc Tamaşaçılar Teatrının binasında məskunlaşdı (1992–2005). Hazırda Bakıdakı ""Savalan"" kinoteatrının binasında fəaliyyət göstərir (2005-ci ildən). Teatrın Bakıda ilk tamaşası Üzeyir Hacıbəyovun ""Arşın mal alan"" musiqili əsəri olub (13 fevral 1993).",az
Q2902243,Baku Kala Air Base,40.406388888,50.2,Point(50.2 40.406388888),7,building,airbase,,,,,,,,,,,ISS002-E-6616 - View of Azerbaijan.jpg,"airport in Baku, Azerbaijan",Baku Kala Air Base,https://en.wikipedia.org/wiki/Baku_Kala_Air_Base,Qala aviabazası,Кала (аэродром),False,,poi,"Baku Kala Air Base is a military airbase in Baku (also known as Bakü or Baki), the capital of Azerbaijan.
The 518th Fighter Aviation Regiment of the PVO was located at Baku Kala from 1949 to 1952.
After the collapse of the Soviet Armed Forces, aircraft were relocated to airfields in Russia, and the Azerbaijani Air Force used the airport. Currently, the 843rd Mixed Aviation Regiment of the Azerbaijani Air Force is located here.",en
Q12840947,Small Caravanserai,40.365072,49.83573,Point(49.83573 40.365072),7,building,caravanserai,,,,Shirvan-Absheron architectural school,,,,,,cultural heritage monument in Azerbaijan,Small caravanserai in Baku.jpg,"caravanserai in Baku, Azerbaijan",Small Caravanserai,https://en.wikipedia.org/wiki/Small_Caravanserai,Xan karvansarası,Малый Караван-сарай,True,,poi,"The Small Caravanserai in Baku, Azerbaijan has a square shape and an inner quadrangular courtyard with cut corners. This caravanserai was built in the 12th century. There is a long balcony which surrounds the building of the caravanserai. The north and south entrances of the caravanserai are portal-shaped. During the Middle Ages, there was a main entrance from the sea. The caravanserai has a defensive construction and two floors on the southern side.

It is a monument of national importance. The caravanserai consisted of counters from the shopping street that did not have direct communication with the courtyard. However, it is believed that there used to be a functioning Madrasah nearby which was part of the Jameh (Juma) complex and the rooms of the caravanserai were considered for students studying in Madrasah.
The caravanserai now features an ""Art garden"" which includes art galleries, several workshops of artisans and a restaurant of both national and European cuisines. 
Each room of the monument has been decorated by a different Azerbaijani artist.",en
Q39885034,Sangachal Caravansarai,40.181372,49.477305,Point(49.477305 40.181372),7,building,caravanserai,1439-01-01T00:00:00Z,,,Shirvan-Absheron architectural school,,Khalilullah I,,,,cultural heritage monument in Azerbaijan,Səngəçal karvansarası 202409 (39).jpg,"caravanserai in Baku, Azerbaijan",Sangachal caravanserai,https://en.wikipedia.org/wiki/Sangachal_caravanserai,Səngəçal karvansarası,Сангачальский караван-сарай,False,,poi,"Səngəçal karvansarası — orta əsrlər dövrünə aid olan karvansara. Karvansara Bakı şəhəri, Qaradağ rayonu, Səngəçal qəsəbəsi ərazisində yerləşir. Bakıdan 45 km cənubda yerləşən karvansara Bakı-Salyan yolu üzərində qərarlaşır. XIX əsrdə karvan yollarının əhəmiyyətini itirməsi ilə karvansara fəaliyyətini dayandırmışdır.
Səngəçal karvansarasında qonaq və xidmətçilər üçün otaqlar, həmçinin yardımçı təsərrüfat tikililərinə sahibdir. Tikili dördbucaqlı formada inşa edilmişdir. İki mərtəbəlidir. Binanın pəncərələri, dekor elementləri, tikili quruluşu onu bir istehkama bənzədir. Bina mişar daşından inşa edilmişdir
Binanın fasadında olan kitabədə karvansaranın şirvanşah I Xəlilullahın göstərişi ilə 1439–40-cı illərdə inşa edilməsi qeyd olunur. 
Hal-hazırda baxımsız qalaraq, əsaslı bərpaya ehtiyacı var.
Səngəçal karvansarası Azərbaycan Respublikasının Nazirlər Kabinetinin 2 avqust 2001-ci il tarixli qərarı ilə ölkə əhəmiyyətli memarlıq abidəsi kimi reyestrə daxil edilib.
Mədəniyyət Nazirliyi yanında Mədəni İrsin Qorunması, İnkişafı və Bərpası üzrə Dövlət Xidmətindən 2022-ci ildə bildiriblər ki, ölkə əhəmiyyətli memarlıq abidəsi olan bu karvansaranın bərpa olunaraq, istifadə olunması məsələsi diqqətdə saxlanılır: “Dövlət Xidmətinin rəhbərliyi də həmin abidədə olub, tarixi tikilinin mühafizəsi və gələcək nəsillərə tam şəkildə çatdırılması üçün müvafiq addımların atılacağını bildirib. Onu da qeyd edək ki, abidə bərpa olunması üçün investisiya planına salınıb. Vəsait ayrıldıqdan sonra bərpa işlərinə başlanılacaq"".",az
Q16270994,Monument to Alexander Pushkin,40.375138888,49.854944444,Point(49.854944444 40.375138888),7,monument,monument,2001-01-01T00:00:00Z,,3,,,,Yuri Gregorievich Orekhov,bronze,,,Puşkinin Bakıdakı heykəli(3).jpg,"monument in Baku, Azerbaijan",Monument to Alexander Pushkin (Baku),https://en.wikipedia.org/wiki/Monument_to_Alexander_Pushkin_(Baku),Aleksandr Puşkinin heykəli (Bakı),Памятник А. С. Пушкину (Баку),True,,poi,"The Monument to Alexander Pushkin (Azerbaijani: Aleksandr Puşkinin heykəli) is a monument to the Russian poet Alexander Sergeevich Pushkin in Baku, the capital of Azerbaijan. The monument is located in the park with the same name at the intersection of Pushkin and Uzeyir Hajibeyov streets. The author of the bronze monument is the sculptor, and academician of the Russian Academy of Arts – Yuri Orekhov. This monument is the last work of Orekhov.",en
Q41692531,Isa bey Hajinski’s House,40.3663828,49.837860907,Point(49.837860907 40.3663828),7,building,mansion,1912-01-01T00:00:00Z,,,,Misak Ter-Krikoryants,,,,,cultural heritage monument in Azerbaijan,"Edificio en Baku, Azerbaiyán, 2016-09-26, DD 07.jpg","mansion in Baku, Azerbaijan",Isa bek Hajinski House,https://en.wikipedia.org/wiki/Isa_bek_Hajinski_House,İsa bəy Hacınskinin evi (İçərişəhər),Дом Иса бека Гаджинского,True,,poi,"Isa bek Hajinski House or the House of Hajinski is located near the Maiden's Tower in Sabail, Baku. The architect of the House of Hajinski was Misak Ter-Krikoryants.

",en
Q16366447,Palace of De Boure,40.363505,49.831251,Point(49.831251 40.363505),7,building,mansion,1895-01-01T00:00:00Z,,,baroque architecture,Nikolaus von der Nonne,,,,,cultural heritage monument in Azerbaijan,National Art Museum of Azerbaijan (de Burs House) edited.jpg,"historic palace of the 19th century in Baku, Azerbaijan",Palace of De Boure,https://en.wikipedia.org/wiki/Palace_of_De_Boure,De Burun sarayı,Особняк де Бура,True,,poi,De Burun sarayı — XIX əsrdə Bakının neft milyonçularından biri olan Lev de Bur tərəfindən inşa etdirilmiş saraydır. Niyazi küçəsində (keçmiş Sadovaya) yerləşən saray 1891–1895-ci illərdə memar Nikolay fon der Nonnenin layihəsi əsasında inşa edilmişdir. Azərbaycan Dövlət Filarmoniyası ilə üzbəüz yerləşən saray binası Mircəfər Bağırovun 1951-ci ildə onu Azərbaycan Milli İncəsənət Muzeyinə verməsindən sonra bu günə kimi muzey kimi fəaliyyət göstərib. Hazırda sarayda muzeyin I korpusu yerləşir.,az
Q20813015,Baku Convention Center,40.397601,49.86531,Point(49.86531 40.397601),7,architectural structure,convention center,2015-08-29T00:00:00Z,,,,,,,,,,,"building in Baku, Azerbaijan",Baku Convention Center,https://en.wikipedia.org/wiki/Baku_Convention_Center,Bakı Konqres Mərkəzi,Бакинский Конгресс центр,True,,poi,"Бакинский Конгресс центр — крупнейший на Кавказе, крытый многофункциональный комплекс, расположенный в Баку. Основным помещением является зал для аудитории, рассчитанный на 3500 человек.",ru
Q597382,Green Theatre,40.36027778,49.83055556,Point(49.83055556 40.36027778),7,building,sylvan theater,1960-01-01T00:00:00Z,,,,,,,,,,"Stamps of Azerbaijan, 2012-1026.jpg","theater in Baku, Azerbaijan",Green Theatre,https://en.wikipedia.org/wiki/Green_Theatre,Yaşıl Teatr,Зелёный театр (Баку),True,,poi,"The Green Theatre (Azerbaijani: Yaşıl teatr) is an open-air theatre in Baku, the capital city of Azerbaijan. The theatre seats 2,500 spectators.
The theatre was built in the mid-1960s on the initiative of the city's mayor of the time Alish Lambaranski. The Green Theatre was built as a venue intended for important cultural events.
In 1993, the theatre ceased functioning. In August 2005, Ilham Aliyev, the President of Azerbaijan ordered to carry out repairs works in the theatre. Speaking at the opening ceremony, Ilham Aliyev hoped that the venue would become ""the favourite entertainment place of the people of Baku"".",en
Q41504433,Azerbaijan National Education Museum,40.363055555,49.831666666,Point(49.831666666 40.363055555),7,museum,museum,1932-01-01T00:00:00Z,,,,,,,,,,,,,,Xalq Təhsili Muzeyi,Музей народного образования в Баку,True,,poi,"Национальный музей образования Азербайджанской Республики — музей в Баку на ул. Ниязи, 11.",ru
Q38993391,House-Museum of Niyazi,40.374722222,49.843055555,Point(49.843055555 40.374722222),7,museum,museum,1994-01-01T00:00:00Z,1994-09-18T00:00:00Z,,,,,,,,,Niyazi's house museum 32.jpg,,House-Museum of Niyazi,https://en.wikipedia.org/wiki/House-Museum_of_Niyazi,Niyazinin ev-muzeyi,Дом-музей Ниязи,True,,poi,"The house-museum of Niyazi (Azerbaijani: Niyazinin ev-muzeyi) is a memorial museum dedicated to the Azerbaijani conductor and composer, People's Artist of the USSR, Niyazi. It is located in the capital of Azerbaijan, the city of Baku, Bulbul avenue. The museum is a branch of the Azerbaijan State Museum of Musical Culture.

",en
Q110101207,Ramana Mosque,40.457839573,49.982472653,Point(49.982472653 40.457839573),6,mosque,mosque,,,,,,1912,,,,cultural heritage monument in Azerbaijan,Ramana QurbanMosque 004 9189.jpg,"Mosque in Ramana, Azerbaijan",Ramana Mosque,https://en.wikipedia.org/wiki/Ramana_Mosque,Ramana məscidi,,False,,poi,"The Ramana Mosque, also known as the Qurban Mosque, is a historical and architectural monument built between 1912 and 1914. It is located in the settlement of Ramana, Azerbaijan, and was designed by architect Zivar bay Ahmadbeyov.
By decision No. 132 of the Cabinet of Ministers of the Republic of Azerbaijan, dated August 2, 2001, the mosque was included in the list of immovable historical and cultural monuments of local significance.",en
Q16413649,Nardaran məscidi,40.560707861,50.007568397,Point(50.007568397 40.560707861),6,mosque,mosque,1663-01-01T00:00:00Z,,,Shirvan-Absheron architectural school,,,,,,cultural heritage monument in Azerbaijan,Rəhimə xanım məscidi.jpg,,,,Rəhimə xanım ziyarətgahı,Нардаранская мечеть,False,,poi,"Rəhimə xanım ziyarətgahı, Nardaran piri və ya Pirsəid məscidi — Nardaran qəsəbəsi ərazisində yerləşən XIV əsrə aid memarlıq abidəsi. Abidə 1363—1364-cü illərdə Şirvan-Abşeron memarlıq məktəbi üslubunda inşa edilmişdir.
Tikili müxtəlif dövrlərdə inşa edilmiş bir neçə otaqdan ibarətdir ki, bu da onların həm planlaşdırmasında, həm də müxtəlif konstruktiv həll məsələlərində özünü büruzə verir. Binanın ən qədim hissəsi qəbir və məscid otağı olan hissədir.
Rəhimə xanım və onun ailə üzvlərinin qəbirləri üzərində tikilmiş məscid binası əsrlər boyu qum altında qalmış, yalnız 1950-ci ildə tapılaraq qum altından çıxarılmışdır. İlk əvvəl  bina iki otaqdan ibarət olmuşdur. Düzbucaqlı plana malik əvvəlinci otaq (5,80 x 3,20 x 2,53 m) məscidə aiddir. İkinci tağ tavanlı otaq (2,75 x 2,75 x 2,53) isə türbə binasıdır. Türbənin başqa yerdən qapısı yoxdur. Buraya ancaq məsciddən açılan çatmatağlı qapıdan (1,13 x 0,58) daxil olunur. Məscidin tağlı qapısı (1,20 x 0,59 m) eşmə ilə, kiçik baştağı isə sadə həndəsi naxışlarla haşiyələnmişdir. Qapı üzərindəki iki parça əhəng daşında (1,07 x 3,9) kufi elementli süls xətti ilə kitabə həkk olunmuşdur.
1994-cü ildə Nardaran əhalisindən toplanmış vəsait hesabına qədim türbənin üzərində ikinci mərtəbə inşa edilib.
İki mərtəbəli olan məscidin birinci mərtəbəsi ziyarətgah kimi saxlanılır. Məscidin iç sahəsi 30x17 metr, hündürlüyü 26 metrdir. 4 minarənin hər birinin hündürlüyü isə 41 metrdir. Günbəzinin diametri 17, hündürlüyü isə 16 metrdir. Əsas ibadət zalı 2 günbəzə malikdir. Ziyarətgahda eyni vaxtda 1500 adamın ziyarət etməsi mümkündür.
Nardaran məscidinin quruluşunda orijinal cəhətlər də vardır. Məscidin əsas düzbucaqlı hissəsinə bitişik tikilmiş yeni bir hissə dəhliz vəzifəsini görür. Məscidə gələnlər burada ayaqqabılarını çıxartdıqdan sonra ibadət salonuna daxil olurlar.",az
Q19799922,Madrasa mosque (Ichery Sheher),40.3651025,49.835795,Point(49.835795 40.3651025),6,mosque,mosque,1500-01-01T00:00:00Z,,,Shirvan-Absheron architectural school,,,,,,cultural heritage monument in Azerbaijan,Madrasa mosque (Ichery Sheher).JPG,"A mosque and historical architectural monument located in Baku, Azerbaijan.",,,Mədrəsə-məscid (İçərişəhər),Мечеть-медресе,True,,poi,"Mədrəsə-məscid — Bakı şəhərinin ən qədim hissəsi İçərişəhərdə yerləşən, artıq mövcud olmayan Came məscidinin hücrə qalıqlarından biri olan və bir müddət mədrəsə-məscid kimi fəaliyyət göstərmiş, indi isə dükan olan tarixi abidə.",az
Q97222068,Ashurbeyov House,40.375065,49.839538,Point(49.839538 40.375065),6,building,building,,,,,Józef Gosławski,,,,,,House of Ashurbekovs 2019.jpg,"mansion in Baku, Azerbaijan",Ashurbeyov House,https://en.wikipedia.org/wiki/Ashurbeyov_House,Aşurbəyovun evi,Дом Ашурбекова,True,,poi,"Дом Ашурбекова (азерб. Aşurbəyovun evi) — особняк в столице Азербайджана, городе Баку. Здание было построено в 1904 году по заказу нефтепромышленника и мецената Теймур-бека Ашурбекова в качестве свадебного подарка его сыну Бала-беку. Архитектор здания — Иосиф Гославский. Последняя работа Гославского, который был «городовым архитектором» (главным архитектором) Баку. Постановлением Кабинета министров Азербайджанской Республики № 132 от 2 августа 2001 года здание охраняется государством и внесено в список памятников архитектуры.",ru
Q3510514,Baku Tennis Academy,40.422503785,49.842346122,Point(49.842346122 40.422503785),6,architectural structure,sports venue,2011-06-01T00:00:00Z,2011-06-29T00:00:00Z,,,,,,,,,Baku Tennis Academy.jpg,"tennis Venue in Baku, Azerbaijan",Baku Tennis Academy,https://en.wikipedia.org/wiki/Baku_Tennis_Academy,Bakı Tennis Akademiyası,Бакинская теннисная академия,True,,poi,"Baku Tennis Academy, is a tennis venue in Baku, Azerbaijan. The center currently hosts the Baku Cup. The main stadium has a capacity of 10,000 people. The central court has a capacity of 3,000, and the other 12 open/closed courts have a capacity of 200.
The Baku Tennis Academy was founded in 2009. The opening ceremony of the Baku Tennis Academy was held on May 5, 2009. The academy, covering an area of 2.7 hectares. The facility has hosted events for the Women's Tennis Association in the past.
During the 2017 Islamic Solidarity Games in Baku, the Baku Tennis Academy was used for a series of tennis competitions for 11 days.
It is the first tennis academy built in Azerbaijan. Construction began in March 2008. A large reservoir, pumping station, electric control room, and transformer substation were built here. These facilities provide the academy with water and electricity.
The coaches invited from abroad are taught at the academy. The length of the indoor hall is 126 meters and the width is 36 meters. It hosts 407 spectators. The area of each courtyard is 670 square meters, which is in accordance with international standards.
A sport pool and a gym are also in use at the Baku Tennis Academy. In addition, a central universal stadium with a total area of 2510 square meters with 3,000 spectators was built.
In addition to tennis, it is possible to hold the most prestigious championships and tournaments in volleyball, mini-football, basketball, handball, beach volleyball, wrestling, boxing, and other sports.",en
Q12842301,Murad’s Gate,40.3661,49.8372,Point(49.8372 40.3661),6,architectural structure,city gate,1585-01-01T00:00:00Z,,,Shirvan-Absheron architectural school,,,,,,,Eastern Portal of Palace of Shirvanshahs 4.jpg,"monument in Old City, Baku, Azerbaijan",Murad's Gate,https://en.wikipedia.org/wiki/Murad%27s_Gate,Murad darvazası,Ворота Мурада,True,,poi,"Murad darvazası — Şirvanşahlar saray kompleksinin orta həyətinin Şərq divarında yerləşən böyük portal. Murad darvazası Şirvanşahlar saray kompleksi ərazisində XVI əsrə aid olan yeganə tikilidir. Darvaza portalının yuxarı çərçivəsində olan iki medalyon arasındakı kitabədə onun ""994-cü ildə (miladi 1585–1586) böyük və ədalətli Sultan III Muradın dövründə"" memar Əmirşah Təbrizi tərəfindən inşa edilməsi göstərilib.
Portal öz xarakteri etibarilə Divanxana və Şirvanşahlar türbəsinin portallarına oxşasa da, həm işlənmə keyfiyyəti, həm də bəzəyi baxımından onlardan geri qalır.",az
Q15953300,Baku Ferris Wheel,40.354717,49.837584,Point(49.837584 40.354717),6,tourist attraction,Ferris wheel,2015-01-31T00:00:00Z,2014-03-10T00:00:00Z,60,,,,,,,,Şeytan Çarxı.jpg,"Ferris wheel in Baku, Azerbaijan",Baku Ferris Wheel,https://en.wikipedia.org/wiki/Baku_Ferris_Wheel,Şeytan çarxı (Bakı),Бакинское колесо обозрения,True,,poi,"Baku Ferris Wheel, also known as the Baku Eye and Devil's Wheel (Azerbaijani: Şeytan çarxı), is a ferris wheel on Baku Boulevard in the Seaside National Park of Baku, capital of Azerbaijan. The wheel was built by the Dutch company Dutch Wheels. It was opened on 10 March 2014 by Azerbaijani president Ilham Aliyev, and opened to the public two days later.
The wheel is 60 metres (200 ft) tall and has 30 enclosed cabins, each holding eight people, except for two VIP cabins, each carrying four people. Each full rotation takes approximately 30 to 40 minutes. The cabins of the Ferris Wheel are equipped with air conditioning. Small monitors have been set up so that passengers can spend their time entertaining. The doors of the attraction are opened and closed in a centralised manner in order to ensure safety. At the same time, with this purpose, all the cabinets are covered with transparent glass constructions. There are special ladders for each cabinet, which is designed to facilitate the evacuation of passengers in the case of any malfunction in the attraction. Riders of the ferris wheel have the opportunity to see the Baku Bay, the National Flag Square, the Crystal Hall, and the city as a whole.",en
Q4471054,28 May Street,40.3792,49.8581,Point(49.8581 40.3792),6,architectural structure,street,,,,,,,,,,,"28 May Street, Baku, 2010 (4).jpg","street in Baku, Azerbaijan",28 May Street,https://en.wikipedia.org/wiki/28_May_Street,28 May küçəsi,Улица 28 Мая,True,,street,"The 28 May Street (Azerbaijani: 28 may küçəsi) is located in the Nəsimi raion of Baku. Beginning at the Bulbul Avenue, it spans about 1 kilometre (0.62 mi) and ends up at Richard Sorge Street. The street, among other names, was known as Telefonnaya (Telephone Street) during the Russian rule, then was renamed to 28 April Street to mark the date of the establishment of Azerbaijan Soviet Socialist Republic. Since 1992 it has been known under the current name, which highlights the date when the Azerbaijan Democratic Republic was declared.",en
Q12841934,National Center of Oncology,40.400893,49.804297,Point(49.804297 40.400893),6,building,hospital,1941-01-01T00:00:00Z,,,,,,,,,,Bowl Of Hygieia by David.svg,"hospital in Baku, Azerbaijan",National Center of Oncology (Azerbaijan),https://en.wikipedia.org/wiki/National_Center_of_Oncology_(Azerbaijan),Milli Onkologiya Mərkəzi (Azərbaycan),Национальный онкологический центр (Азербайджан),True,,poi,"Национальный онкологический центр Азербайджана (азерб. Milli Onkologiya Mərkəzi) — институт, занимающийся исследованиями в сфере онкологических заболеваний, а также лечением онкологических заболеваний. Центр находится в столичном городе Баку. Генеральным директором центра с 1990 года является Джамиль Алиев.",ru
Q4421712,Mirza Alakbar Sabir Garden,40.368611111,49.834444444,Point(49.834444444 40.368611111),6,architectural structure,urban park,1922-01-01T00:00:00Z,,,,,,,,Mirza Ali-Akbar Sabir,,Sabir Garden.jpg,garden in Azerbaijan,Mirza Alakbar Sabir Garden,https://en.wikipedia.org/wiki/Mirza_Alakbar_Sabir_Garden,Sabir bağı,Сквер имени Сабира,True,,poi,"Mirza Alakbar Sabir Garden (or simply Sabir's Garden) is one of the gardens located in the Sabail district of Baku. The garden named after the famous Azerbaijani satirical poet Mirza Alakbar Sabir. It is bordered by the fortress wall of the Icheri Sheher in the south, Istiglaliyyat Street in the north, the Constitutional Court in the east, and the Institute of Manuscripts in the west which known as the Ismailiyya. The statue of Mirza Alakbar Sabir has been erected in the garden.
The garden was erected by the sculptor H.Aleskerov in the area of ""Kaspi"" publishing house in the 20s of the last century. The formation of the garden took place gradually. A statue of Sabir was erected near the fortress wall in 1922. In the 50s, the area of the park considerably expanded, the garden landscaped and greened. In this regard, putting a new and monumental statue to the poet was actualized. In 1958, the sculptor Jalal Garyaghdi, architects H. Alizadeh and E. Ismayilov worked together on the statue. The statue was placed in the center of the garden.
Historical monuments around the garden are also of great importance. In recent years, the park has been renovated. 

",en
Q110706186,Theatre of Taghiyev,40.3686,49.8406,Point(49.8406 40.3686),6,building,theatre building,1883-01-27T00:00:00Z,1883-11-27T00:00:00Z,,Classicism,Khrisanf Vasilyev,Haji Zeynal Abdin Taghiyev,,,,,Theatre of Tagiyev in Baku.jpg,the first private theatre in Baku,Tagiyev's Theater,https://en.wikipedia.org/wiki/Tagiyev%27s_Theater,Tağıyevin Teatrı,Театр Тагиева,True,,poi,"""Taghiyev’s Theater"" (Azerbaijani: Tağıyevin teatrı) is the first theater in Baku. It was built in 1883 at the expense of the industrialist and philanthropist Haji Zeynalabdin Taghiyev. It staged both national plays and operas, as well as the works of the world classics. Here, in January 1908, the premiere of the first Azerbaijani national opera ""Leyli and Majnun"", by Uzeyir Hajibeyov, took place.
The theater's building burned several times and was rebuilt anew. Since the late 1930s, the Azerbaijan State Drama Theater named after A. M. Azizbeyov, and since 1960 - the Theater of Musical Comedy in the name of Shikhali Kurbanov were located in its building. The theater's edifice was demolished in 1992, and the Azerbaijan State Musical Theater was later built in its place.",en
Q65276232,Pir Hasan Mausoleum,40.493481989,50.154156066,Point(50.154156066 40.493481989),6,monument,tomb,1601-01-01T00:00:00Z,,,,,,,,,cultural heritage monument in Azerbaijan,Pir Həsən türbəsi (3).jpg,historical and religious monument in Mardakan,Pir Hasan Mausoleum,https://en.wikipedia.org/wiki/Pir_Hasan_Mausoleum,Pir Həsən ziyarətgahı,Гробница Пир-Гасана,False,,poi,"Pir Həsən ziyarətgahı — Mərdəkan ərazisində yerləşən XVII əsrə aid tarixi-dini memarlıq abidəsi.
""Çildağ"" kimi də tanınan ""Pir Həsən"" ziyarətgahı XVI əsrə aid tikilidir. Ziyarətgahın həyətində yeddinci imam Musa əl-Kazımın qızı Həzrəti Xədicənin qəbri üzərində tikilən türbə, həmçinin XVII əsrdə yaşamış və çildağla (közlə müalicə) məşğul olmuş Pir Həsənin də türbəsi var.
Həmçinin Azərbaycanın xeyriyyəçi milyonçusu Hacı Zeynalabdin Tağıyevin büstü də burada yerləşir. Büstün sağ tərəfində kiçik dəmir hasarlarla əhatəyə alınan türbə tikilib. Türbənin mərkəzində Axund Hacı Mirzə Əbdülturab Axundzadənin qəbri, onun ətrafında isə Hacı Zeynalabdin Tağıyev, onun qızı Sara xanımın və repressiya qurbanı olmuş Səlimxanov Zeynal bəy Ağabəy oğlunun qəbirləri var.
Mərdəkan qəsəbəsi ""Pir Həsən"" ziyarətgahı Dini Qurumlarla İş üzrə Dövlət Komitəsi tərəfindən dini icma kimi dövlət qeydiyyatına alınıb.
Bakı ətrafında yerləşən insanların müqəddəs bilib ziyarət etdiyi yerlərdən biri də Pir Həsən piridir. Bu ziyarətgah Mərdəkan qəsəbəsində yerləşən ""Çildağ"" da adlandırılır. Ona görə ki, bu pirin müqəddəsliyinə tapınan insanlar bura həm də öz qorxularını götürmək, bədnəzəri özlərindən uzaqlaşdırmaq üçün qədim Şərq müalicə üsulu olan ""çildağ müalicəsi"" almaq məqsədilə üz tuturlar.
Müsəlman qaydasına uyğun olaraq əvvəlcə pirin başına üç dəfə dolandıqdan sonra türbənin pilləkənləri ilə aşağı düşüb, Pir Həsənin qəbri ziyarət edilir. Mən orada olduğum müddətdə bütün ziyarətçilər türbənin içərisində Pir Həsənin qəbrini ziyarət etdikdən sonra pəncərənin yanında əyləşən çildağçı qadına yaxınlaşır və özlərini bu qeyri-adi müalicə üsulu ilə müalicə etdirirdilər. İnsanların çoxusu inanır ki, çildağ qorxunun və stressin qarşısını alır. Bəziləri iddia edir ki, bu müalicə üsulu qorxunu azaltmaqla yanaşı, bədnəzəri də dəf edə bilir. Hətta əsəb pozğunluğunun da qarşısını almaq effektinə də malikdir. Ziyarətgahda ikinci müqəddəs türbə İslamın yeddinci İmamı Musa əl-Kaziminin qızı Həzrəti Xədicənin qəbri üzərində tikilən türbədir. O da digər bacıları, Həzrəti Həkimə, Həzrəti Rəhimə və Həzrəti Leyla kimi qardaşları- səkkizinci imam Rza Əleyhisəlam Məşhəd şəhərində şəhid olduqdan sonra təzyiqlərdən canını qurtarmaq üçün Azərbaycana üz tutub. 
Türbə memarlıq abidəsidir və dövlət tərəfindən mühafizə olunur.
İlham Əliyev 2000-ci ildə ARDNŞ-in vitse-prezidenti olarkən öz təşəbbüsü ilə türbə və ətraf ərazidə abadlıq və bərpa işləri gördürüb.",az
Q187512,Park Bulvar,40.37083333,49.84972222,Point(49.84972222 40.37083333),6,building,shopping center,2010-01-01T00:00:00Z,,,,,,,,,,Parkbulvar 2162.jpg,"shopping mall in Baku, Azerbaijan",Park Bulvar,https://en.wikipedia.org/wiki/Park_Bulvar,Park Bulvar,,True,,poi,"Park Bulvar (English: Park Boulevard) is a multi-story shopping mall located on Baku Boulevard in downtown Baku, Azerbaijan, in the city center.
Situated near the Government House of Baku, the mall spans four floors and includes two additional subterranean levels. Constructed by Baku Plaza Ltd. at a reported cost of about $41.5 million, the mall houses 99 businesses, including a supermarket, a cinema, a children's playground, and several restaurants that offer views of the Bay of Baku on the Caspian Sea.
The opening of Park Bulvar in 2010 was attended by President Ilham Aliyev and his family.",en
Q30116888,National Aviation Academy of Azerbaijan,40.453888888,50.066944444,Point(50.066944444 40.453888888),6,architectural structure,military academy,1992-06-15T00:00:00Z,,,,,,,,,,"MAA, I tədris binası.jpg",Azerbaijani higher education institution,National Aviation Academy (Azerbaijan),https://en.wikipedia.org/wiki/National_Aviation_Academy_(Azerbaijan),Milli Aviasiya Akademiyası,Национальная академия авиации Азербайджана,False,,poi,"National Aviation Academy (MAA, Azerbaijani: Milli Aviasiya Akademiyası) is a public higher education institution of the Republic of Azerbaijan. It is part of the structure of Azerbaijan Airlines Closed Joint Stock Company (JSC). The academy implements higher, additional, and professional specialization training programs in the field of civil aviation.",en
Q13668711,The Crescent Development project,40.373947222,49.859255555,Point(49.859255555 40.373947222),6,building,"skyscraper, tower block",,,,,,,,,,,Crescent Development Project in 2024.jpg,Buildings and structures under construction in Azerbaijan,The Crescent Development Project,https://en.wikipedia.org/wiki/The_Crescent_Development_Project,Aypara Sarayı və Şəhərciyi,The Crescent Development Project,True,,poi,"The Crescent Development Project or The Crescent Bay (formerly known as Caspian Plus) is a skyscraper complex under construction on the coast of the Caspian Sea in Baku,  Azerbaijan.
The complex includes an offshore hotel (Crescent Hotel), an office tower (Crescent City), a residential tower and a retail and entertainment centre (Crescent Place). The project is intended to be an architectural landmark.",en
Q30694329,Paired Fortress Gates,40.368792,49.836339,Point(49.836339 40.368792),6,architectural structure,gate,,,,Shirvan-Absheron architectural school,,,,,,,Qoşa qala qapıları.JPG,,Paired Fortress Gates,https://en.wikipedia.org/wiki/Paired_Fortress_Gates,Qoşa qala qapıları,Шемахинские ворота,True,,poi,"The Paired Fortress Gates or Gosha Gala Gapysy (also sometimes called Shamakhi gates and The gates of Shah Abbas) are one of the main entrances to the  Icherisheher section of Baku, Azerbaijan. Until the end of the 19th century, the Shamakhi Gates had been the only entry to the fortress. 
After the second row of fortification walls was demolished in the late 19th century, the gates of the second row (called “Gates of Zulfugar Khan”) were moved next to the Shamakhi Gates. Since then, the Gates have been referred to as “Paired Fortress Gates”.",en
Q85997271,Monument to Albert Agarunov,40.40575,49.861567,Point(49.861567 40.40575),6,monument,monument,2019-01-01T00:00:00Z,,,,,,,,,,Albert Aqarunovun heykəli (1).jpg,"monument in Baku, Azerbaijan",Monument to Albert Agarunov,https://en.wikipedia.org/wiki/Monument_to_Albert_Agarunov,Albert Aqarunovun heykəli,Памятник Альберту Агарунову,True,,poi,"Albert Aqarunovun heykəli — Azərbaycanın yəhudi əsilli Milli Qəhrəmanı, Qarabağ müharibəsi iştirakçısı, Albert Aqarunova 2019-cu ildə Bakı şəhərində qoyulmuş heykəl. Heykəl Albert Aqarunovun 50 illik yubileyinin şərəfinə qoyulub.",az
Q65279145,Həzi Aslanovun heykəli,40.357258,49.829393,Point(49.829393 40.357258),6,monument,monument,1949-01-01T00:00:00Z,,,,,,,,,cultural heritage monument in Azerbaijan,"Sabayil, Baku, Azerbaijan - panoramio (31).jpg",,,,"Həzi Aslanovun heykəli (Bakı, 1949)",Памятник Ази Асланову (Баку),True,,poi,"Памятник Ази Асланову – надгробный памятник, воздвигнутый в 1949 году в память о генерал-майоре Ази Асланове, единственном азербайджанце, дважды становившемся Героем Советского Союза.",ru
Q30879151,Monument to Rashid Behbudov,40.3745964,49.8467433,Point(49.8467433 40.3745964),6,monument,monument,2016-06-11T00:00:00Z,,,,,,,,,,Rəşid Behbudovun heykəli (3).jpg,"monument in Baku, Azerbaijan",Monument to Rashid Behbudov,https://en.wikipedia.org/wiki/Monument_to_Rashid_Behbudov,Rəşid Behbudovun heykəli (Bakı),Памятник Рашиду Бейбутову,True,223.0,poi,"The Monument to Rashid Behbudov (Azerbaijani: Rəşid Behbudovun heykəli) is a monument to the Azerbaijani singer Rashid Behbudov. It is located in Baku, the capital of Azerbaijan, on Rashid Behbudov Street, in the front of the State Theatre of Song named in Rashid Behbudov's honour. The Azerbaijan National Library is located on the opposite side of Rashid Behbudov Street.
The sculpture is Fuad Salayev, the People's Artist of Azerbaijan. The monument was raised on 11 June 2016. The unveiling took place on 4 October of the same year. The opening ceremony was attended by the President of the Republic of Azerbaijan, Ilham Aliyev.",en
Q4343255,Monument to Mirza Alakbar Sabir,40.368677,49.834429,Point(49.834429 40.368677),6,monument,monument,1958-01-01T00:00:00Z,,,,"Enver Ismailov, Gazanfar Alizade",,Jalal Garyaghdi,bronze,,,Mirzə Ələkbər Sabirin heykəli.JPG,"monument in Baku, Azerbaijan",Monument to Mirza Alakbar Sabir,https://en.wikipedia.org/wiki/Monument_to_Mirza_Alakbar_Sabir,Mirzə Ələkbər Sabirin heykəli,Памятник Мирзе Алекперу Сабиру,True,,poi,"Mirzə Ələkbər Sabirin heykəli — İçərişəhər divarlarının yaxınlığında, şair Mirzə Ələkbər Sabirin xatirəsinə ucaldılmış heykəl. Heykəltəraşı Cəlal Qaryağdı, memarı Ə. İsmayılov və Q. Əlizadədir. Heykəl 1958-ci ildə yaradılmışdır.
Şair əsərdə əlində kitab, oturmuş halda təsvir olunmuşdur.",az
Q16271058,Zivar bay Ahmadbayov Monument,40.379336,49.830197,Point(49.830197 40.379336),6,monument,monument,2011-05-26T00:00:00Z,,,,,,,,,,Building on Zargarpalan Street 133.jpg,monument,Zivar bay Ahmadbayov Monument,https://en.wikipedia.org/wiki/Zivar_bay_Ahmadbayov_Monument,Zivər bəy Əhmədbəyovun abidəsi,Памятник Зивер-беку Ахмедбекову,True,,poi,"Zivar bay Ahmadbayov Monument (Azerbaijani: Zivər bəy Əhmədbəyovun abidəsi) is a monument to the Azerbaijani architect Zivar bay Ahmadbayov, located in Baku, the capital of Azerbaijan, in the Yasamal district of the city. The monument is placed in front of the Nizami Ganjavi metro station, in the park named in Zivar bay Ahmadbayov honour, on the Jafar Jabbarli street. The sculptor of the monument is Natig Aliyev, the People's Artist of Azerbaijan.",en
Q15196208,Baku Turkish Martyrs' Memorial,40.35777778,49.82777778,Point(49.82777778 40.35777778),6,monument,memorial,1999-01-01T00:00:00Z,,,,,,,,,,Türk sehidleri Bakü.jpg,Cemetery in Azerbaijan,Baku Turkish Martyrs' Memorial,https://en.wikipedia.org/wiki/Baku_Turkish_Martyrs%27_Memorial,Bakı Türk Şəhidliyi,Памятник турецким воинам (Баку),True,,poi,"The Baku Turkish Martyrs' Memorial (Azerbaijani: Bakı Türk Şəhidliyi, Turkish: Bakü Türk Şehitleri Anıtı) is a memorial dedicated to the Ottoman soldiers killed during the World War I in Azerbaijan. It is situated within the Martyrs' Lane (Azerbaijani: Şəhidlər Xiyabanı) in Baku. It consists of a monument, an alley with name plates of the martyrs and a mosque.",en
Q59208803,Gara Garayev Museum,40.371180555,49.833111111,Point(49.833111111 40.371180555),6,museum,"historic house museum, music museum",,2018-10-01T00:00:00Z,,,,,,,Gara Garayev,,Qara.Q ev muzeyi.jpg,"museum in Baku, Azerbaijan",,,Qara Qarayevin ev-muzeyi,Дом-музей Кара Караева,True,,poi,"Дом-музей Кара Караева — дом-музей выдающегося азербайджанского композитора, педагога, общественного деятеля, Героя Социалистического Труда, Народного артиста СССР, депутата Верховного Совета СССР IV-IX созывов (1955-1976), академика АН Азербайджанской ССР, лауреата Государственной премии Азербайджанской ССР Кара Караева. Музей находится в ведении Министерства культуры и туризма Азербайджанской Республики.",ru
Q2974257,Baku State Circus,40.3830429,49.8396389,Point(49.8396389 40.3830429),6,building,circus building,,,,,Enver Ismailov,,,,,,Bakı Dövlət Sikrinin loqosu.png,"building in Baku, Azerbaijan",Baku State Circus,https://en.wikipedia.org/wiki/Baku_State_Circus,Bakı Dövlət Sirki,Бакинский государственный цирк,True,,poi,"Baku State Circus (Azerbaijani: Bakı Dövlət Sirki) is the main arena circus of Baku, capital of Azerbaijan.",en
Q106169267,Museum of Sacred Relics,40.366163,49.834485,Point(49.834485 40.366163),6,museum,museum,2016-01-01T00:00:00Z,,,,,,,,,,Bəylər məscidinin interyeri.jpg,museum,Museum of Sacred Relics,https://en.wikipedia.org/wiki/Museum_of_Sacred_Relics,Müqəddəs əmanətlər muzeyi,Музей священных реликвий,True,,poi,"Музей Священных Реликвий (азерб. Müqəddəs Əmanətlər Muzeyi) — музей, расположенный в мечети Бейляр в Ичеришехер. В музее, начавшем действовать в мечети после реставрации и консервации, демонстрируются образцы Корана, являющегося священной реликвией исламской религии, старинные книги различных периодов, а также образцы прикладного искусства, связанные с богослужением.",ru
Q39765768,Stone Chronicle Museum,40.340098484,49.841189534,Point(49.841189534 40.340098484),6,museum,museum,2015-01-01T00:00:00Z,,,,,,,,,,Baku KrasinGRES-StoneChronicleMuseum 004 8923.jpg,,Stone Chronicle Museum,https://en.wikipedia.org/wiki/Stone_Chronicle_Museum,Daş Salnamə Muzeyi,Музей каменной летописи,True,,poi,"Stone Chronicle Museum is a museum dedicated to the history of stone plastics in Azerbaijan. Many types of stone plastic are exhibited in the museum. The Stone Chronicle Museum, located on the National Flag Square, was created by the Heydar Aliyev Foundation. The most archaic features of moral life in Azerbaijan were found in plastic stone traditions.",en
Q16676205,Sədərək məscidi,40.3225,49.77972222,Point(49.77972222 40.3225),5,mosque,mosque,,,,,,Azerbaijan,,,,,Rəsulallah məscidi 2023.04.14.jpg,,,,Rəsulallah məscidi (Bakı),Мечеть Садарак,False,,poi,"Rəsulallah məscidi və ya Sədərək məscidi — Bakı şəhərinin Qaradağ rayonunun Lökbatan qəsəbəsində, Sədərək Ticarət Mərkəzinin ərazisində yerləşən məscid.",az
Q31299039,Hacı Baxış məscidi,40.559327282,50.008017542,Point(50.008017542 40.559327282),5,mosque,mosque,1663-01-01T00:00:00Z,,,,,,,,,cultural heritage monument in Azerbaijan,Haji Bakhshi Mosque 1.jpg,,,,Hacı Baxşı məscidi,Мечеть Гаджи Бахши,False,,poi,"Hacı Baxşı məscidi və ya Şah Abbas məscidi — Bakının Nardaran qəsəbəsində yerləşən XVII əsrə aid tarixi məsciddir.
XV əsr Şirvan memarlıq ənənələrinin XVII əsrdə də davam etdiyini göstərən abidələrdən biri Abşeron rayonunun Nardaran kəndində 1663-cü ildə tikilmiş məsciddir. Binanın üzərindəki kitabədə abidənin memar Muradəli tərəfindən tikildiyi göstərilir. İstər quruluşca, istərsə texniki cəhətdən Nardaran məscidi XV əsr Şirvan məscidlərinə oxşayır. Burada xüsusən daşların incə zövqlə, xüsusi şəkildə yonulmasını qeyd etməliyik. Nardaran məscidi Şirvanşahlar saray kompleksindəki binalar kimi yüksək keyfiyyətdə tikilmişdir.",az
Q7126183,Palace Mosque,40.36616,49.833466,Point(49.833466 40.36616),5,mosque,mosque,,,,,,,,,,,,"mosque in Baku, Azerbaijan",Palace Mosque,https://en.wikipedia.org/wiki/Palace_Mosque,,,True,,poi,"The Palatial mosque in Baku (Persian: مسجد قصر; Azerbaijani: Saray məscidi), also known as the Palace Mosque (Persian: مسجد کاخ; Azerbaijani: Şah Məscidi; Arabic: مسجد شاه (باكو)), and Shirvanshahs Palace Mosque, is a mosque, located inside the Palace of the Shirvanshahs complex, in the Old City of Baku, Azerbaijan. The mosque was built in 845 AH (1441/1442 CE) by the Iranian Shirvanshahs.
The Palatial mosque in Baku forms part of the UNESCO World Heritage-listed Palace of the Shirvanshahs.",en
Q21946191,House with Griffins,40.371388888,49.838888888,Point(49.838888888 40.371388888),5,building,house,1896-01-01T00:00:00Z,,,eclecticism,Johann Edel,,,,,cultural heritage monument in Azerbaijan,Qrifonlu ev (17).jpg,"building in Yusif Mammadaliyev Street Baku, Azerbaijan",Griffin House (Baku),https://en.wikipedia.org/wiki/Griffin_House_(Baku),Qrifonlu ev,Дом с грифонами,True,,poi,"Дом с грифонами (азерб. Qrifonlu ev) — двухэтажное здание, расположенное в столице Азербайджана, городе Баку, по улице Юсифа Мамедалиева, 20. Согласно распоряжению Кабинета министров Азербайджанской Республики, является архитектурным памятником истории и культуры местного значения Азербайджана.",ru
Q105079015,Property of Haji Mustafa Rasulov,40.371416666,49.833444444,Point(49.833444444 40.371416666),5,building,building,1884-01-01T00:00:00Z,,,,Anton Kandinov,,,,,cultural heritage monument in Azerbaijan,Building on Suleyman Taghizade Street 78.jpg,"building in Baku, Azerbaijan",Property of Haji Mustafa Rasulov,https://en.wikipedia.org/wiki/Property_of_Haji_Mustafa_Rasulov,Hacı Mustafa Rəsulovun mülkü,Дом Гаджи Мустафы Расулова,True,,poi,"Дом Гаджи Мустафы Расулова (азерб. Hacı Mustafa Rəsulovun mülkü) — здание, построенное Антоном Кандиновым и Никанором Твердохлебовым в 1884–1885 годах по заказу Гаджи Мустафы Расулова. До 1918 г., на первом этаже здания размещались различные магазины и склады, а на втором этаже располагалась гостиница Исламийя. Во время мартовского геноцида 1918 г. здание было подожжено армянами.Постановлением Кабинета министров Азербайджанской Республики № 132 от 2 августа 2001 года здание охраняется государством и внесена в список памятников архитектуры.",ru
Q97223556,The House of Ramazanovs,40.364166666,49.834722222,Point(49.834722222 40.364166666),5,building,building,1895-01-01T00:00:00Z,,,,,,,,,cultural heritage monument in Azerbaijan,Baku ValiMammadovStreet24 004 7580.jpg,19th century building located in Old City Baku,The House of Ramazanovs,https://en.wikipedia.org/wiki/The_House_of_Ramazanovs,Ramazanovların evi,Дом Рамазановых,True,,poi,"The House of Ramazanovs (Azerbaijani: Ramazanovların evi) is a 19th-century building located in the Old City of Baku, the capital of Azerbaijan. The building was completed in 1895 by order of merchant Haji Mammadkarim Ramazanov, designed in the National Romantic style by an unknown architect.",en
Q97170891,Monolith,40.369259,49.834005,Point(49.834005 40.369259),5,building,building,1931-01-01T00:00:00Z,1940-01-01T00:00:00Z,,Neoclassicism,Konstantin Senchikhin,,,,,cultural heritage monument in Azerbaijan,Monolit building in Baku.jpg,building,Monolith (building),https://en.wikipedia.org/wiki/Monolith_(building),Monolit (bina),Монолит (здание),True,,poi,"""Monolith"" is a multi-storey building in Baku, the capital of Azerbaijan. The southern facade of the building faces Istiglaliyyat Street (formerly Kommunisticheskaya), the northern one - to Ahmed Javad Street (formerly Aligeydar Garayev), and the main eastern one - to Azerbaijan Avenue (formerly Husi Hajiyev Street).
It was built in 1940 by the architect Konstantin Senchikhin. According to the order of the Cabinet of Ministers of the Republic of Azerbaijan, ""Monolith"" is considered an architectural monument of history and culture of local significance of Azerbaijan.",en
Q85997101,Kerbalai Israfil Hajiyev’s Mansion,40.380503795,49.830384813,Point(49.830384813 40.380503795),5,building,building,1910-01-01T00:00:00Z,,,Gothic architecture,Józef Plośko,,,,,cultural heritage monument in Azerbaijan,Art Nouveau building in Baku.JPG,"building in Baku, Azerbaijan",Kerbalai Israfil Hajiyev's Mansion,https://en.wikipedia.org/wiki/Kerbalai_Israfil_Hajiyev%27s_Mansion,Kərbəlayi İsrafil Hacıyevin evi,Особняк Кербалаи Исрафила Гаджиева,True,,poi,"The Kerbalai Israfil Hajiyev's Mansion (Azerbaijani: Kərbəlayi İsrafil Hacıyevin evi, Polish: Dwór Kerbałaja Israfila Hajijewa) is a building situated on 12 Jafar Jabbarli Street in the Yasamal district of Baku. It was build by the Polish architect Józef Płoszko.
By the order of the Cabinet of Ministers of the Republic of Azerbaijan, dated with 2 August 2001, the building was taken under state protection as an architectural monument of history and culture of national importance (No: 171).",en
Q25542993,Agabala Guliyev’s House,40.3744,49.8302,Point(49.8302 40.3744),5,building,building,,,,,Eugeniusz Skibiński,,,,,cultural heritage monument in Azerbaijan,Memarlar İttifaqının binası 2018.jpg,"building in Baku, Azerbaijan",Agabala Guliyev's House,https://en.wikipedia.org/wiki/Agabala_Guliyev%27s_House,Ağabala Quliyevin evi,Особняк Ага Балы Гулиева,True,,poi,"Agabala Guliyev's house is the former home of Azerbaijani oil billionaire Agabala Guliyev, designed by the Polish architect Eugeniusz Skibinski. It impacted the national-romantic movement of architecture in Baku. The architecture of the building has many advantages thanks to its three-dimensional façade, despite the fact that the building was built in narrow streets. Figarov-Fatullayev notes that under the influence of this house, in 1898-1901, Nikolayevskaya (now Istiglaliyyat) street. The building of the Girls School of H.Z.Taghiyev was built on the basis of V. Qoslavsky's project. The building is considered to be of the best examples of Azerbaijan's national architecture, with the importance of Skibinsky's creativity.",en
Q21000431,House of Scientists,40.3608,49.8336,Point(49.8336 40.3608),5,building,building,1946-01-01T00:00:00Z,,,,"Mikayil Useynov, Sadig Dadashov",,,,,cultural heritage monument in Azerbaijan,Neftçilər pros. 001.JPG,"building in Baku, Azerbaijan",Scientists' residential house,https://en.wikipedia.org/wiki/Scientists%27_residential_house,Alimlər evi (Bakı),Дом учёных (Баку),True,,poi,"Alimlər evi — Azərbaycanın paytaxtı Bakı şəhərinin Neftçilər prospektində bina. Memarlığını Sadıq Dadaşov və Mikayıl Hüseynovun etdiyi binanın tikintisi 1946-cı ildə başa çatmışdır. Binanın yaxınlıqlarında Bəhram Gur heykəli yerləşir.
Bina II Dünya müharibəsindən sonrakı dövrdə Sovet Azərbaycanı memarlığının inkişafında mühüm bir mərhələ hesab edilir.",az
Q12849673,Shuvalan lighthouse,40.497972,50.229722,Point(50.229722 40.497972),5,building,lighthouse,1907-01-01T00:00:00Z,,12,,,,,,,,Шувеланский маяк.png,lighthouse in Azerbaijan,Shuvalan Lighthouse,https://en.wikipedia.org/wiki/Shuvalan_Lighthouse,Şüvəlan mayakı,Шувеланский маяк,False,,poi,"Шувеланский (Шоуланский) маяк  (азерб. Şüvəlan mayakı) — располагается на Апшеронском полуострове в Республике Азербайджан. Построен в 1907 году, находится возле спасательной станции на мысе Шоулан.",ru
Q20577819,Fizuli place,40.375591,49.831744,Point(49.831744 40.375591),5,square,square,,,,,,,,,,,Kubinskaya square and market in 1905.jpg,Place in capital of Azerbaijan,,,Füzuli meydanı,Площадь Физули,True,,poi,"Площадь Физули (азерб. Füzuli meydanı; в прошлом Кубинская площадь) — площадь в столице Азербайджана, городе Баку, перед зданием Азербайджанского государственного драматического театра. Носит имя известного поэта XVI века Мухаммеда Физули, чей памятник расположен на площади. Бакинским старожилам площадь известна под названием «Кубинка» (бывшее название площади — Кубинская).

",ru
Q13668716,Dakar meydanı,40.41,49.943333333,Point(49.943333333 40.41),5,square,square,,,,,,,,,,,Neftciler- Dakar most 2 night - panoramio.jpg,,,,Dakar meydanı,Площадь Дакара,False,,poi,"Dakar meydanı və ya Dakar dairəsi — Bakı şəhərində yerləşən meydanlardan biri. ""Neftçilər"" metrostansiyasının yaxınlığında, Rüstəm Rüstəmov küçəsi və Qara Qarayev prospektinin kəsişməsində yerləşir. Bakı sakinləri onu daha çox ""Neftçilər dairəsi"" kimi tanıyırlar. Meydan, Bakı ilə qardaşlaşmış şəhər olan Seneqalın paytaxtı, Dakar şəhərinin şərəfinə adlandırılmışdır. İki şəhər 1967-ci ildə qardaşlaşmışlar. 1987-ci ilin sentyabrında Dakar şəhərinin əsasının qoyulmasının 100 illiyi münasibətilə Dakar şəhər bələdiyyəsinin nümayəndə heyəti Bakıda səfərdə olmuş və Dakar meydanına baş çəkmişdir.
Meydanın mərkəzində mozaikalarla, göyərçin və salamlaşma təsvirləri ilə bəzədilmiş türbəşəkilli abidə, şərq tərəfində isə iki şəhərin gerblərini əks etdirən və fransızca ""Cités Unies"" (azərb. ""Qardaşlaşmış şəhərlər""‎) sözləri yazılmış mozaikalı panno yerləşir.",az
Q29965119,Asef Zeynali street,40.365113888,49.835576944,Point(49.835576944 40.365113888),5,architectural structure,street,,,,,,,,,,,Old and new Baku.JPG,"street in Baku, Azerbaijan",,,Asəf Zeynallı küçəsi (Bakı),Улица Асафа Зейналлы,True,,street,"Улица Асафа Зейналлы (азерб. Asəf Zeynallı küçəsi) — улица в Баку, в историческом районе Ичери-шехер (Старый город), от Башенной улицы до улицы Кичик Гала. Один из главных туристических маршрутов города.",ru
Q29934120,Boyuk Gala Street,40.36679,49.836178,Point(49.836178 40.36679),5,architectural structure,street,,,,,,,,,,,Baku BoyukQalaStreet6&15 004 7461.jpg,"street in Baku, Azerbaijan",,,Böyük Qala küçəsi,Улица Бёюк Гала,True,,street,"Улица Бёюк Гала (азерб. Böyük Qala küçəsi — Большая Крепостная) — улица в Баку, в историческом районе Ичери-шехер (Старый город), от улицы Асафа Зейналлы до улицы Кичик Гала (Шемахинские ворота).
Один из главных туристических маршрутов Старого города.",ru
Q4819227,MOIK Stadium,40.36027778,49.81972222,Point(49.81972222 40.36027778),5,building,stadium,,,,,,,,,,,,"stadium in Baku, Azerbaijan",MOIK Stadium,https://en.wikipedia.org/wiki/MOIK_Stadium,,,True,,poi,"MOIK Stadium is a multi-use stadium in Baku, Azerbaijan.  It is currently used mostly for football matches. It serves as a home ground of MOIK Baku of the Azerbaijan Premier League.  The stadium holds 3,000 people spectators.",en
Q55700594,Shah Safi caravanserai,40.458722827,49.92241757,Point(49.92241757 40.458722827),5,building,caravanserai,1700-01-01T00:00:00Z,,,"Safavid architecture, Shirvan-Absheron architectural school",,Safi of Persia,,,,cultural heritage monument in Azerbaijan,Şah Səfi karvansarası (2).jpg,"caravanserai in Balaxanı, Azerbaijan",Shah Sefi's Caravanserai,https://en.wikipedia.org/wiki/Shah_Sefi%27s_Caravanserai,Şah Səfi karvansarası,Караван-сарай шаха Сефи,False,,poi,"Shah Sefi's Caravanserai is a historical and architectural monument of the 17th century located in the village of Balakhani. It was built in 1635-1636 by the master Burkhan and the sarkar Behbud at the order of the Safavid ruler Shah Sefi I.
Shah Sefi's caravanserai on the plan represent an elongated rectangle with an aspect ratio of approximately 1:3. The caravanserai's entrance is oriented to the north-east.",en
Q60231854,Haji Abu Salam bath,40.561507901,49.890893153,Point(49.890893153 40.561507901),5,building,hammam,1901-01-01T00:00:00Z,,,hammam,,,,,,cultural heritage monument in Azerbaijan,Haji Abu Salam bath 8.jpg,"building in Sabunchu district, Azerbaijan",Haji Abu-Salam Bath,https://en.wikipedia.org/wiki/Haji_Abu-Salam_Bath,Hacı Əbu-Salam hamamı,Баня Гаджи Абсалама,False,,poi,"Bath Haji Absalam (Azerbaijani - Hacı Əbu-Salam hamamı ) - is an old bathhouse located in the village of Pirşağı in the Sabunchu district of Baku, Azerbaijan. This is one of the most famous places in the settlement. This building, known as ""Sand Bath"" among the local population, was built by Haji Shahverdi Shahverdizadeh, a resident of the settlement. It is noted that the bath belongs to the 19th century, Haji Shahverdi built this bath together with his son Mashadi Sadiq Shahverdizade.",en
Q24692130,Church of the Blessed Virgin Mary's Immaculate Conception,40.372238,49.847227,Point(49.847227 40.372238),5,building,"Catholic church building, destroyed building or structure",,,,Gothic Revival,"Józef Pius Dziekoński, Józef Plośko",,,,,,Church of the Blessed Virgin Mary's Immaculate Conception 3.jpg,"former Roman Catholic Church in Baku, Azerbaijan","Church of the Immaculate Conception, Baku (1912)","https://en.wikipedia.org/wiki/Church_of_the_Immaculate_Conception,_Baku_(1912)",Müqəddəs Bakirə Məryəmin kosteli,Костёл Пресвятой Девы Марии (Баку),True,,poi,"The Church of the Blessed Virgin Mary's Immaculate Conception (Azerbaijani: Müqəddəs Bakirə Məryəmin kosteli; Polish: Kościół Niepokalanego Poczęcia Najświętszej Maryi Panny, Russian: Храм Непорочного Зачатия Пресвятой Девы Марии) was a Roman Catholic church built in Baku, in 1912 by Polish architect Józef Płoszko in Baku, Imperial Russia (modern Azerbaijan).
The building was destroyed in 1935.",en
Q25543409,House of Sadykhov brothers,40.364198,49.830749,Point(49.830749 40.364198),5,building,residential building,1912-01-01T00:00:00Z,,,architecture of Azerbaijan,Gavriil Ter-Mikelov,,,,,"architectural heritage monument, cultural heritage monument in Azerbaijan",Sadıqov qardaşlarının evi 2.JPG,"historic building in Baku, Azerbaijan",House of Sadykhov brothers,https://en.wikipedia.org/wiki/House_of_Sadykhov_brothers,Sadıqov qardaşlarının mədaxil evi,Дом братьев Садыховых,True,,poi,"House of Sadykhov brothers — is a seven-floored historic building in Baku, at the intersection of Istiglaliyyat and Niyazi streets, opposite Philharmonic Garden. The building was registered as a monument of local significance by the decision of the Cabinet of Ministers of the Republic of Azerbaijan dated August 2, 2001, No. 132. The house of the Sadykhov brothers was built in 1910-1912 by Armenian architect Gabriel Ter-Mikelov. 
The building has different compositional structures and architectural features, elements and details of local architecture. The house of residence has a rich volume of plastic.",en
Q106410438,"Monument to the ""Guba"" ship sailors",40.494,50.2305,Point(50.2305 40.494),5,monument,monument,1889-01-01T00:00:00Z,,,,,,,,,,Quba gəmisinin dənizçilərinə qoyulmuş abidə (6).jpg,"historic site in Baku, Azerbaijan","Monument to the ""Guba"" ship sailors",https://en.wikipedia.org/wiki/Monument_to_the_%22Guba%22_ship_sailors,"""Quba"" gəmisinin dənizçilərinə qoyulmuş abidə",Памятник морякам судна «Куба»,False,,poi,"The monument to the sailors of the ship ""Guba"" – is a monument to the sailors who died as a result of the ship ""Guba"" sinking, which was conducting research in the Caspian Sea, at Cape Shuvelan on 14 September 1857. As a result of the crash, 22 crew members died, 57 people were rescued. After this tragedy, in order to ensure the safety of ships, the construction of lighthouses on Absheron began. The author of the monument's project, erected in 1889 in Shuvalan, was the architect Johann Edel.",en
Q12841772,Mehdi Huseynzade Monument,40.387247,49.826589,Point(49.826589 40.387247),5,monument,monument,1973-01-01T00:00:00Z,,,,Mikayil Useynov,,Fuad Abdurahmanov,"bronze, granite",,cultural heritage monument in Azerbaijan,Mehdi Hüseynzadənin heykəli (1).jpg,Azerbaijani World War II monument,Mehdi Huseynzade Monument,https://en.wikipedia.org/wiki/Mehdi_Huseynzade_Monument,Mehdi Hüseynzadənin heykəli,Памятник Мехти Гусейнзаде (Баку),True,,poi,"Mehdi Huseynzade Monument (Azerbaijani: Mehdi Hüseynzadənin heykəli) - is a monument to the Azerbaijani partisan of the Second World War, Hero of the Soviet Union, Mekhti Huseynzade, and was installed in 1973 in the capital of Azerbaijan, Baku, in the park along the Bakikhanov street near the northern entrance into the city. The sculptor is Fuad Abdurakhmanov, the Peoples Artist of the Azerbaijan SSR, the architect is Mikael Useinov, the Peoples Architect of the USSR.
The expressive figure of Mehdi Huseynzade in a fluttering cloak and with a grenade in his right hand stands on an unworked block of granite. As noted by the art critic Kamil Mammadzade, the attention is drawn to ""the accuracy of the proportions ratio of the sculptural and architectural parts. The authors used the features of the relief of the mountainous part of the city, due to which the monument is clearly visible. According to the art critic Jamila Novruzova, the monument “combines as complex psychological tasks, also and monumental and decorative ones”.",en
Q12837953,Statue of Bahram Gur,40.360421,49.833638,Point(49.833638 40.360421),5,monument,monument,1959-01-01T00:00:00Z,,4.6,,,,,bronze,,cultural heritage monument in Azerbaijan,4. Bakhram Gur.jpg,"monument in Baku, Azerbaijan",,,Bəhram Gurun heykəli,Бахрам Гур (памятник),True,,poi,"Bəhram Gurun heykəli — Azərbaycanın paytaxtı Bakı şəhərində şəhər funikulyorunun qarşısında Azneft meydanında abidə və eyniadlı fontan. Abidədə Nizami Gəncəvinin ""Yeddi gözəl"" poemasının qəhrəmanı, Sasanilər sülaləsinin beşinci hökmdarı Bəhram Gurun ayağının ətrafına sarılan ilanabənzər əjdahanı qılıncla öldürməsi təsvir olunmuşdur. Bu heykəli 1959-cu ildə üç heykəltaraş - Albert Mustafayev, Qorxmaz Sücəddinov və Aslan Rüstəmov hazırlamışdır.

Bəhram Gurun heykəli 2007-ci ilin sentyabrın ortalarında Bakının ""Azneft"" meydanı yaxınlığından götürüldükdən sonra Rəssamlar İttifaqı Bədii Fondunun tunc sexində üç aya yaxın müddətdə bərpa olunduqdan sonra yerinə qaytarılmışdır. 2007-ci ilin dekabrın 15-də heykəlin bərpasından sonra açılışı olmuşdur. Bəhram Gurun heykəli 47 il əvvəl hazırlanıb və Bakıda ilk heykəlli fəvvarə hesab olunur. Heykəlin hündürlüyü 3,5 metrdir.
Yaxınlığında eyniadlı funikulyor stansiyası mövcuddur.",az
Q12138418,Monument to Taras Shevchenko (Baku),40.389623,49.842328,Point(49.842328 40.389623),5,monument,monument,2008-06-30T00:00:00Z,,3.5,,,,,"brass, bronze",,,,monument,Monument to Taras Shevchenko (Baku),https://en.wikipedia.org/wiki/Monument_to_Taras_Shevchenko_(Baku),Taras Şevçenkonun heykəli (Bakı),Памятник Тарасу Шевченко (Баку),True,,poi,"The Monument to Taras Shevchenko (Azerbaijani: Taras Şevçenkonun heykəli) is a monument to the Ukrainian poet and writer Taras Shevchenko raised in the capital of Azerbaijan, the city of Baku. The author of the monument is the Ukrainian sculptor Igor Grechanik.",en
Q18407356,Monument to Tofiq Bahramov,40.398362,49.853954,Point(49.853954 40.398362),5,monument,monument,2004-10-13T00:00:00Z,,,,,,,,,,,Monument in Azerbaijan,Monument to Tofiq Bahramov,https://en.wikipedia.org/wiki/Monument_to_Tofiq_Bahramov,Tofiq Bəhramovun heykəli (Bakı),Памятник Тофику Бахрамову,True,,poi,"Monument to Tofiq Bahramov (Azerbaijani: Tofiq Bəhramovun heykəli) is a monument to the Azerbaijani Soviet referee and judge of international category Tofiq Bahramov. It is located in the front of the training centre building next to the Baku Republican Stadium, named after Bahramov. The sculptor Mamednijat Salakhov is the author of the monument. This is the world's first monument to a football referee.",en
Q21635821,Monument to Richard Sorge,40.390715879,49.837194809,Point(49.837194809 40.390715879),5,monument,monument,1981-05-01T00:00:00Z,,,,"Leonid Pavlov, Rasim Aliyev, Vladimir Yefimovich Tsigal",,,"brass, bronze, granite",,,Rixard Zorgenin abidəsi (1).jpg,"monument in Baku, Azerbaijan",Monument to Richard Sorge,https://en.wikipedia.org/wiki/Monument_to_Richard_Sorge,Rixard Zorgenin abidəsi (Bakı),Памятник Рихарду Зорге (Баку),True,,poi,"The Monument to Richard Sorge (Azerbaijani: Rixard Zorgenin abidəsi) - is a monument to Hero of the Soviet Union Richard Sorge, a Soviet intelligence officer during the Second World War. The monument is located in Baku, the capital of Azerbaijan, near the village of Sabunchu, where Sorge was born. It was installed in 1981. The sculptor is Vladimir Tsigal, the architects are Rasim Aliev, Leonid Pavlov, Y. Dubov.
The monument was unveiled in May 1981 on the eve of the Victory Day, in one of the alleys of the city (currently in the park named after Richard Sorge). The bronze and granite monument is framed by pines, plane trees, and mulberry trees, and nearby, in land brought from Japan, a cherry tree.
The sculptor Vladimir Tsigal said:

For many years I have dreamed of creating a monument to the legendary Soviet intelligence officer, the commander of a group operating deep behind enemy lines, R. Sorge. I visited Japan, and talked for a long time with people who knew him. The collected materials and impressions helped the team of authors create a monument to Sorge for Baku – his homeland, and finally with the architect L. Pavlov, we completed a long-term work for a monument to a wonderful patriot.
The monument to Richard Sorge is made in the form of an oblong, curved bronze plaque, reminiscent of a radar installation, in the centre of which there is a relief image of the middle part of Sorge's face with the cut right through the stone eyes which depicts his piercing gaze – focused and studying shrilling the person. In this generalized, conventional image, the sculptor tried to create a symbol of the Soviet intelligence officer.
A photograph of the monument illustrated an article about Tsigal in the Azerbaijan Soviet Encyclopedia.",en
Q16368673,Heydər Əliyevin heykəli,40.378373,49.844015,Point(49.844015 40.378373),5,monument,monument,2005-05-10T00:00:00Z,,5.2,,,,Salavat Chtcherbakov,"brass, bronze, granite",,,,monument in Azerbaijan,,,Heydər Əliyevin heykəli (Bakı),Памятник Гейдару Алиеву (Баку),True,,poi,"Памятник Гейдару Алиеву (азерб. Heydər Əliyevin heykəli) — памятник третьему президенту Азербайджана Гейдару Алиеву, воздвигнутый в столице Азербайджана, городе Баку. Авторами памятника являются российские скульпторы Салават Щербаков и Михаил Ногин. Открытие архитектурного комплекса, включающего памятник Алиеву, состоялось 10 мая 2005 года, в день 82-летия Гейдара Алиева, в сквере перед Дворцом имени Гейдара Алиева. На церемонии открытия приняли участие президент Азербайджана Ильхам Алиев, главы министерств и ведомств, депутаты парламента, представители общественности страны, а также дипломатического корпуса, аккредитованного в Баку.",ru
Q96354642,Ovdan,40.46403735,49.918712515,Point(49.918712515 40.46403735),5,building,ovdan,1400-01-01T00:00:00Z,,,,,,,,,cultural heritage monument in Azerbaijan,Ovdan (Balaxanı).jpg,Was built in the 14th century in the Balakhani settlement by order of Shirvanshah Emir Khaja Zeynaddin.,Ovdan (Balakhani),https://en.wikipedia.org/wiki/Ovdan_(Balakhani),Ovdan (Balaxanı),Балаханский овдан,False,,poi,"Балаханский овдан (азерб. Balaxanı ovdanı) — древний водный резервуар в посёлке Балаханы в Азербайджане, построенный в XIV веке по приказу ширваншахского эмира Хаджи Зейнаддина. Постановлением Кабинета министров Азербайджанской Республики № 132 от 2 августа 2001 года овдан охраняется государством и внесён в список памятников архитектуры.",ru
Q4632380,26 Commissars Memorial,40.373136,49.845755,Point(49.845755 40.373136),5,architectural structure,destroyed building or structure,1968-01-01T00:00:00Z,,,,"Alesker Huseynov, Hanifa Alasgarov",,,"concrete, granite, marble, reinforced concrete",,,"26 Baku Commissars Memorial, 1987.jpg",,26 Baku Commissars Memorial,https://en.wikipedia.org/wiki/26_Baku_Commissars_Memorial,26 Bakı komissarı abidəsi,26 бакинских комиссаров (мемориальный комплекс),True,,poi,"The 26 Baku Commissars Memorial was a Soviet-era monument located in Baku, Azerbaijan, that paid tribute to the 26 Baku Commissars from the Baku commune. The commune was overthrown in 1918 and the commissars were later executed near Krasnovodsk (now Türkmenbaşy). The monument was constructed by sculptors I. Zeynalov and N. Mamedov, and architects G. Aleskerov and Alesker Huseynov, who eventually became prominent politicians in Azerbaijan. The remains of the Commissars were buried at the site of the memorial.",en
Q4345043,Parachute tower in Baku,40.36859,49.843994,Point(49.843994 40.36859),5,building,parachute tower,,,,,,,,,,,Baku ParachuteTower 004 2041.jpg,tower in baku (Azerbaijan),Parachute tower in Baku,https://en.wikipedia.org/wiki/Parachute_tower_in_Baku,Paraşüt qülləsi (Bakı),Парашютная вышка в Баку,True,,poi,"Парашютная вышка (азерб. Paraşüt Qülləsi) — сооружение высотой 75 м на приморском бульваре в Баку, выполненное в форме нефтяной вышки. Его открытие состоялось в 1936 году. Вышка является одной из достопримечательностей столицы Азербайджана.",ru
Q97222958,Mitrofanov Residence,40.368333333,49.829166666,Point(49.829166666 40.368333333),5,building,mansion,1898-01-01T00:00:00Z,,,French Renaissance,Johann Edel,,,,,cultural heritage monument in Azerbaijan,"Yaşayış binası, Səid Rüstəmov 3.jpg","mansion in Baku, Azerbaijan",Mitrofanov Residence,https://en.wikipedia.org/wiki/Mitrofanov_Residence,Mitrofanovun evi,Дом Д. Митрофанова,True,,poi,"Mitrofanov Residence (Azerbaijani: Mitrofanovun evi, German: Mitrofanow Residenz, Russian: Резиденция Митрофанова) is a mansion in Baku, capital of Azerbaijan. It was built by Dmitry D. Mitrofanov, a rich oil baron who employed the German architect Johann Edel as the architect for his residence. Construction took place between 1898 and 1902. The building was built in the French Renaissance Revival-style. Following the March 1918 events, the building was used by the Baku Commune. In 1919, during the short-lived Democratic Republic of Azerbaijan, the building housed the French Embassy. With the April 1920 invasion, the building was divided into apartments.",en
Q16414701,Qala Arxeoloji-Etnoqrafik Muzey Kompleksi,40.439718,50.169110294,Point(50.169110294 40.439718),5,museum,museum,2008-01-01T00:00:00Z,,,,,,,,,,Государственный историко-этнографический заповедник Гала.jpg,,,,Qala Arxeoloji-Etnoqrafik Muzey Kompleksi,Государственный историко-этнографический заповедник Гала,False,,poi,"Деревня Гала находится в центре Апшеронского полуострова на востоке Азербайджана, на стратегически важном холме. Старая часть деревни Гала была объявлена историческим этнографическим заповедником в 1988 году и охватывала 216 исторических, археологических и архитектурных памятников. В селе есть пять мечетей, остатки замка, три бани, более 170 домов, а также мавзолеи, своды, хранилища и т. д. Деревня Гала это не просто коллекция памятников, иллюстрирующих средневековую архитектуру, а комплекс имитирующий город, построенный в средневековом Абшероне.

",ru
Q25394143,Yeni Avropa,40.36987,49.838938,Point(49.838938 40.36987),4,building,hotel,1913-01-01T00:00:00Z,,,Art Nouveau architecture,Józef Plośko,Musa Naghiyev,,,,cultural heritage monument in Azerbaijan,New Europe.jpg,,,,Yeni Avropa (mehmanxana),Новая Европа (гостиница),True,,poi,"«Новая Европа» (азерб. Yeni Avropa) — бывшая гостиница, располагавшаяся в городе Баку (Азербайджан).
В настоящее время в здании гостиницы расположен бакинский офис российской нефтяной компании «Лукойл», современный адрес — ул. Гаджи Зейналабдина Тагиева, 13. Согласно распоряжению Кабинета министров Азербайджанской Республики, данное здание является архитектурным памятником истории и культуры местного значения Азербайджана.",ru
Q18406624,"Cume Mescidi, Mashtaga",40.395277777,49.882222222,Point(49.882222222 40.395277777),4,mosque,"congregational mosque, mosque",1891-01-01T00:00:00Z,,,Islamic architecture,,,,stone,,,,,,,,Джума-мечеть (Маштага),True,,poi,"Маштагинская Джума-мечеть (азерб. Maştağa cümə məscidi) — мечеть в поселке Маштага, Сабунчинского района, города Баку, Азербайджан.",ru
Q20932662,Fatima-Zahra Mosque (Yeni Guneshli),40.381361111,49.978694444,Point(49.978694444 40.381361111),4,mosque,mosque,,,,,Adalet Mammadov,,,,,,Xanım Fatimeyi-Zəhra məscidi (Yeni Günəşli).JPG,Mosque in Azerbaijan,,,Xanım Fatimeyi-Zəhra məscidi,,False,,poi,Xanım Fatimeyi-Zəhra məscidi və ya Fatimeyi-Zəhra məscidi — Azərbaycanın paytaxtı Bakı şəhərinin Suraxanı rayonunun Yeni Günəşli yaşayış massivində məscid.,az
Q21662011,The building of Buzovnaneft,40.373,49.841,Point(49.841 40.373),4,building,house,1945-01-01T00:00:00Z,,,,"Mikayil Useynov, Sadig Dadashov",,,,,,Buzovnaneftin binası 202409 (1).jpg,"residential building in Baku, Azerbaijan",,,Buzovnaneftin binası,Жилой дом треста «Бузовнынефть»,True,,poi,"«Жилой дом треста „Бузовнынефть“» (азерб. «Buzovnaneft»in binası) — здание в столице Азербайджана, городе Баку (угол улиц Самеда Вургуна и ул. Низами). Расположено напротив сквера Насими. Авторами проекта дома, построенного в 1945 году, являются Садых Дадашев и Микаэль Усейнов. Это одно из последних совместных творений Дадашева и Усейнова.",ru
Q60738456,Upland Cemetery,40.357222222,49.829166666,Point(49.829166666 40.357222222),4,architectural structure,cemetery,1883-01-01T00:00:00Z,,,,,,,,,,Upland cemetery in Baku.jpg,cemetery in Baku,Upland Cemetery,https://en.wikipedia.org/wiki/Upland_Cemetery,Dağüstü qəbiristanlığı,Нагорное кладбище (Баку),True,,poi,"The Upland Cemetery. (Azerbaijani: Dağüstü qəbiristanlığı) or the Pir-Vanzari Cemetery was a multi-confessional cemetery located in Baku until the first half of the 1930s. The cemetery was placed on the top of the Baku hill, known as Pirvanzari, situated to the southwest of the Chemberekend village, a suburb of Baku.
On the Baku urban plan of 1899, compiled by the city engineer the Colonel Nikolai von der Nonne, it can be seen that the cemetery during this period consisted of a number of sections:
Muslim, Orthodox, Catholic, Lutheran, Jewish and Molokan. Also, on the territory of the cemetery were located several chapels.
In the first half of the 1930s, the cemetery was demolished, and a park named after Sergei Kirov was laid out on this site. In 1990, the bodies of the Black January tragedy victims, and
subsequently those who died during the Karabakh war, were buried in the former Muslim part of the cemetery. Today, this area is known as the Martyrs' Alley.

",en
Q12844290,Qaraçı karvansarası,40.276813,49.439864,Point(49.439864 40.276813),4,building,building,1301-01-01T00:00:00Z,,,Shirvan-Absheron architectural school,,,,,,cultural heritage monument in Azerbaijan,Qaraçı karvansarası.jpg,,,,Qaraçı karvansarası,Караван-сарай Гарачы,False,,poi,"Караван-сарай Гарачы (азерб. Qaraçı karvansarası) — средневековый архитектурный памятник, расположенный в местечке Мияджик вблизи посёлка Сангачал Гарадагского района Баку.",ru
Q111972869,Skobelev Brothers' Mill,40.375427347,49.850195391,Point(49.850195391 40.375427347),4,building,building,1903-01-01T00:00:00Z,,,,,,,,,cultural heritage monument in Azerbaijan,"Dəyirman binası, Nizami küçəsi, 80.jpg","A mill built in 1903-1909 in Baku by the representatives of the Molokan community, the brothers Sergei and Ivan Skobelev.",Skobelev Brothers' Mill,https://en.wikipedia.org/wiki/Skobelev_Brothers%27_Mill,Skobelev qardaşlarının dəyirmanı,Мельница братьев Скобелевых,True,,poi,"Skobelev Brothers' Mill (Azerbaijani: Skobelev qardaşlarının dəyirmanı) is a mill built in Baku by the representatives of the Molokan community, the brothers Sergei and Ivan Skobelev. Some sources claim that the mill was raised jointly with Haji Zeynalabdin Tagiyev. By the Decree of the Cabinet of Ministers of the Republic of Azerbaijan dated with 2 August 2001 No 132, the building was included in the list of immovable monuments of history and culture of local importance.",en
Q110101221,Four-storey tenement house of Musa Nagiyev,40.37564319,49.851246218,Point(49.851246218 40.37564319),4,building,building,1910-01-01T00:00:00Z,,,,Józef Plośko,,,,,cultural heritage monument in Azerbaijan,Xaqani 47 yaşayış evi.jpg,"Historic building in Baku, Azerbaijan",Four-storey tenement house of Musa Nagiyev,https://en.wikipedia.org/wiki/Four-storey_tenement_house_of_Musa_Nagiyev,Musa Nağıyevin dördmərtəbəli mədaxil evi,Четырёхэтажный доходный дом Мусы Нагиева,True,,poi,"The four-storey tenement house of Agha Musa Nagiyev (or Musa Nagiyev) is an edifice in Baku built in 1910-1912. The customer of the construction was Agha Musa Nagiyev, and the architect was a Polish man named Joseph Ploshko. By the Decree of the Cabinet of Ministers of the Republic of Azerbaijan No. 132 dated with 2 August 2001, the house was included in the list of immovable monuments of history and culture of local importance.",en
Q99472102,Building of Hospital № 4 in Baku,40.378237922,49.840683613,Point(49.840683613 40.378237922),4,building,building,1911-01-01T00:00:00Z,,,,Konstantin Borisoqlebskiy,,,,,cultural heritage monument in Azerbaijan,4 nömrəli xəctəxana.JPG,building in Azerbaijan,Men's Gymnasium Building (Baku),https://en.wikipedia.org/wiki/Men%27s_Gymnasium_Building_(Baku),Kişi gimnaziyasının binası,Здание Мужской гимназии (Баку),True,,poi,"Men's Gymnasium Building was built in 1911–1913 in Baku, Azerbaijan for the Men's Gymnasium named after Emperor Alexander III. The architect of the building was Konstantin Borisoglebsky. The building was once the second largest educational institution after the Baku Real School. After the Soviet occupation, the building functioned as the city hospital No. 4. In 2018, the building was removed from the control of the Ministry of Health due to the relocation of City Hospital No. 4. It is currently unused.",en
Q97302028,Building of bank on Tarlan Aliyarbayov Street 5,40.369305555,49.838388888,Point(49.838388888 40.369305555),4,building,building,,,,,,,,,,,"Bankın binası, T.Əliyarbəyov küçəsi, 5 2016.jpg",bank building in Azerbaijan,Edifice of Tiflis Commercial Bank (Baku),https://en.wikipedia.org/wiki/Edifice_of_Tiflis_Commercial_Bank_(Baku),Tiflis Kommersiya bankının binası,Здание Тифлисского коммерческого банка (Баку),True,,poi,"Edifice of Tiflis Commercial Bank (Baku) (Azerbaijani: Tiflis kommersiya bankının binası) is a building on Tarlan Aliyarbeyov street in the Sabail district of Baku. The building housed the Baku branch of Tiflis Commercial Bank. By an order of Cabinet of Ministers of the Republic of Azerbaijan, dated with 2 August 2001, the building of the bank was taken under state protection as an architectural monument of history and culture of local significance (Inv. No. 3360).",en
Q95951669,Building of Bank on Taghiyev Street,40.369027777,49.840027777,Point(49.840027777 40.369027777),4,building,building,1903-01-01T00:00:00Z,,,,,,,,,cultural heritage monument in Azerbaijan,Building of the bank on 3 Zeynalabdin Taghiyev Street.jpg,Bank building in Azerbaijan,Northern Bank building,https://en.wikipedia.org/wiki/Northern_Bank_building,Peterburq Şimal bankının binası,Здание Северного банка (Баку),True,,poi,"Northern Bank building or Shimal Bank building (Azerbaijani: Şimal bankının binası) is an edifice located on the Haji Zeynalabdin Tagiyev Street in the Sabail district of Baku. By the order of the Cabinet of Ministers of the Republic of Azerbaijan dated with 2 August 2001, the bank building was taken under the state protection as an architectural monument of history and culture of national importance (No. 165).",en
Q85997389,Fenomen Cinematography Building,40.367182553,49.839036741,Point(49.839036741 40.367182553),4,building,building,1909-01-01T00:00:00Z,,,,Józef Plośko,,,,,cultural heritage monument in Azerbaijan,Baku. Phenomen cinema.jpg,"building in Baku, Azerbaijan",Fenomen Cinematography Building,https://en.wikipedia.org/wiki/Fenomen_Cinematography_Building,Fenomen sinematoqrafının binası,Здание синематографа «Феномен»,True,,poi,"The Cinematography Building of Fenomen or the Puppet Theater is the first cinematographic building built in 1910 in Baku. The building was designed by Polish architect Józef Płoszko in the French Renaissance style. At present, the Azerbaijan State Puppet Theater operates in the building.",en
Q16486727,Azersu Office Tower,40.40638889,49.88527778,Point(49.88527778 40.40638889),4,building,building,,,,,,,,,,,,building in Azerbaijan,,,Azersu Office Tower,Azersu Office Tower,True,,poi,Azersu Office Tower (рус. Офисная башня Азерсу [Азерсу Офис Тауэр]) — высотное здание в городе Баку. Высотка предназначена для размещения штаба национального оператора водных ресурсов Азербайджана.,ru
Q13668680,The House of Gubernator,40.363419,49.835034,Point(49.835034 40.363419),4,building,building,1897-01-01T00:00:00Z,,,,,,,,,,House of Gubernator.jpg,"mansion in Baku, Azerbaijan",Governor's House (Baku),https://en.wikipedia.org/wiki/Governor%27s_House_(Baku),Qubernator evi (Bakı),Губернаторский дом (Баку),True,,poi,"The Governor's House in Baku, Azerbaijan, was the Governor's abode in Baku. It was built in 1865–1867. Then, businessman Seyid Mirbabayev bought the building, leased it to the governors of the Russian Empire as the first official residence for this position.  When the governor first moved from Shamakhi to Baku, no building in the city had been designated for him.",en
Q110104290,Museum of Art,40.339561122,49.838170614,Point(49.838170614 40.339561122),4,museum,art museum,,2015-01-01T00:00:00Z,,,,,,,,,The Museum of Art in Baku entrance.jpg,,,,Rəngkarlıq Muzeyi,Музей живописи,False,,poi,"Музей азербайджанской живописи XX—XXI веков (азерб. XX—XXI Əsrlər Azərbaycan Rəngkarlığı Muzeyi) или Музей живописи (азерб. Rəngkarlıq Muzeyi) — художественный музей, расположенный в Баку, Азербайджан.",ru
Q12835742,Amburan Lighthouse,40.583194,49.984722,Point(49.984722 40.583194),4,building,lighthouse,1882-01-01T00:00:00Z,,12,,,,,masonry,,,Амбуранский маяк 1915 год.png,lighthouse in Azerbaijan,Amburan Lighthouse,https://en.wikipedia.org/wiki/Amburan_Lighthouse,Amburan mayakı,Амбуранский маяк,False,,poi,"Amburan Lighthouse or Nardaran Lighthouse (Azerbaijani: Amburan mayakı), was built on the Kohne Bilgah Cape on the Galagaya Upland in 1882. It is an operating lighthouse in the Caspian Sea (Azerbaijan).",en
Q12835378,Absheron lighthouse,40.406944,50.325111,Point(50.325111 40.406944),4,building,lighthouse,1860-01-01T00:00:00Z,,25,,,,,,,,Gurgan Mayak.jpg,lighthouse in Azerbaijan,Absheron Lighthouse,https://en.wikipedia.org/wiki/Absheron_Lighthouse,Abşeron mayakı,Апшеронский маяк,False,,poi,"Absheron Lighthouse or Gurgan Lighthouse (Azerbaijani: Abşeron mayakı) is located on the Absheron Peninsula, on the Absheron Mountain. Built in 1860, it is the largest of the peninsula's lighthouses.",en
Q135390128,Zərgərpalan hamamı,40.37686776,49.830530835,Point(49.830530835 40.37686776),4,building,"bathhouse, hammam",1899-01-01T00:00:00Z,,,Shirvan-Absheron architectural school,,,,,,cultural heritage monument in Azerbaijan,Zergerpalan bathhouse13.jpg,A historical architectural monument and bathhouse located in the city of Baku.,Zargarpalan Bathhouse,https://en.wikipedia.org/wiki/Zargarpalan_Bathhouse,Zərgərpalan hamamı,,True,,poi,"Zargarpalan Bathhouse is a 19th-century historical and architectural monument located in Baku, Azerbaijan.
The bathhouse was included in the list of immovable historical and cultural monuments of local importance by the Resolution No. 132 of the Cabinet of Ministers of the Republic of Azerbaijan dated August 2, 2001.",en
Q20578467,Haji Zeynal Abdin Taghiyev' villa,40.491933589,50.147584463,Point(50.147584463 40.491933589),4,building,villa,1893-01-01T00:00:00Z,,,,Józef Gosławski,,,,,cultural heritage monument in Azerbaijan,Tağıyevin villasının daxili həyəti.jpg,"building in Mardakan, Azerbaijan",,,Hacı Zeynalabdin Tağıyevin villası,Вилла Тагиева,False,,poi,"Вилла Гаджи Зейналабдина Тагиева (азерб. Hacı Zeynalabdin Tağıyevin villası) — летняя резиденция и дача Гаджи Зейналабдина Тагиева, где тот прожил свои последние годы. Архитектор — Юзеф Гославский.",ru
Q29994839,Sabir Street,40.367835,49.835774,Point(49.835774 40.367835),4,architectural structure,street,,,,,,,,,,,Baku 20170508 135340.jpg,"street in Baku, Azerbaijan",,,Sabir küçəsi,Улица Сабира,True,,street,"Улица Сабира (азерб. Sabir küçəsi) — улица в Баку, в историческом районе Ичери-шехер (Старый город), объекте всемирного наследия (№ 958 в списке).",ru
Q29854113,Kichik Gala street,40.364571,49.832738,Point(49.832738 40.364571),4,architectural structure,street,,,,,,,,,,,Baku 20170506 135939.jpg,"street in Baku, Azerbaijan",,,Kiçik Qala küçəsi (Bakı),Улица Кичик Гала,True,,street,"Улица Кичик Гала (азерб. Kiçik Qala küçəsi — Малая Крепостная) — улица в Баку, в Старом городе (Ичери-шехер), от улицы Асафа Зейналлы у Сальянских ворот до улицы Бёюк Гала (Большая Крепостная) у Шемахинских ворот.",ru
Q20404595,St. Bartholomew church in Baku,40.366268847,49.836882295,Point(49.836882295 40.366268847),4,building,church building,1892-01-01T00:00:00Z,,,,,,,,,cultural heritage monument in Azerbaijan,"St. Bartholomew ortodox church in Baku, XIX century.jpg",church in Azerbaijan,Saint Bartholomew Church (Baku),https://en.wikipedia.org/wiki/Saint_Bartholomew_Church_(Baku),Müqəddəs Varfolomey kilsəsi (Bakı),,True,,poi,"Müqəddəs Varfolomey kilsəsi — İçərişəhərdə mövcud olmuş, hal-hazırda isə qalıqları qalmış kilsə.
Müqəddəs Varfolomey kilsəsi 1892-ci ildə yerli xristian əhalinin bəxşişləri hesabına Həvari Varfolomeyin şəhid edildiyinə inanılan yerdə inşa edilmişdir. Kiçik kapella formalı ortodoks kilsəsinin interyerini Varfolomey və digər müqəddəslərin ikonaları bəzəyirdi. Kilsə memar İ. V. Edelin layihəsi əsasında rus kilsələrinin memarlıq üslubunda inşa edilmişdi. Kilsə Bakının ilk və ən qədim kilsəsinin özülləri üzərində inşa edilmişdi. İnanca görə, Qız qalası yaxınlığında yerləşən bu ərazidə b.e. 71-ci ilində Həvari Varfolomey yerli bütpərəstlər tərəfindən çarmıxa çəkilərək öldürülmüşdür. Kilsə 1936-cı ilə kimi fəaliyyətini davam etdirmiş, daha sonra isə dinlə mübarizə kompaniyası çərçivəsində sökülmüşdür. Müasir dövrdə Müqəddəs Varfolomeyin anım günü olan 24 iyun səhəri Bakı yeparxiyası kilsənin qalıqları olan yerdə moleben həyata keçirir. 2003-cü ildə Konstantinopol patriarxı Vorfolomey Müqəddəs Varfolomeyin qalıqlarının bir hissəsini Azərbaycan xristianlarına hədiyyə olaraq Bakıya gətirmişdir və həmin qalıqlar indi Müqəddəs Mürdaşıyan Zənənlər Kafedralında saxlanılır. Müqəddəs Varfolomey kilsəsinin qalıqları 2015-ci ildə arxeoloji abidə kimi qeydə alınmışdır.",az
Q105451415,Mikado Cinematography building,40.372450371,49.840759303,Point(49.840759303 40.372450371),4,building,theatre building,1916-01-01T00:00:00Z,,,,,,,,,,Mikado sinematoqrafının binası.jpg,"drama theatre building and former cinema building in Baku, Azerbaijan",Mikado Cinematography building,https://en.wikipedia.org/wiki/Mikado_Cinematography_building,Mikado sinematoqrafının binası,Здание синематографа «Микадо»,True,,poi,"The Mikado Cinematography building or Azerbaijan State Academic Russian Drama Theater building named after Samad Vurgun - the building, previously used by Aliheydar Karimov as a warehouse in 1916, was renovated in the Chinese-Japanese style and began to function as a cinematographer. In 1917, for the first time in Baku, a scientific-educational cinematographic session was held for junior high school students in this theater. The Pel Mel Theater, the Baku Free Criticism and Propaganda Theater, and the Baku Workers' Theater functioned in the building at different times. The Azerbaijan State Academic Russian Drama Theater named after Samad Vurgun has been operating in the building since 1937.

",en
Q4849586,Baku International Bus Terminal,40.42805556,49.7975,Point(49.7975 40.42805556),4,building,bus station,2009-01-01T00:00:00Z,,,,,,,,,,Bakı BA.jpg,"bus station in Baku, Azerbaijan",Baku International Bus Terminal,https://en.wikipedia.org/wiki/Baku_International_Bus_Terminal,Bakı Beynəlxalq Avtovağzalı,,True,,poi,"Baku International Bus Terminal is a bus terminal located in Baku, Azerbaijan. The foundation stone for the complex was laid in 2004, and construction work was carried out by local firm ""Baku 21st century"".  Baku International Bus Terminal was opened officially on 12 February 2009. It is the biggest bus terminal in the Commonwealth of Independent States countries. Its design resembles a ship. It is located on Sumgait highway, in the entry to Baku city.",en
Q20584335,Sofi Hamid Shrine,40.223431305,49.420920727,Point(49.420920727 40.223431305),4,monument,tomb,,,,,,,,,,cultural heritage monument in Azerbaijan,Sofi Həmid piri 2024 (127).jpg,,,,Sofi Həmid türbəsi,Гробница Софи Гамид,False,,poi,"Гробница Софи Гамид (азерб. Sofi Həmid türbəsi) — пир (святилище) расположенный в местечке Мияджик, посёлка Сангачал Гарадагского района Баку. Напротив пира установлена каменная скульптура верблюда, которая считается единственной монументальной скульптурой в Азербайджане, сохранившейся со Средних веков.
В прошлом в окрестностях поклонного места Софи Гамид располагались кишлаки, где зимовали жители кочевья Шыхляр.
Распоряжением Кабинета министров Азербайджанской Республики от 2 августа 2001 года гробница взята под охрану государства как архитектурный памятник национального значения (инв № 107).",ru
Q8063594,Zabrat Stadium,40.49199,49.94755,Point(49.94755 40.49199),4,building,stadium,,,,,,,,,,,,stadium in Azerbaijan,Zabrat Stadium,https://en.wikipedia.org/wiki/Zabrat_Stadium,,,False,,poi,"Zabrat Stadium is a multi-use stadium in Zabrat, Azerbaijan.  It is currently used mostly for Association football matches and is the home stadium of Neftçi PFK.  The stadium holds 3,000 people.

",en
Q56633670,Haji Shahverdi bath,40.570690669,49.890800021,Point(49.890800021 40.570690669),4,building,hammam,1900-01-01T00:00:00Z,,,,,,,,,cultural heritage monument in Azerbaijan,"Pirsaqi, Azerbaijan, 2010 (2).jpg",,,,Hacı Şahverdi hamamı,Баня Гаджи Шахверди,False,,poi,"Баня Хаджи Шахверди (азерб. Hacı Şahverdi hamamı) — старинная баня, расположенная в посёлке Пиршаги Сабунчинского района города Баку, неподалёку от Каспийского моря.
В простонародье баня известна под названием «Песчаная баня». Баня была построена в XIX веке местным жителем Хаджи Шахверди. Когда-то из колодца, расположенного рядом с баней, добывалась пресная вода. Не случайно, что баня была в свое время построена на стратегическом караванном пути Север-Юг, являвшимся одной из ветвей исторического Шёлкового Пути.
Предположительно здесь же рядом, чуть повыше на песчаном высоком дюне, располагалось святилище, почитаемое местными мусульманами-шиитами, которое являло собой захоронение Святой благочестивицы и её ребёнка из Непорочного Рода Пророка (Ахль-аль-Бейти Расул-Аллах). Согласно преданию в ближайшей округе – в различных точках Апшерона захоронены 7 Святых представительниц упомянутого Пречистого Рода, главная из которых — дочь 7-го Непорочного Имама Муса-аль-Казима Фатима-Сугра-Хукейма, захороненная в пункте Биби-Эйбат на юге от Баку. Эти семь затерянных ныне могил в совокупности носят название  ""Pir-Həft-Xahər"", что в переводе с фарси означает ""святилища семи сестёр"".
В процессе хищнического разворовывания прибрежных песков за весь советский период воинствующего атеизма указанное святилище было вандалистски уничтожено.
Что касается личности Хаджи Шахверди - это один из состоятельных богобоязненных представителей 2-х подразделений (Шахвердиевых и Имамвердиевых) старейшего рода Шихлы данного поселения, с которыми связывают как основную роль в основании данного села, так и ряд экстраординарных (праведных) качеств божественного происхождения.  По преданию именно этот род (Шихлы), происходящий от двух братьев-чабанов по имени Шахверди и Имамверди, уполномочен (опять же от Бога) руководить присмотром и ухаживанием за двумя священными захоронениями в этом селе;  эта обязанность у мусульман принято называть шейхуль-мутаваллият, от чего и род получил название Шихлы.
Согласно распоряжению Кабинета Министров Азербайджанской Республики об исторических и культурных памятниках баня является «памятником истории и культуры местного значения».
Летом 2008 года для сохранения бани были проведены восстановительные работы.",ru
Q106586993,Salyan Gate of Baku Fortress,40.364048201,49.833225024,Point(49.833225024 40.364048201),4,architectural structure,gate,,,,,,,,,,,Fortress of Baku 7.jpg,"monument in Old City, Baku, Azerbaijan",Salyan Gates,https://en.wikipedia.org/wiki/Salyan_Gates,Salyan qapısı,Сальянские ворота,True,,poi,Salyan qapısı – Bakı qalasının cənub-qərb divarında yerləşən qapıdır. Salyan darvazası Azneft meydanına açılan bağda yerləşir. Qapı günbəzvari şəkildə tağbənd formasında tikilmişdir.,az
Q28664763,Monument of Sattar Bahlulzade,40.434627,49.963408,Point(49.963408 40.434627),4,monument,monument,1975-01-01T00:00:00Z,,,,,,,,,cultural heritage monument in Azerbaijan,Sattar Bahlulzade sculpture by Omar Eldarov.jpg,"monument in Əmircan, Baku, Azerbaijan",Monument to Sattar Bahlulzade,https://en.wikipedia.org/wiki/Monument_to_Sattar_Bahlulzade,Səttar Bəhlulzadənin heykəli,Памятник Саттару Бахлулзаде,False,,poi,"The Monument to Sattar Bahlulzade (Azerbaijani: Səttar Bəhlulzadənin heykəli) - is a monument to the Azerbaijani artist Sattar Bahlulzade above his grave in the cemetery of the artist's native village, Amirjan, near the Bulbula lake. The sculptor of the monument is Omar Eldarov. The monument was raised in 1975, a year after the death of the artist.
Bahlulzade is depicted looking at his favorite landscape, leaning on two empty picture frames. According to the art critic Samir Sadigov, the space, composition, dynamics and image in the sculpture complement each other. The frames, according to Sadigov, in addition to the spatial and aesthetic role, also play the role of an image. The frames are arranged in such a way that the viewer looking at the portrait, depending on the place, will see through them the village of Amirjan and the lake Bulbula from a new perspective.
The art critic Ziyadkhan Aliyev spoke about the monument to Sattar Bahlulzade:

The image of our immortal artist lives in the hearts of all people being reflected in the humanity and philosophical idea of Sattar's works. The sculptor, Omar Eldarov, was able to show in the image of his friend Sattar Bahlulzadeh the real hot temper and the real talent of Sattar.
The sculptor Omar Eldarov said that he created a monument to Sattar Bahlulzade ""at the call of his heart"".

",en
Q31295714,Monument to Mikayil Mushfig,40.381998,49.822774,Point(49.822774 40.381998),4,monument,monument,,,,,,,,marble,,cultural heritage monument in Azerbaijan,,monument,Monument to Mikayil Mushfig,https://en.wikipedia.org/wiki/Monument_to_Mikayil_Mushfig,Mikayıl Müşfiqin heykəli,Памятник Микаилу Мушфигу (Баку),True,,poi,"Mikayıl Müşfiqin heykəli - Bakı şəhəri, Yasamal rayonu İnşaatçılar prospekti və Nəriman Nərimanov küçələrinin kəsişməsində yerləşən şəhər heykəlidir. 1968-ci ildən heykəltaraş Münəvvər Rzayeva və memar Şəfiqə Zeynalova tərəfindən işlənmiş abidənin açılışı 9 iyun 1970-ci ildə baş tutmuşdur.
Heykəlin hündüryülü 1.5 metr, postamentlə birikdə abidənin hündürlüyü isə 3.2 metrdir. Postament güzgü kimi cilalanmış çəhrayı qranitlə üzlənmişdir. Abidə yüksək emosional ifadəliyə malikdir.",az
Q25541964,Monument to Bulbul,40.3745964,49.8467433,Point(49.8467433 40.3745964),4,monument,monument,,,,,,,Akif Askerov,,,,Bülbülün heykəli.jpg,"statue in Baku, Azerbaijan",Monument to Bulbul,https://en.wikipedia.org/wiki/Monument_to_Bulbul,Bülbülün abidəsi,Памятник Бюльбюлю,True,223.0,poi,"Памятник Бюльбюлю (азерб. Bülbülün heykəli) — памятник азербайджанскому певцу  Бюльбюлю, созданный скульптором Акифом Аскеровым, расположенный в столице Азербайджана, городе Баку, на улице Бюльбюля, недалеко от дома, где он жил.
Открытие памятника состоялось 31 октября  2012 года. На открытии участвовали президент Азербайджанской Республики Ильхам Алиев, посол Азербайджанской Республики в Российской Федерации Полад Бюльбюль оглы и другие гости.",ru
Q18407334,Statue of Nariman Narimanov,40.368456,49.82446,Point(49.82446 40.368456),4,monument,monument,1972-06-06T00:00:00Z,,,,,,,"bronze, granite",,cultural heritage monument in Azerbaijan,Nəriman Nərimanov Heykəli.jpg,"monument in Baku, Azerbaijan",,,Nəriman Nərimanovun heykəli (Bakı),Памятник Нариману Нариманову (Баку),True,,poi,"Памятник Нариману Нариманову (азерб. Nəriman Nərimanovun heykəli) — памятник видному азербайджанскому общественному и политическому деятелю Нариману Нариманову, расположенный в столице Азербайджана, в городе Баку, в Ясамальском районе, на проспекте Наримана Нариманова. Скульптор — народный художник Азербайджанской ССР Джалал Каръягды, архитекторы — Т. Абдуллаев, Ю. Кадымов.",ru
Q123692020,Ədibin evi,40.364653681,49.832556705,Point(49.832556705 40.364653681),4,museum,historic house museum,2017-01-01T00:00:00Z,2017-04-27T00:00:00Z,,,,,,,,cultural heritage monument in Azerbaijan,Baku KichikGalaStreet18 004 8157.jpg,"museum in Baku, Azerbaijan",,,Ədibin evi,Дом литератора (Баку),True,,poi,"Ədibin evi və ya Mir Cəlal Paşayevin ev muzeyi — Azərbaycan yazıçısı Mir Cəlal Paşayevin Bakıda, İçərişəhərdə yerləşən ev-muzeyi.
Muzey 2017-ci il aprelin 27-də Mir Cəlal Paşayevin yaşadığı İçərişəhərdəki binada açılıb. Yazıçı bu evdə 1920–1940-cı illərdə yaşayıb. Paşayevin 109 illik yubileyi münasibətilə yazıçının ailəsi evi təmir etdirib. Məhz bu evdə yazıçı ""Bir gəncin manifesti"", ""Dirilən adam"", ""Füzuli sənətkarlığı"" elmi əsərini və bəzi satirik hekayələrini yazıb. Muzeydə yazıçının fotolarından ibarət sərgi, eləcə də onun kitabları nümayiş etdirilir.",az
Q16414058,Orthodox church of the Nativity of Our Lady in Baku,40.38201,49.8473,Point(49.8473 40.38201),4,building,Eastern Orthodox church building,,,,,,,,,,cultural heritage monument in Azerbaijan,"Bakirə Məryəmin Məsum Hamilələyi kilsəsi (Bakı, pravoslav).jpg",,,,Müqəddəs Məryəm Ananın Miladı kilsəsi (Bakı),Собор Рождества Пресвятой Богородицы (Баку),True,,poi,"Müqəddəs Məryəm Ananın Miladı kilsəsi (rus. Собор Рождества Пресвятой Богородицы) — Bakı yeparxiyası tabeliyində kilsə. Kilsə baş rahibi yerey Oleq Kosolapovdur, 3 rahib və 2 dyakon fəaliyyət göstərir.",az
Q30116254,House-Museum of Kamil Aliyev,40.367222222,49.836944444,Point(49.836944444 40.367222222),4,museum,biographical museum,2007-01-01T00:00:00Z,,,,,,,,,,House-museum of Kamil Aliyev.JPG,,,,Kamil Əliyevin ev-muzeyi,Дом-музей Камиля Алиева,True,,poi,"Kamil Əliyevin ev-muzeyi — Bakıda yerləşən ev-muzeyi.
Muzey, Kamil Əliyevin həyatının son 11 ayını yaşadığı və 83 yaşında vəfat etdiyi evdə açılmışdır. Ev muzeyi 2007-ci ildən fəaliyyətə başlamışdır. 26 oktyabr 2007-ci ildə muzeyin divarında Kamil Əliyevin xatirə lövhəsinin açılışı olmuşdur.
Muzeydə xalçaçının 127 müəllif xalçası sərgilənir. Onlar arasında rəssamın tamamlamadığı işləri də vardır.

",az
Q31297068,Chemberekend Cemetery,40.36,49.832222222,Point(49.832222222 40.36),4,architectural structure,former cemetery,,,,,,,,,,,Chemberekend cemetery 3.jpg,former cemetery in Baku,Chemberekend Cemetery,https://en.wikipedia.org/wiki/Chemberekend_Cemetery,Çəmbərəkənd qəbiristanlığı,Чемберекендское кладбище,True,,poi,"Chemberekend Cemetery (Azerbaijani: Çəmbərəkənd qəbiristanlığı) was a multi-confessional cemetery in Baku used until July 1883. The cemetery was located in the southwestern part of the Baku fortress, to the east of the Chemberekend village, a suburb of Baku, on the northeastern slope of the hill known as Pirvanzara. On the city plan of Baku in 1899, drawn up by the city engineer Colonel Nikolai von der Nonne, the cemetery during this period consisted of three sections: the northern section for Muslim burials, the central section for Armenians and Gregorians, and the southern section for Orthodox burials. From the suburb of Chemberekend, the cemetery was separated by Nizhnyaya Chemberekend street. It was demolished under Soviet rule in the 1930s.",en
Q105539450,The building of the Union of Composers of Azerbaijan,40.373783673,49.845678333,Point(49.845678333 40.373783673),4,building,historic building,1912-01-01T00:00:00Z,,,,,,,,,cultural heritage monument in Azerbaijan,Building on Khagani Street 27 2020.jpg,3-storey residential building in Baku,Union of Composers Building (Baku),https://en.wikipedia.org/wiki/Union_of_Composers_Building_(Baku),Azərbaycan Bəstəkarlar İttifaqının binası,Здание Союза Композиторов Азербайджана,True,,poi,"Здание Союза Композиторов Азербайджана, Дворец Культуры Горных Рабочих или Дом Пионеров - это трехэтажный жилой дом на улице Хагани, построенный в начале XX века. В этом эклектичном здании размещались Союз Горняков Азербайджана, Дом Пионеров, Посольство Турции, а с 2008 г. - Союз Композиторов Азербайджана.Постановлением Кабинета министров Азербайджанской Республики № 132 от 2 августа 2001 года здание охраняется государством и внесена в список памятников архитектуры.",ru
Q110109341,Victory Museum (Baku),40.376138303,49.86638709,Point(49.86638709 40.376138303),4,museum,museum,,2025-11-08T00:00:00Z,,,,,,,,,"Zəfər muzeyinin giriş tərəfi, 2025-ci ilin noyabr ayı.jpg","history museum in Moscow, Russia",Victory Museum (Baku),https://en.wikipedia.org/wiki/Victory_Museum_(Baku),Zəfər Muzeyi,Музей Победы (Баку),True,,poi,"The Victory Museum (Azerbaijani: Zəfər muzeyi), is a history museum located in Baku at Victory Park. Work on the museum began on following a decree of the president of Azerbaijan Ilham Aliyev don 3 December 2020, a decision was made to establish a Patriotic War Memorial Complex and a Victory Museum in Baku. On 8 November 2025, on the fifth anniversary of Victory Day, the Victory Museum was opened with the participation of President Aliyev and First Lady and Vice President Mehriban Aliyeva.
The museum features exhibits and memorials concerning the Second Nagorno-Karabakh War.",en
Q109264966,Surakhani Tanker-Museum,40.337443699,49.841953898,Point(49.841953898 40.337443699),4,museum,museum,2021-03-01T00:00:00Z,,,,,,,,,,Suraxanı tanker-muzeyi-3.jpg,,,,Suraxanı gəmi-muzeyi,Корабль-музей Сураханы,False,,poi,"Корабль-музей Сураханы (азерб. Suraxanı gəmi-muzeyi) — музей в Баку, отражающий историю развития судоходства и мореходных традиций в Азербайджане.
Музей, являющийся первым музеем-танкером в мире, предоставляет информацию об истории судоходства Каспийского моря и Азербайджана, а также деятельности азербайджанских моряков.",ru
Q81913783,Old City Museum Center,40.366666666,49.833333333,Point(49.833333333 40.366666666),4,museum,museum,2018-12-22T00:00:00Z,,,,,Cabinet of Azerbaijan,,,Old City of Baku,,İçərişəhər 2016.jpg,museum in Azerbaijan,Old City Museum Center,https://en.wikipedia.org/wiki/Old_City_Museum_Center,İçərişəhər Muzey Mərkəzi,Музейный центр Ичеришехер,True,,poi,"Old City Museum Center or Icherisheher Museum Center (Azerbaijani: İçərişəhər Muzey Mərkəzi) is a museum in Azerbaijan. The Museum Center is a part of the State Department of the Historical and Architectural Reserve of Old City. The museum explores the architecture, life and culture of the ancient Shirvanshahs' Palace, Maiden Tower, ancient mosques, baths (Beyler Mosque, Siratagly religious-architectural complex), Baku Khans' Palace, and the Gala village. The Center collects, preserves and propagates material about the cultural monuments of the period, and holds international conferences, symposiums, themed parties, theatrical museum events at the Monuments Complex.
The fund of the Old City Museum Center includes photo negatives, applied arts, numismatics, rare books, documents, photos, graphics and archeology examples.",en
