OSM_ID,OSM_Type,Name,Latitude,Longitude,Category,cuisine,opening_hours,phone,website,wheelchair,outdoor_seating,smoking,addr_street,addr_housenumber,coord_group
n11824166269,node,La Liga Game Center (Gənclik),40.4017149,49.8548727,arcade,,24/7,,,,,,Fətəli Xan Xoyski prospekti,81,
n12719110925,node,LaLiga Game Center,40.3725836,49.8393226,arcade,,24/7,,,,,,Nizami küçəsi,66d,
n10901498089,node,Player Cyber Bar,40.3959105,49.822278,arcade,,,,https://www.instagram.com/playercyberbar/,,,,Həsən Əliyev küçəsi,174,
n12718352208,node,Qarabağ PlayStation,40.4016261,49.8543886,arcade,,24/7,,,,,,Fətəli Xan Xoyski prospekti,49,
n5280787608,node,41 Forty One Karaoke,40.37653,49.8512646,bar,,,,,,,,Nizami küçəsi,117,
n10302993992,node,Arena Pub,40.4365985,49.8044452,bar,,,,,,,,,,
n10302993973,node,Aristoktat Pub,40.4361749,49.8115229,bar,,,,,,,,,,
n12311452002,node,Bakılı,40.3735962,49.8408811,bar,,Mo-Sa 19:00-02:00; Su 19:00-00:00,+994 50 963 42 14,,,,,Tolstoy küçəsi,160,
n9812773603,node,Beer Point Pub,40.3714913,49.8451732,bar,,,,,,,,,,
n6005402565,node,Billionaire Lounge,40.3884063,49.8417383,bar,,,,,,,,Süleyman Rüstəm küçəsi,,
n5088008165,node,Black Jack Discoclub,40.3746168,49.8436893,bar,,,,,,,,Bülbül prospekti,,
n4367701894,node,Buddah Bar,40.3741744,49.8567525,bar,,,,,,,,Neftçilər pr.,,
n6237636686,node,Car club,40.4161341,49.8453693,bar,,,,,,,,,,
n6525264996,node,Cello,40.3640881,49.8323632,bar,,,,,,,,,,
n10244280059,node,City Pub,40.3840678,49.8221746,bar,,Mo-Su 16:00-02:00,,,,,,,,
n5787504555,node,Gazelli Art House Baku,40.3747242,49.844349,bar,,,,,,,,Lev Tolstoy küçəsi,172,
n10295737330,node,Gəmi Pub,40.4357431,49.8148026,bar,,,,,,,,,,
n2924258601,node,Harbour Tap & Grill,40.3759997,49.8613251,bar,,,,,,,,Neftchiler Ave,153,
n1896641348,node,Havana Club,40.3735917,49.8399869,bar,,,,,,,,,,
n13130253155,node,INN Vino Wine Bar,40.3748895,49.8489017,bar,,,,,,no,,,,
n9802448454,node,Marine pub,40.3744304,49.858489,bar,,,,,,,,,,
n4772688013,node,Mojo,40.3700666,49.8378935,bar,,,,,,,,,,
n4772688011,node,Nightoffice Club,40.3688267,49.8382575,bar,,22:00-06:00,,,,,yes,,,
n4441558798,node,Old Room,40.3722888,49.8356827,bar,,,,,,,,,,
n11905955283,node,Orange Groove,40.3758813,49.8505669,bar,,Th-Sa 21:00-02:00,,,,,,Nizami küçəsi,90a,
n1469182851,node,Otto Club,40.3690776,49.8382551,bar,,,,,,,yes,,,
n6016007585,node,Paulaner Baku,40.3810262,49.8795428,bar,,Mo-Su 16:00-02:00,(012) 497 97 97,,,,,Nobel prospekti,25B,
n1464990427,node,Phoenix Bar,40.3704528,49.8398144,bar,,Mo-Su 16:00-00:00,+994 70 333 30 31,,,,,Yusif Məmmədəliyev,10,
n9913353944,node,Pivnuşka,40.3506141,49.8333205,bar,,,,,,,,,,
n11881148563,node,Pub 900,40.3886515,49.8361229,bar,,,,,no,,,,,
n4428000196,node,Rəndir bar,40.3638078,49.8338145,bar,,,,,,,,,,
n1896641386,node,Secrets Karaoke & Cinema club,40.3745175,49.8391683,bar,,,,,,,,,,
n4427917711,node,Tahi Pub,40.3458015,49.8376995,bar,,,,,,,,,,
n9906550691,node,Tower Pub Pullman,40.3546306,49.8045498,bar,,,,,,,,,,
n7041772585,node,Tüstü Pub,40.4147835,49.8137037,bar,,Mo-Su 11:00-11:30,+994505115011,,,,,20 Yanvar küçəsi,40,
n4440872289,node,Vinni,40.3725572,49.8355635,bar,pasta;pizza;fish_and_chips;burger,Mo-Su 12:00-05:00,+994 559820432,,,,,Mirzə İbrahimov küçəsi,8,
n4772688012,node,Xəzər Kafe,40.3695229,49.8365865,bar,,,,,,,,İstiqlaliyyət küçəsi,,
n4772688010,node,Zclub Karaoke,40.3694797,49.8364215,bar,,,,,,,,İstiqlaliyyət küçəsi,,
n6178726885,node,bake&roll,40.3681097,49.8302022,bar,,,,,,no,,,,
n13123572395,node,yxsifov,40.3431421,49.8418443,bar,,,,,,,,,,
n4535844612,node,İmperia Bilyard Club,40.3837185,49.8242798,bar,,Mo-Su 11:00-5:00,+994 55 212 05 50,,,,,,,
n11885034269,node,🇨🇺Cubar,40.3677899,49.8376114,bar,american;caribbean;hot_dog;international;local;mexican,"Su-Th 15:00-23:00, Fr-Sa 17:00-02:00",,,,,,Əziz Əliyev küç.,15,
n13512202299,node,Ontop Bowling - Dəniz Mall,40.3584096,49.8377746,bowling,,Mo-Su 10:00-23:00,,,,,,"Mikayil Huseynov Ave, Baku",26b,
n4303019965,node,"""Buta"" Çay evi",40.3722525,49.8413664,cafe,,,,,,,,,,
n4303024311,node,"""Lik"" Çay Club",40.3722,49.8412281,cafe,,,,,,,,,,
n3678139463,node,1001 Gecə,40.3665659,49.8156747,cafe,,,,,,,,Suleyman Dadaşov,6,
n4316817496,node,145Çay Evi,40.3744648,49.8586666,cafe,teahouse,,,,,,,Neftçilər pr.,145,
n3335881766,node,211 Club,40.3977346,49.8361697,cafe,,,,,,,,,,
n4533906094,node,313 Çay Evi,40.4327325,49.8545655,cafe,,,,,,,,Abay Kunanbayev küç.,,
n11169796438,node,42 Coffee Roasters,40.3748696,49.8488209,cafe,coffee_shop,Mo-Su 08:00-23:00,+994 77 615 42 42,https://42coffeeroasters.az/,,yes,,Xaqani küçəsi,41,
n9815487344,node,50 Qəpik Kafe,40.3764098,49.8373398,cafe,,,,,,,,,,
n11874942869,node,95 Loft Coffee & Bruschetta,40.3750369,49.851597,cafe,coffee_shop,"We 09:00-00:00, Th 00:00-00:00, Fr-Tu 09:00-02:00",+994559502295,https://95loft.clopos.menu/,,yes,,Fikrət Əmirov küçəsi,1,
n5453776823,node,AA Lounge Karaoke,40.4074493,49.8680312,cafe,,,,,,,,,,
n10295737325,node,Abidə Çay Evi,40.4368139,49.8142245,cafe,,,,,,,,Füzuli küç.,,
n10300969072,node,Ailəvi Çay Evi,40.4326757,49.8150775,cafe,,,,,,,,,,
n4359931265,node,Ali Lahmacun,40.4090474,49.837682,cafe,,,+994702683868,,no,,,Nəcəf Nərimanov,65G,
n4446057675,node,Alibaba Nargile,40.408355,49.8606315,cafe,regional,,,,,,,,,
n4853095421,node,Amazon kafe,40.3911947,49.8494635,cafe,,,,,,,,,,
n1863509063,node,Araz terrace,40.3704856,49.8356922,cafe,,,,,,,yes,,,
n3042960117,node,Aristokrat Topaz kafesi,40.4245127,49.844185,cafe,,,,,,,,,,
n10278922351,node,Aristoktat Çay Evi,40.4314691,49.8423958,cafe,,,,,,,,,,
n2336972259,node,Arrow Terrace,40.3857673,49.8365489,cafe,,,,,,,,,,
n1878839313,node,Art,40.3730616,49.8436169,cafe,,,,,,,,,,
n12348008423,node,Art Café Mayak-13,40.3666951,49.8323366,cafe,,,,,,,,,,
n9773585543,node,Aspendos Kafe,40.3879883,49.866989,cafe,,,,,,,,,,
w300179868,way,Avatar kafesi,40.4199324,49.8390343,cafe,,,,,no,,,Nizami Narimanov,,
n4483931397,node,BULVAR BISTRO,40.3714674,49.8523747,cafe,,,,,,,,,,
n11750428579,node,Bagel Bar,40.3587107,49.8372751,cafe,coffee_shop;bagels,Mo-Su 07:30-23:00,+994502515185,,,yes,,Dənizkənarı küçəsi,26a,
n11786467833,node,Bahar Cafe,40.3737284,49.8208955,cafe,,,,,,yes,,,,
n10278860886,node,Bahar Kafe,40.4349357,49.8443981,cafe,,,,,,,,,,
n1896641341,node,Baki Geceleri,40.3738356,49.8381406,cafe,,,,,,,,,,
n1279154501,node,Baku Roasting Company,40.3777251,49.8101524,cafe,,,,,,,,,,
n11821316070,node,Baristica,40.3692733,49.8409015,cafe,coffee_shop,Mo-Fr 08:00-23:00; Sa-Su 09:00-23:00,+994508335255,https://baristica.az/menu.pdf,,no,,Zərifə Əliyeva küçəsi,12a,
n1809807641,node,Bashnya Kafe,40.4326242,49.8052862,cafe,regional,,,,,,,,,
n5030612621,node,Baytantuni,40.4041087,49.8713926,cafe,turkish,24/7,+994506910202;+994125140064,,,,,Ağa Nemətulla küçəsi,,
n11079179782,node,Bağ Kafe,40.3797505,49.8059432,cafe,,,,,,,,,,
n4159586791,node,Başkent Kafe \ 4 mkr,40.4105188,49.8144269,cafe,,Mo-Su 10:00-22:00,,,,,,,,
n12025227137,node,Başkent Restoran,40.4080105,49.8633452,cafe,,,,https://bashkent.az/,,,,,,
n11811707969,node,Beast Coffee,40.3855976,49.8864463,cafe,coffee_shop,Mo-Su 07:30-02:00,+994502559933,http://beastcoffee.az,,,,İlqar Mirzəyev küçəsi,13,
n12175560966,node,Belgian Chocolate,40.3805636,49.8848646,cafe,coffee_shop,Mo-Su 09:00-19:00,,,,yes,,1-ci Yaşıl Ada küçəsi,7/3,
n11877036924,node,Belgian Chocolate & Coffee,40.3813973,49.8754406,cafe,,,,,,,,,,
n13128936413,node,Belgian Chocolate & Coffee,40.3747702,49.8485677,cafe,coffee_shop,,,,,,,,,
n11759427369,node,Berlin Dönər,40.3716959,49.8359456,cafe,,Mo-Su 12:00-23:20,,,,yes,,Nizami küçəsi,,
n10299354473,node,Bizim Kafe,40.4370895,49.802337,cafe,,,,,,,,,,
n11877036925,node,Bombon Cafe & Lounge,40.3811746,49.8754835,cafe,,,,,,,,,,
n13208149001,node,Bookfe Coffee-Books-Vibe,40.3747553,49.851448,cafe,coffee_shop,Mo-Su 08:00-23:00,,,,,,Üzeyir Hacıbəyli küçəsi,69c,
n10931184777,node,Breezy Coffee Shop Baku,40.3768217,49.8326534,cafe,coffee_shop,Mo-Su 08:30-23:30,,https://breezybaku.az/,,yes,,Süleyman Rəhimov,50B,
n7293238342,node,Bridge Cafe,40.3741451,49.8247856,cafe,,,,,,yes,,,,
n4427992201,node,Brooklyn Cafe,40.3494265,49.8353506,cafe,,,,,,,,,,
w1272980704,way,Bubbles,40.3678396,49.8387293,cafe,bubble_tea,,,,,,,Məhəmməd Əmin Rəsulzadə küç.,,
n3037852536,node,Burjua,40.4322492,49.8536537,cafe,,,,,,,,,,
n4479449793,node,Buta,40.3686844,49.8358396,cafe,,,,,,,,,,
n11070880316,node,Buta Dining & Cha,40.3814705,49.8433168,cafe,coffee_shop;chinese;international,Mo-Su 08:30-23:30,+994998764343,https://www.butataste.az/,,,,Rəşid Behbudov küç.,43,
n6129057415,node,Büllur Kafe,40.4084806,49.8479816,cafe,local,,,,,,,,,
n9749732244,node,COFFEEMOON,40.3908438,49.846332,cafe,,,,,,yes,,Ceyhunbəy Hacıbəyli küç.,,
n12345444673,node,COLMPCoffee,40.3821142,49.8892282,cafe,coffee_shop,Mo-Su 09:00-22:00,+994552200960,,,,,2-ci Fəvvarələr küçəsi,7,
n6525036134,node,Cafe 4 You,40.3974348,49.8389801,cafe,,,,,,no,,Azadlıq prospekti,125,
n4293144158,node,Cafe Park,40.3946697,49.8024488,cafe,"regional,_azerbaijanina,_turkish,_european",,,,,,isolated,,,
n12225819001,node,Cafe Phi,40.3764167,49.8457334,cafe,,Mo-Su 08:00-00:00,+994 99 396 98 08,,,no,,Rəşid Behbudov küç.,54b,
n4303060091,node,Cafe Plaza,40.3723215,49.8371803,cafe,,,,,,,,,,
n4333299890,node,CafeCity,40.3788424,49.8473684,cafe,,Mo-Su 10:00-00:00,,,,,,,,
n11428702054,node,CafeCity,40.3812701,49.8805173,cafe,,Mo-Su 09:00-24:00,,,,,,,,
n3536036361,node,CafeCity Five,40.3841722,49.8237131,cafe,mediterranean;diner;russian;pasta;oriental;beef_bowl;international,"Mo-Th,Su 09:00-00:00; Fr-Sa 09:00-02:00",,,,,,İnşaatçılar pr.,,
n1863503979,node,CafeCity Fountain,40.3704291,49.8357304,cafe,,"Fr-Sa 09:00-02:00; Mo-Th,Su 09:00-00:00",,,,,yes,Islam Safarli,2,
n10312571529,node,CafeCity Ganjlik Mall,40.3997572,49.852131,cafe,,Mo-Su 10:00-00:00,,,,,,,,
n11405018269,node,Caffe Affar,40.3882403,49.8362923,cafe,,,+994 55 404 20 66,,no,,,Səməd Vurğun küçəsi,85,
n12293560609,node,Caffe Giusto,40.3628786,49.8332461,cafe,coffee_shop,Mo-Su 09:00-23:00,+994 55 771 11 23,,,no,,Şövkət Ələkbərova küçəsi,16e,
n1865940198,node,Casual Brasserie,40.3722004,49.8381943,cafe,,,+994 (12) 4988120,,,,,Nizami,46,
n11865716976,node,Central Cafe \ Mərkəzi Park Bakı,40.3744907,49.8282243,cafe,coffee_shop;ice_cream,,,,,,,,,
n11870958869,node,Chaplin House Coffee,40.3691675,49.8343515,cafe,,Mo-Su 08:00-23:00,+994 12 497 29 76,,,,,İstiqlaliyyət küçəsi,71,
w624702751,way,Chay Baghi 145,40.3664441,49.8363514,cafe,regional,24/7,,,,yes,,Böyük Qala Döngəsi 4,3,
n13763369115,node,Chef Baku,40.3693017,49.836971,cafe,,,,,,,,,,
n4303093601,node,Choco Cafe,40.3724721,49.8416448,cafe,italian,,,,,,,,,
n4931442724,node,City Döner,40.4040865,49.8707567,cafe,,,,,,,,,,
n12175086109,node,Coffee Domingo,40.38428,49.8847372,cafe,,,+994552556500,https://coffeedomingo.com,,yes,,Mərkəzi Bulvar küçəsi,6,
n9123795517,node,Coffee Drive,40.3936664,49.8405933,cafe,,,,,,,,,,
n12211216245,node,Coffee Go,40.411826,49.8461785,cafe,coffee_shop,Mo-Su 08:00-00:30,,,,no,,Atatürk prospekti,47,
n12211191921,node,Coffee Hub,40.4104944,49.8479302,cafe,coffee_shop,Mo-Su 08:00-01:00,,,,yes,,Atatürk prospekti,120,
n11910148328,node,Coffee La Ros's,40.3764168,49.8521146,cafe,coffee_shop,Mo-Su 08:00-23:45,+994555004477,,,yes,,Nizami küçəsi,154,
n11888516370,node,Coffee Lab,40.4145374,49.8423283,cafe,coffee_shop,Mo-Su 07:30-23:00,+994502272236,,,,,Səttar Bəhlulzadə küçəsi,109,
n12208701173,node,Coffee Mode,40.382849,49.870112,cafe,coffee_shop,Mo-Su 08:00-23:00,+994 51 337 09 04,,,no,,Xocalı prospekti,,
n9990683417,node,Coffee Moffie,40.3717685,49.8352802,cafe,coffee_shop,Mo-Su 08:00-01:00,,https://coffeemoffie.com/,yes,yes,,İslam Səfərli küçəsi,9,
n12175560976,node,Coffee Moon,40.384575,49.8821771,cafe,coffee_shop,Mo-Su 07:30-01:00,,,yes,yes,no,Mərkəzi Bulvar küçəsi,2,
n13128933060,node,Coffee Moon,40.3747581,49.8485157,cafe,coffee_shop,,,,,,,,,
n12175560957,node,Coffee Nero,40.3845919,49.8812706,cafe,coffee_shop,Mo-Su 08:00-24:00,,,yes,yes,no,Mərkəzi Bulvar küçəsi,2,
n12176959953,node,Coffee Nero,40.395116,49.8398754,cafe,coffee_shop,Mo-Su 08:00-24:00,,,,yes,,Azadlıq pr.,105,
n4756762721,node,Coffee Point,40.3797324,49.8829145,cafe,coffee_shop;pasta;pizza;beef_bowl;sandwich;local;ice_cream;breakfast;chicken;friture,Mo-Sa 09:00-22:00,+994124881041,,,yes,,8 Noyabr pr.,25,
n11883774967,node,Coffee Room,40.3755771,49.8186392,cafe,,,,,,,,,,
n11815642469,node,CoffeeBar 1,40.3766958,49.8551609,cafe,coffee_shop,,,,no,yes,,Xaqani küçəsi,103,
n4996661521,node,CoffeeBar 2,40.3684272,49.8380584,cafe,coffee_shop,Mo-Su 09:00-01:00,+994556110040,,,yes,,Məhəmməd Əmin Rəsulzadə küç.,5,
n11815623470,node,CoffeeBar 3,40.3837373,49.8276496,cafe,coffee_shop,Mo-Su 09:00-23:00,+994 55 416 00 37,,,,,Məhəmməd Naxçıvani küçəsi,41,
n5003346222,node,CoffeeLea,40.3747789,49.8485457,cafe,coffee_shop,,,,,,,Xaqani küçəsi,39,
n11861916369,node,CoffeeLea,40.390631,49.8463504,cafe,coffee_shop,Mo-Su 08:00-23:30,,,,,,Ceyhunbəy Hacıbəyli küç.,28,
n13208345801,node,CoffeeLea Boulevard,40.3605728,49.8364008,cafe,,"Su, Tu-Fr 08:30-00:00; Mo, Sa 09:00-00:00",,,,,,,,
n5213042021,node,Coffeemania,40.4053853,49.8697209,cafe,,,,,,,,,,
n11750428581,node,Coffemania,40.3576996,49.8378067,cafe,coffee_shop,,,,,,,,,
n13208361901,node,Cofferica Roasters,40.3945907,49.8619679,cafe,coffee_shop,Mo-Fr 09:00-21:00; Sa-Su 10:00-17:00,,,,,,,,
n12197769066,node,Cofiesto,40.3751528,49.8565471,cafe,coffee_shop,Mo-Su 09:00-23:00,,,yes,yes,no,Rixard Zorge küç.,3a,
n12218154356,node,Cofika,40.3753698,49.8574069,cafe,coffee_shop,Mo-Su 08:00-00:00,,,,no,,Zərifə Əliyeva küçəsi,111,
n4452302333,node,Cook Zone,40.3727987,49.8427016,cafe,,,,,,,,,,
n11758588328,node,Costa,40.4005911,49.8536008,cafe,coffee_shop,Mo-Su 08:00-23:00,,,,no,,Fətəli Xan Xoyski pr.,14,
n11780660297,node,Costa,40.3719219,49.8376434,cafe,coffee_shop,Mo-Su 09:00-23:00,,,,yes,,Nigar Rafibayli,43C,
n11781518745,node,Costa,40.3850319,49.828234,cafe,coffee_shop,,,,,yes,,Cəfər Cabbarlı küçəsi,609,
n12043190728,node,Costa,40.3581454,49.8374984,cafe,coffee_shop,Mo-Su 08:00-23:00,,,,no,,Dənizkənarı küçəsi,26a,
n12043237277,node,Costa,40.3660799,49.8366888,cafe,coffee_shop,Mo-Su 08:00-23:00,,,limited,yes,,Asəf Zeynallı küçəsi,65,
n12175560959,node,Croque Croissanterie & Patisserie,40.3848906,49.8862041,cafe,coffee_shop,,,,,no,,Mərkəzi Bulvar küçəsi,7/3,
n11878695877,node,CupCup,40.3839482,49.8287085,cafe,coffee_shop,Mo-Su 7:30-01:00,,,,yes,,,,
n12175560964,node,Cuppa,40.3806896,49.8830026,cafe,coffee_shop,Mo-Su 10:00-23:00,,,,yes,,1-ci Yaşıl Ada küçəsi,5,
n12211216244,node,Cuppa Coffee,40.4099874,49.8481144,cafe,coffee_shop,Mo-Su 09:00-23:00,,,,no,,Atatürk prospekti,36,
n11978921969,node,Dadli Kabab Kewle,40.3919967,49.8944557,cafe,kebab,,+994508518888,,,,,Məşədi Hilal Kazımov küç.,,
n12161700018,node,Deem Coffee,40.374304,49.8399414,cafe,coffee_shop,Mo-Su 08:00-23:00,+994107126612,https://www.tripadvisor.com/Restaurant_Review-g293934-d27437921-Reviews-Deem_Coffee_Company-Baku_Absheron_Region.html,,yes,,Qoqol küçəsi,40a,
n11863040069,node,Dejavu Coffee Shop,40.3809809,49.843802,cafe,coffee_shop,Mo-Su 08:00-23:00,,,,no,,Rəşid Behbudov küçəsi,104a,
n12404711727,node,Dejavu Coffee Shop,40.3697471,49.8403998,cafe,coffee_shop,Mo-Su 08:00-23:00,,,,no,,Yusif Məmmədəliyev küç.,6,
n7165852785,node,Depo Cafe,40.3822719,49.8581944,cafe,,Mo-Su 10:00-02:00,+994507141115,,,,,Hüseyn Rəsulbəyov küç.,,
n9902608762,node,Dinamit Fast Food,40.3429646,49.8102012,cafe,,,,,,,,,,
n11879170207,node,Diplomat,40.3774343,49.8314707,cafe,,,,,,,,,,
n2007655612,node,Double Coffee,40.373235,49.8403494,cafe,,,,,,,yes,,,
n4487070146,node,Downtown,40.3747796,49.84253,cafe,hookah_and_tea,,+994 51 349 43 10,,,,,Həzi Aslanov,88d,
n13868876669,node,Dönər Kafe,40.399217,49.8360832,cafe,,,,,,,,,,
n9735763098,node,Dönər İnn,40.3970441,49.8050172,cafe,,,,,,,,,,
n11812152870,node,Dəniz Çay Evi,40.3609104,49.8365276,cafe,,,,,,,,Mikayıl Useynov pr,,
n3042960123,node,Dəyirman kafesi,40.4188213,49.8431659,cafe,,,,,,,,,,
n12146575439,node,Egoist,40.3666516,49.8293789,cafe,,,,,,,,,,
n11915650569,node,Emalatxana Art Space & Cafe,40.3711421,49.8390863,cafe,,Mo-Su 12:00-02:00,+994505616633,,,,,Yusif Məmmədəliyev küçəsi,,
n11874855669,node,Espressoul,40.375167,49.8507942,cafe,,"Mo-Fr 09:00-00:00, Sa-Su 10:00-00:00",+994509857834,,,,,Xaqani küçəsi,45,
n13227246201,node,Fabrik,40.3769789,49.8561233,cafe,coffee_shop,Mo-Su 08:00-00:00,,,,,,Xaqani küçəsi,115A,
n10300969073,node,Faxralı Kafe,40.432348,49.8144217,cafe,,,,,,,,,,
n5145158322,node,Faxralı hingəl kafe,40.4264894,49.8476859,cafe,,,,,,,,,,
n11887825269,node,Fika Coffee Culture,40.3844377,49.8443686,cafe,coffee_shop,Mo-Su 08:00-22:00,,https://fika-coffee-culture.com/,,yes,,Abbas Zamanov küçəsi,8,
n3678139445,node,Fincan,40.3687686,49.8180598,cafe,,,,,,,,,,
n4173027789,node,Fito Club,40.422124,49.8464812,cafe,,,,,,,,Şövkət Məmmədova küç.,8,
n9915846148,node,Fontan Kafe,40.4163173,49.8082674,cafe,,,,,,,,,,
n10688471958,node,Fooda Baku,40.3815888,49.8435514,cafe,coffee;tea;cake;pasta;salad;chocolate,Mo-Su 08:00-23:00,+994553412171,https://instagram.com/fooda_baku,,no,,Rəşid Behbudov küç.,122F,
n11821275767,node,Friends,40.3682949,49.8381921,cafe,,,,,,yes,,Məhəmməd Əmin Rəsulzadə küç.,,
n11881148526,node,Friends,40.3844942,49.8289566,cafe,,,,,,,,,,
w450642688,way,Fədək Kafe,40.4004953,49.8800723,cafe,,,,,,,,Arif Heydərov küçəsi,143-148,
n9565187412,node,Gazelli Cafe,40.3743742,49.8449643,cafe,,Mo-Su 09:00-23:30,+994124049300,,,yes,,Nizami küçəsi,93,
n3029508612,node,Gecə-gündüz,40.3893077,49.8757702,cafe,,,,,,,,,,
n4542903191,node,Gentle Flowers & Wine,40.3709205,49.810328,cafe,,,,,,,,,,
n4483931396,node,Gilavar,40.3717501,49.8529966,cafe,,,,,,,,,,
n11879112851,node,Gilli Pottery & Coffee,40.3704653,49.8339552,cafe,,,,,,,,,,
n4973515323,node,Gloria Jean's,40.403374,49.8727357,cafe,coffee_shop,,,,,,,,,
n4973541824,node,Gloria Jean's,40.3678487,49.8389702,cafe,coffee_shop,,,,,,,,,
n4973541825,node,Gloria Jean's,40.3692081,49.8344446,cafe,coffee_shop,"Mo-Su,PH 08:30-23:00",,,,no,,,,
n4973542721,node,Gloria Jean's,40.399781,49.8528789,cafe,coffee_shop,,,,,,,,,
n4973542921,node,Gloria Jean's,40.3791101,49.8466938,cafe,coffee_shop,,,,,no,,,,
n7888910985,node,Gloria Jean's,40.3756821,49.8608943,cafe,coffee_shop,,,,,,,,,
n11862644769,node,Gloria Jean's,40.3705674,49.8498407,cafe,coffee_shop,,,,yes,,,Neftçilər pr.,,
n11879112844,node,Gloria Jean's,40.3731289,49.8327305,cafe,coffee_shop,Mo-Su 08:30-23:00,,,,,,,,
n11881172498,node,Gloria Jean's,40.3847127,49.8288723,cafe,coffee_shop,,,,,,,,,
n12146406844,node,Gloria Jean's,40.3735951,49.8590626,cafe,coffee_shop,,,,,,,,,
n12186275574,node,Gloria Jean's,40.4127129,49.8466074,cafe,coffee_shop,Mo-Su 08:30-23:00,,,,yes,,Atatürk pr.,140,
n11887833169,node,Green Coffee Bar,40.3747618,49.8484657,cafe,coffee_shop,Mo-Fr 07:30-00:00; Sa-Su 09:00-01:00,,,,,,Xaqani küçəsi,39,
n4901549821,node,Green cafe,40.3924053,49.8559006,cafe,,,,,,yes,,Əhmədbəy Ağaoğlu küçəsi,,
n3037852540,node,Gənclik,40.430063,49.8540101,cafe,,,,,,,,,,
n9777572299,node,Hisar Kafe,40.3892529,49.8760039,cafe,,,,,,,,,,
n12282876201,node,Hola Coffee,40.3772095,49.8540725,cafe,coffee_shop,Mo-Su 08:00-23:00,+994 51 421 63 99,https://hola.az,,no,,Nizami küçəsi,203,
n13208146901,node,Honours Coffee & Library,40.3754673,49.8534393,cafe,coffee_shop,Mo-Su 06:00-00:00,,,,,,Üzeyir Hacıbəyli küçəsi,35,
n12147564578,node,Hug Mug,40.3632459,49.8251235,cafe,,,,,,,,,,
n12408184706,node,Hug n' Mug,40.3822942,49.8461207,cafe,coffee_shop,Mo-Su 08:00-21:00,+994703480091,,,no,,Azadlıq prospekti,58a,
w306870237,way,Həkəri Kafe,40.4294179,49.8721466,cafe,,,,,,,,,,
n4580266993,node,Həmşəri Lahmacun,40.3855941,49.8157665,cafe,,,,,,,,,,
n3037852542,node,Həzz Klub,40.4263987,49.853016,cafe,,,,,,,,,,
n4100387389,node,Il Futuro book cafe,40.3727897,49.8348973,cafe,cake;coffee_shop,24/7,,,,,,İslam Səfərli küçəsi,25a,
n1894143033,node,Kafe,40.3743034,49.8365839,cafe,Azeri,,,,,,,,,
n4485168107,node,Kafe,40.3420469,49.8396399,cafe,,,,,,,,,,
n4679102890,node,Kafe,40.3988713,49.8758332,cafe,,,,,,,,,,
n5404051221,node,Kafe,40.4054925,49.8678774,cafe,,24/7,,,,,,Fətəli Xan Xoyski prospekti,,
n9873078398,node,Kafe,40.4113558,49.8702545,cafe,,,,,,,,,,
n10299359598,node,Kafe,40.4390391,49.8006552,cafe,,,,,,,,,,
n12304985589,node,Kafe,40.4184543,49.7956435,cafe,,,,,,,,,,
w1312076333,way,Kafe,40.4166415,49.8249849,cafe,,Mo-Sa 09:00-22:00,,,,yes,,Mirmahmud Kazımovski küç.,2a,
n4359931266,node,"Kafe ""Təbriz""",40.409127,49.8382654,cafe,regional,,,,,,,,,
n4803486121,node,Kafe Dolma,40.4132731,49.8485985,cafe,,,,,,,,,,
n6415195293,node,Kafe Gallery,40.3645371,49.8347139,cafe,,,,,,,,,,
n5156690625,node,Kafe Nermin,40.3703004,49.8403571,cafe,,Mo-Su 07:00-00:00,+994507344151,,,,,,,
n4316752653,node,Kafe Park Musabəyov,40.3796166,49.8078163,cafe,pizza;chicken;tea;turkish;friture;coffee_shop;local,Mo-Su 08:00-01:00,+994552660907,https://www.cafepark.az/,,,,Nazim Hikmət küç.,,
n12469512101,node,Kafe Serche,40.3689677,49.8329769,cafe,,Mo-Su 09:30-22:30,+994 51 653 04 19,,,,,Zərgərpalan küçəsi,,
n12469521601,node,Kafe Serche 2,40.385063,49.8438225,cafe,,Mo-Su 09:30-22:30,+994 51 653 04 19,,,,,Vladislav Plotnikov küç.,,
n11961831269,node,Kahve Dükkanı,40.3808014,49.8816587,cafe,breakfast;coffee_shop;turkish,Mo-Su 09:00-23:00,,https://www.kahvedukkani.com.tr/,,,,1-ci yaşıl ada,1,
n12343160702,node,Kashalata,40.3773718,49.8607673,cafe,coffee_shop,Mo-Su 08:00-23:00,+994 55 602 07 12,,yes,no,,Üzeyir Hacıbəyli küçəsi,57,
n6801372685,node,Kibrit Book Cafe,40.3731471,49.838388,cafe,,,,,,,,Lev Tolstoy küçəsi,154,
n9747227848,node,Kişmiş Kafe,40.4172771,49.846293,cafe,,,,,,,,,,
n2895336281,node,Kleopatra Kafe,40.3883422,49.8811908,cafe,,,,,,,,,,
n3037852544,node,Korona,40.4284461,49.8522137,cafe,,,,,,,,,,
n9744984663,node,Kotanlı Kafe,40.4119358,49.8355883,cafe,,,,,,,,,,
n4983711623,node,Kure Pizza,40.4185708,49.8448863,cafe,,,,,,,,,,
n10302993981,node,Körpü Kafe,40.4359616,49.8045619,cafe,,,,,,,,,,
n4871143822,node,Lalə Kafe,40.4041935,49.8649974,cafe,,,,,,,,Fətəli Xan Xoyski pr.,95,
n4954339821,node,Lavazza,40.368134,49.83863,cafe,coffee_shop,Mo-Su 10:00-23:00,,,,,,Zərifə Əliyeva küçəsi,,
n10568414396,node,Lavazza Coffee Shop | 28 may,40.3796795,49.8581347,cafe,coffee_shop;italian;pasta;pizza;tea;dessert;salad;soup;sandwich,Mo-Su 09:00-23:00,0102563099,,,,,28 May küçəsi,71B,
n12862063553,node,Let's Play Club,40.3677523,49.8301332,cafe,,Tu-Su 11:00-23:00,+994 10 324 10 01,https://t.me/letsplayfandom,,yes,,Lermontov küç.,,
n3120339012,node,Liman,40.4124272,49.8416951,cafe,,,,,,,,,,
n10278860878,node,Line Lahmacun,40.4356482,49.8446622,cafe,,,,,,,,,,
n13164415738,node,Locco Matcha,40.3705077,49.8384958,cafe,,Mo-Su 09:30-23:30,+994513358818,www.instagram.com/loccomatcha,,,,Zeynalabdin Tağıyev küçəsi,14,
n12996401442,node,Lupin Baku,40.3823568,49.8922454,cafe,,Mo-Su 09:00-04:00,+994103801111,,,,,Füzuli Əliyev küçəsi,,
n12155669036,node,Lupin coffee,40.3616087,49.8345691,cafe,coffee_shop,"Mo-Fr 08:00-23:00, Sa-Su 09:00-00:00",,,,no,outside,Dənizkənarı küçəsi,71,
n10090512258,node,Ləbləbi Şişa,40.3881834,49.8231818,cafe,,,,,,,,,,
n3037852547,node,Ləzzət,40.4266269,49.8516299,cafe,,,,,,,,,,
n12119089301,node,MAER's Coffee,40.4236017,49.8290956,cafe,coffee_shop,Mo-Su 08:00-02:00,+994554162226,https://www.instagram.com/maerscoffee,,no,no,Mirza Mahammad Khan,135E,
n11917653221,node,Magnolia Shop Coffee,40.3685756,49.8379066,cafe,coffee_shop,Mo-Su 09:00-00:00,+994773902525,,,yes,,Əbdülkərim Əlizadə,2b,
n13111966670,node,Malako,40.3932023,49.8396237,cafe,coffee_shop,08:00-24:00,,,,yes,,Qulu Quliyev küçəsi,21,
n10299359572,node,Manqal Kafe,40.4375223,49.7950105,cafe,,,,,,,,,,
n11245603852,node,Masa Baku,40.3925002,49.8630122,cafe,international;regional;turkish;coffee_shop;seafood,12:00-02:00,+994 50 290 37 37,,,yes,,Şah İsmayıl Xətai pr.,Gülarə Qədirbəyova 63a,
n11961831369,node,Mazzolari,40.3809086,49.881785,cafe,coffee_shop,Mo-Su 08:00-00:00,+994505000052,,,no,,1-ci yaşıl ada,1,
n13785670538,node,Mc Donalds \ Memar Əcəmi metrosu,40.4102622,49.813908,cafe,,,,,,,,,,
n11734503284,node,Mezze,40.3643755,49.8308916,cafe,coffee_shop;italian;sandwich;chicken;turkish;lebanese;dessert,,+994508989559,https://www.instagram.com/mezze.az?utm_source=ig_web_button_share_sheet&igsh=ZDNlZDc0MzIxNw==,,,,İstiqlaliyyət küçəsi,23A,
n11861993469,node,Milk Lab,40.3847924,49.8844889,cafe,coffee_shop,Mo-Su 08:00-23:59,,,yes,no,no,Mərkəzi Bulvar küç.,5,
n6207504785,node,Minera Lounge,40.4129768,49.8577893,cafe,,,,,,,,Aşıq Molla Cumə,,
n4996780121,node,Miraj Kafe,40.3929237,49.8775683,cafe,,,,,,,,Vladimir Mayakovski küçəsi,,
w318180621,way,Mirvari Kafe,40.3676719,49.8423152,cafe,,Mo-Su 07:00-24:00,+994558252369,,,yes,,Neftçilər Prospekti,,
n12270730504,node,Moka Coffee / Azərbaycan prospekti,40.3698585,49.834664,cafe,coffee_shop,Mo-Su 07:30-00:00,+995 51 244 13 01,https://coffeemoka.com,,no,,Azərbaycan prospekti,4,
n12270730507,node,Moka Coffee / Parkview,40.3769572,49.8361038,cafe,coffee_shop,Mo-Su 07:30-23:00,+994 51 244 13 02,https://coffeemoka.com,yes,no,,Füzuli küçəsi,21,
n4484232190,node,Monroe kafe,40.3415062,49.8106444,cafe,,,,,,,,,,
n4318556091,node,Morug,40.3772365,49.8433085,cafe,,24/7,,,,,,Dilarə Əliyeva,,
n4479449792,node,Muse Kafe,40.3656044,49.832368,cafe,,,,,,yes,,,,
n4708340992,node,Muzey Kafe,40.4078192,49.8740507,cafe,,,,,,,,Fətəli Xan Xoyski küç.,,
n2778881422,node,Mərasim Zalı 2-ci Fəxri,40.3567672,49.8099421,cafe,local,,,,,,,,,
n3042832089,node,Məxməri,40.4280671,49.8482135,cafe,,,,,,,,,,
w1283669068,way,NAZ Tea House,40.4181139,49.8264623,cafe,,,,,,,,Mirzə Məhəmməd Xan,,
w1283669070,way,NAZ Tea House,40.4181725,49.8264986,cafe,,Mo-Su 08:00-22:00,,,,no,,Mirzə Məhəmməd Xan küçəsi,32,
n13089137915,node,NIKA COFFEE,40.3994695,49.8706141,cafe,coffee_shop;sandwich;ice_cream;cake,Mo-Su 08:00-00:00,+994105171737,https://www.instagram.com/nika.coffee.baku,,yes,outside,Nazim Hajiev,4/1,
n9757764341,node,Nar Çiçəyi Kafe,40.4304176,49.8709077,cafe,,,,,,,,,,
n12025224841,node,Naxçıvan Süfrəsi,40.408672,49.8601917,cafe,,,,,,,,,,
n11177444421,node,Naxçıvan Yeməkləri,40.4190026,49.7955886,cafe,,,,,,,,,,
n12208701172,node,Neo Cafe,40.3828922,49.8908287,cafe,coffee_shop,Mo-Su 09:00-00:00,+994506877777,,,no,,Mərkəzi Bulvar küçəsi,,
n12175560972,node,Neşve Next,40.3806545,49.8834038,cafe,coffee_shop,Mo-Su 09:00-23:00,,,,no,,1-ci Yaşıl Ada küçəsi,5,
n7930974196,node,Nicat Aliyev Lounge,40.3780288,49.8531867,cafe,,,,,,,,,,
n10300930261,node,Nihad Kafe,40.4398066,49.8112111,cafe,,,,,,,,,,
n1896641378,node,Niyal,40.3743394,49.8383539,cafe,,,,,no,,yes,,,
n12234460263,node,Organica,40.3890551,49.8431446,cafe,coffee_shop;bakery,Mo-Su 08:00-23:00,+994509749300,,,,,Azadlıq prospekti,100d,
n11861967569,node,Organica Bakery & Coffee,40.375714,49.8514154,cafe,coffee_shop,Mo-Su 07:30-23:00,+994509749300,,,no,,Fikrət Əmirov küçəsi,5b,
n4690624090,node,Ormado Kaffeehaus Baku,40.3711434,49.8387899,cafe,coffee_shop;tea,,,ormado.de,,,,Yusif Məmmədəliyev küçəsi,23b,
n5516353183,node,Orxan Kafesi,40.3960111,49.7916939,cafe,regional,,,,,,,Emin Məcidov,123,
n9791166891,node,Osmanlı Dönər Kafe,40.3864008,49.8149353,cafe,,,,,,,,,,
n4396623056,node,Palid Kafe,40.376342,49.8355502,cafe,,,,,,,,Füzuli küç.,,
n1863175575,node,Palma Cafe,40.3710136,49.8361287,cafe,,,,,,,,,,
n11879170183,node,Palét,40.3702713,49.8344564,cafe,coffee_shop,,,,,,,,,
n11879112856,node,Papaq Lounge,40.3781777,49.8311999,cafe,,,,,,,,,,
n12218172980,node,Paris Brest,40.3752016,49.8565345,cafe,coffee_shop;bakery,Mo-Su 08:00-23:00,+994 51 662 23 13,,,yes,,Rixard Zorge küçəsi,3b,
n4487100089,node,Park Çinar kafe,40.4287621,49.8383751,cafe,,,,,,,,,,
n4335030797,node,Party Pizza,40.4013472,49.8703928,cafe,sandwich;international;tea;pasta;pizza;chicken;mexican;turkish,Mo-Su 11:00-23:00,+994 12 567 07 66,,,,,Mirzəbala Məmmədzadə,13,
n3345839114,node,Paul,40.3760004,49.8607928,cafe,,,,,,,,,,
n7212526785,node,Paul,40.3687608,49.837712,cafe,french;coffee_shop,Mo-Su 09:00-22:00,,,,,,Məhəmməd Əmin Rəsulzadə küçəsi,1,
n4509010282,node,Paxlava Kafe,40.3817476,49.8666701,cafe,regional,mo-su 8:00-23:00,,,,,,Xocalı prospekti,,
n5026723422,node,Pi Art Kafe,40.3796639,49.8426587,cafe,tea,Mo-Su 09:00-00:00,+994514282839,https://m.facebook.com/piartcafe/,,,,Süleyman Rəhimov küçəsi,,
n9913918617,node,Pioner Klub,40.413566,49.8108091,cafe,,,,,,,,,,
n3037852550,node,Play Off,40.4263568,49.8543832,cafe,,,,,,,,,,
w1254581047,way,Posan Kafe,40.4358397,49.8550353,cafe,,,,,,,,,,
n9890472405,node,Qala Qapısı Kafe,40.3970135,49.7915733,cafe,,,,,,,,,,
n3042832090,node,Qara Qaya Kafesi,40.4268895,49.847187,cafe,,,,,,,,,,
n2726729512,node,Qarabağ,40.419895,49.8021557,cafe,,,,,,,,,,
w1436018116,way,Qaya Kafe,40.4251102,49.815248,cafe,,Mo-Su 10:00-23:00,,,,yes,,Mir Cəlal küç.,,
n4483608389,node,Qaya kafe,40.3549438,49.8102851,cafe,,,,,,,,,,
n4483931393,node,Qağayı,40.3722953,49.8551408,cafe,,,,,,,,,,
n6409324132,node,Qozkimi,40.3976332,49.8393948,cafe,,,,,,,,Azadlıq prospekti,125,
w306870238,way,Quba Kafe,40.4306835,49.8703975,cafe,,,,,,,,,,
n9735763099,node,Qurman Kafe,40.3967754,49.8054872,cafe,,,,,,,,,,
n4161164490,node,Qutab house,40.368593,49.835643,cafe,,,,,,,,Kiçik Qala,,
n4869986221,node,Qızıl Gül Kafe,40.403586,49.8556006,cafe,,,,,,,,,,
n6084338691,node,Qəbələ kafe Babək,40.3906602,49.8889489,cafe,,,,,,,,,,
n9793507887,node,Qədir Xum Mərasim zalı,40.3865847,49.8162094,cafe,,,,,,,,,,
n5442207625,node,Qəlyan,40.372265,49.8450514,cafe,,,,,,,,,,
n10295778094,node,Red Black Çay Evi,40.4363076,49.8100457,cafe,,,,,,,,,,
n10299354421,node,Region 56 Çay,40.4397027,49.8092707,cafe,,,,,,,,,,
n5364087921,node,Room,40.4161504,49.8332977,cafe,,,,,,,,Cəfər Xəndan,,
n10300930256,node,Saatlı Kafe,40.4397901,49.810415,cafe,,,,,,,,,,
n8126959855,node,Sael Anticafe,40.407497,49.8469104,cafe,pizza;burger;coffee_shop;sandwich;kebab;international,,,,,,,Məmməd Araz,,
n12469527501,node,Sahhafçı Bookcafe,40.3700916,49.8423691,cafe,,Mo-Su 11:00-23:00,+994 77 347 07 17,,,,,Zərifə Əliyeva küçəsi,,
n9900590824,node,Sahib Kafe,40.3468094,49.8208436,cafe,,,,,,,,,,
n10299354454,node,Sakit Məkan Kafe,40.4377274,49.8051667,cafe,,,,,,,,,,
n3042961335,node,San Siro Çay evi,40.4250694,49.8452899,cafe,,,,,,,,,,
n4665431290,node,Saraclı / Gürcü mətbəxti,40.413548,49.8117316,cafe,,,,,,,,,,
n5212982922,node,Saray Kafe,40.4054478,49.8677856,cafe,,,,,,,,,,
n2914439992,node,Second Cup,40.3717486,49.8375674,cafe,coffee_shop,09:00-22:00,,,,,no,,,
n4518474190,node,Second Cup,40.3787868,49.8472794,cafe,coffee_shop,Mo-Su 10:00-22:00,,,,no,,,,
n9744012508,node,Second Cup,40.3908369,49.8458174,cafe,coffee_shop,08:00-24:30,,,,yes,,Bakıxanov küç.,,
n11917653224,node,Second Cup,40.3684731,49.8382592,cafe,coffee_shop,,,,,yes,,Məhəmməd Əmin Rəsulzadə küç.,4,
n9761553847,node,Sensum By Amapola,40.4103561,49.8606915,cafe,coffee_shop,Mo-Su 09:00-21:00,+99455 208 84 51,https://www.sensum.az/,,yes,,Əhməd Rəcəbli küçəsi,2/29,
n5091526821,node,Servis kafe,40.345595,49.810287,cafe,,,,,,,,,,
n13763369116,node,Shakespeare Şekspir Coffee Baku,40.3689829,49.8371159,cafe,,,,,,,,,,
n4788436321,node,Shirin çay,40.4027595,49.8781553,cafe,,,,,,,,,,
n12179755948,node,Sizzle Coffee,40.381559,49.8846863,cafe,coffee_shop,,,,,,,2-ci Yaşıl Ada küçəsi,,
n12201240739,node,Sketch Coffee,40.3854861,49.8826617,cafe,coffee_shop,Mo-Su 08:00-01:00,+994997993055,https://sketch.az,,yes,,Mərkəzi Bulvar küçəsi,3,
n4352888589,node,Starbucks,40.3755468,49.8609336,cafe,coffee_shop,,,,,,,,,
n4373221389,node,Starbucks,40.4001435,49.8518666,cafe,coffee_shop,,,https://starbucks.com/,,,no,,,
n7619003492,node,Starbucks,40.3586741,49.8374228,cafe,coffee_shop,,,,,yes,,,,
n12146358665,node,Starbucks,40.3738024,49.8595659,cafe,coffee_shop,,,,,,,,,
n4352826894,node,Starbucks 28 Mall,40.3791221,49.8466476,cafe,coffee_shop,,,,,,,Azadlıq pr.,,
n4439003090,node,Starbucks Coffee Baku,40.3697194,49.837061,cafe,coffee_shop,,,,,,,,,
n5087976975,node,"Status Club, Bülbül prospekti",40.3744263,49.8437798,cafe,,,,,,,,Bülbül prospekti,,
n12144871702,node,Street 9 bar,40.3753117,49.8484564,cafe,breakfast;coffee_shop;tea,Mo-Su 08:00-23:00,+994504660835,,,no,,Nizami küçəsi,138,
n3678139452,node,Sultan,40.3625909,49.8214107,cafe,,,,,,,,,,
n9752850861,node,Süfrə Kafe,40.4236634,49.8768246,cafe,,,,,,,,,,
n9727776911,node,Səbuhi Kafe,40.4054269,49.8132214,cafe,,,,,,,,,,
n10295711445,node,Sərin Məkan Kafe,40.4360473,49.8154959,cafe,,,,,,,,,,
n9812873902,node,Səttar Kafe,40.3666563,49.8378843,cafe,,,,,,,,,,
n5995925787,node,TERRACE lounge,40.3964617,49.8745743,cafe,,,+994505008485,,,yes,,,,
n13240454101,node,TWINS,40.3748071,49.8486328,cafe,breakfast;burger;coffee_shop,,,,,,,,,
n4891739922,node,Tampo kafe,40.3906714,49.8549256,cafe,,,,,,,,,,
n7150389468,node,Tatell Baku,40.3675822,49.8368887,cafe,,,,,,,,,,
n12123810501,node,Tava Kafe & Pub,40.3656848,49.8190238,cafe,local,Mo-Su 09:00-00:00,+994503193199,,,,,Ələsgər Ələkbərov küçəsi,2,
n9735798934,node,Tava İrs Kafe,40.4022651,49.8061658,cafe,,,,,,,,,,
n4789388725,node,Tea Station,40.3908188,49.8378397,cafe,coffee_shop;tea,11:00-02:00,+994503938060,,,yes,,Vaqif prospekti,,
n11861648171,node,TeaYouMe,40.3895099,49.8463989,cafe,bubble_tea,Mo-Su 10:30-22:30,+994706009795,,,,,Ceyhunbəy Hacıbəyli küç.,47b,
n11861651669,node,TeaYouMe,40.3725361,49.8458124,cafe,bubble_tea,Mo-Su 10:30-22:30,+994706009795,,,,,Üzeyir Hacıbəyov küçəsi,26,
n4589642393,node,Terrace lounge,40.3963869,49.8744942,cafe,,Mo-Su 10:00-01:00,+994505008485,,,yes,,,,
n3042880043,node,Tez Bazar kafesi,40.4250976,49.8417867,cafe,,,,,,,,,,
n11937159455,node,The Attack,40.3769216,49.8635732,cafe,,,,,,,,Neftçilər pr.,153,
n11877036923,node,The Bagel Bar Coffee House,40.3817488,49.875344,cafe,,,,,,,,,,
n12214017008,node,The Bronx Coffee & Bar,40.3722071,49.8404921,cafe,coffee_shop,24/7,+994706666617,,,yes,,Xaqani küçəsi,13F,
n12943449015,node,The Casual Baku,40.3833903,49.8259713,cafe,burger;regional;breakfast,08:00-22:00,+994502106752,,,yes,,Məhəmməd Naxçıvani küçəsi,15,
n11881148551,node,The Coffee Club,40.3877706,49.8317488,cafe,,,,,,yes,,,,
n5615261724,node,The Garden Central,40.3734767,49.8427693,cafe,,Mo-Su 08:00-03:00,+994 50 778 78 76,,,yes,,Nizami küçəsi,98C,
n4325951994,node,The Green Room Baku,40.4133414,49.824956,cafe,,,,,,,,,,
n4445153806,node,The Nest Cafe,40.3658243,49.8373374,cafe,,,,,,,,,,
n11879170222,node,The Story,40.3713186,49.8336108,cafe,,,,,,,,,,
n4915482222,node,Togrul kafe,40.402653,49.871551,cafe,,,,,,,,,,
n11939731568,node,Traveler's Coffee Baku,40.3758366,49.8427879,cafe,coffee_shop,Mo-Su 09:00-23:00,,https://travelers-coffee.com/m/menu_az.pdf,,no,,Bülbül prospekti,37,
n3678139454,node,Tərs Lalə,40.3782191,49.8116799,cafe,,,,,,,,,,
n4395887293,node,Ucuz Kafe \ Rəsulzadə,40.4355161,49.8435638,cafe,,,,,,,,,,
n12179755949,node,United Coffee Beans,40.3813815,49.8830836,cafe,coffee_shop,"Mo-Sa 08:00-23:00, Su 09:00-23:00",,,,no,,2-ci Yaşıl Ada küçəsi,,
n12175560974,node,Urban,40.3821262,49.8859717,cafe,coffee_shop,Mo-Su 09:00-23:00,,,,no,,İlqar Mirzəyev küçəsi,6,
w1067717324,way,Varium Cafe,40.3805601,49.8417972,cafe,european,,+994105599909,,,,,Bülbül pr.,,
n5890220512,node,Vağzal Kafe,40.4359632,49.8063215,cafe,,,,,,,,,,
n13763369114,node,Vyana Şokolad Baku,40.3695255,49.8372647,cafe,,,,,,,,,,
n11883491269,node,WSpace,40.3764428,49.8412345,cafe,american;cake;coffee_shop;hot_dog;local;sandwich,Mo-Su 09:00-00:00,+994502092394,,,yes,,Dilarə Əliyeva küçəsi,85,
n11888516469,node,Waft Coffee,40.4151913,49.8366441,cafe,coffee_shop,"Mo-Fr 08:00-23:00; Sa, Su 09:00-22:00",+994123100799,,,no,no,Əcəmi Naxçivani,,
n11917653223,node,Wake Up Coffee,40.3682141,49.8385068,cafe,coffee_shop,Mo-Su 09:00-00:00,,,,yes,,Məhəmməd Əmin Rəsulzadə küç.,4,
n11584931076,node,White Cat Coffee,40.3832554,49.8756814,cafe,,,,,,no,,,,
n12585438559,node,Why Baku,40.3832262,49.8934716,cafe,coffee_shop;european;italian;asian;breakfast;regional,Mo-Su 09:00-00:00,+994103228444,,,,no,Mərkəzi Park küçəsi,10h,
n4327228691,node,Wood house,40.401618,49.8391269,cafe,,,,,,,,,,
n10295778039,node,Xan Çay Evi,40.4387614,49.8116657,cafe,,,,,,,,,,
n4483972989,node,Xazai,40.3720774,49.8545038,cafe,,,,,,,,,,
n3043053784,node,Xudafərin kafesi,40.424979,49.8475205,cafe,,,,,,,,,,
n3678139456,node,Xırdalan Kafesi,40.3676572,49.8185591,cafe,,,,,,,,,,
n10299354466,node,Yağmur Kafe,40.4377652,49.8028278,cafe,,,,,,,,,,
w311713285,way,Yaşıl Çay Evi,40.4193291,49.8124546,cafe,,,,,,,yes,Mir Cəlal,,
n12175560955,node,You Coffee,40.3851477,49.8824553,cafe,coffee_shop,Mo-Su 09:00-23:00,,,,yes,,Mərkəzi Bulvar küçəsi,3,
n13665857605,node,ZIBNOF COFFEE 28 May,40.3770173,49.8560641,cafe,coffee_shop;ice_cream;juice;tea;donut;dessert,Mo-Su 08:00-22:00,+994555467772,https://www.instagram.com/zibnof/,,yes,,Xaqani küçəsi,115А,
n4396623058,node,Zanbaq Cafe & Restaurant,40.3771345,49.8384826,cafe,,,,http://zanbaq.cafe/,,,,Füzuli küç.,,
n12186187100,node,Zebra Coffee,40.3751109,49.8505896,cafe,coffee_shop,Mo-Su 07:30-23:00,,,,,,Xaqani küçəsi,66a,
n9811419366,node,Zest,40.3747853,49.8565096,cafe,,09:00-23:00,,,yes,,,Azadlig Square,674,
n9727776852,node,Zirvə Kafe 3 dairəsi,40.404954,49.813035,cafe,,,,,,,,,,
n9793511450,node,Zorbulaq Kafe,40.3859974,49.8156796,cafe,,,,,,,,,,
w1377956447,way,Zəri Kafe,40.3534273,49.8318316,cafe,,,,,,,,,,
n4340379889,node,billur cay evi,40.4268985,49.8519808,cafe,,,,,,,,,,
n4672021890,node,Çay Bağı,40.3664082,49.8364863,cafe,,,,,,,,,,
n4217624527,node,Çay Evi,40.4222534,49.8153502,cafe,,,,,,,,,,
n5136384122,node,Çay Evi Dalğa - Bulvar,40.36907,49.8438305,cafe,,,,,,,,Neftçilər pr.,,
n2788064668,node,Çay evi \ Stansiya Biləcəri,40.4319391,49.8039933,cafe,regional,,,,,,yes,,,
n9793519032,node,Çayxor Kafe \ Elmlər,40.3802266,49.8163515,cafe,,,,,,,,,,
n3678139460,node,Çempion Kafesi,40.3452618,49.8410776,cafe,,,,,,,,,,
w288594422,way,Çinar,40.3937478,49.7936225,cafe,,,,,,,,,,
n4857165521,node,Çiğ Köftəm,40.4047921,49.8664516,cafe,,,,,,,,,,
n3676814406,node,Üç Qardaş Kafe,40.427112,49.8046673,cafe,regional,,,,,,yes,,,
n9747227835,node,İlisu Kafe,40.4196305,49.8491389,cafe,,,,,,,,,,
n4512393989,node,İnferno kafe,40.4283394,49.8456477,cafe,,,070 288 23 24,,,,,,,
n4396623057,node,İnnab Cafe Lounge,40.3762658,49.8367399,cafe,,,,,,,,Şəmsi Bədəlbəyli küç.,,
n8448217184,node,İstanbul,40.4017741,49.8708487,cafe,,,,,,yes,,,,
n13785626480,node,İçərişəhər Kitabevi & Kafe,40.3643082,49.8348926,cafe,sandwich;tea;coffee,Mo-Su 11:00-22:30,+994 12 492 44 27,,,,,Vəli Məmmədov küçəsi,,
n4915489022,node,Şah Ət,40.4027339,49.8684648,cafe,,,,,,,,,,
n10276526930,node,Şahdağ Kafe,40.4388758,49.8443592,cafe,,,,,,,,,,
n10300969069,node,Şamaxı Çay Evi,40.4323204,49.8136117,cafe,,,,,,,,Yəhya Hüseynov küç.,,
n4609905891,node,Şeraton kafe,40.3753447,49.8122121,cafe,,,,,,,,,,
n9906626496,node,Şeyx Klub Kafe,40.3540665,49.8076223,cafe,,,,,,,,,,
n4599698063,node,ŞƏRQ | cafe- sports bar-gaming club,40.4100894,49.819167,cafe,regional,,,https://www.instagram.com/sherqcaffe/,,,,Hüseynbala Əliyev,,
n9758042401,node,Şəki Kafesi,40.4276,49.8804697,cafe,,,,,,,,,,
n11177444413,node,Şəki Kafesi,40.4213325,49.7959614,cafe,,,,,,,,,,
n9727882742,node,Şəki Xan Kafe Əcəmi Dairəsi,40.4103786,49.8143051,cafe,,,,,,,,,,
n4231639492,node,Şərq Evi Kafe,40.3904503,49.8566861,cafe,tea,,,,,,,Akademik Əliəşrəf Əlizadə,,
w339945436,way,Əjdaha dönər Xətai,40.385168,49.8744329,cafe,burger,,,,,,,Nəcəfqulu Rəfiyev küçəsi,17 A,
n4493146495,node,Шоколадница,40.3707148,49.8492987,cafe,,,,,,,,,,
n3585811993,node,Alp Inn Hotel,40.4017349,49.8476676,casino,,,,,,,,,,
n10299354443,node,Topaz,40.4375508,49.8079468,casino,,,,,,,,,,
n4231620691,node,Topaz ,40.3902127,49.8568949,casino,,,,,,,,Akademik Əliəşrəf Əlizadə,,
n12351676523,node,Cinema Plus,40.3687085,49.8375907,cinema,,Mo-Su 10:00-02:00,,,,,,Əziz Əliyev küçəsi,12a,
n4811656321,node,CinemaPlus,40.378626,49.8466489,cinema,,,,https://www.cinemaplus.az/,,,,,,
n7619000925,node,CinemaPlus,40.358332,49.8379269,cinema,,,,,,,,,,
n1837240577,node,Dostluq kinoteatrı,40.3902146,49.8431341,cinema,,,,,,,,,,
n4327577291,node,Hollywood,40.387186,49.8414458,cinema,,Mo-Su 10:00-06:00,+994 55 555 85 75,https://hollywood.az/,,,,,,
n4537410686,node,Hollywood Deluxe Cinema,40.3441486,49.8102411,cinema,,Mo-Su 10:00-06:00,+994 55 849 49 49;+994 12 502 49 49,https://hollywood.az/,,,,Badamdar şossesi,77,
n4537410685,node,Hollywood Gold,40.4109462,49.8394427,cinema,,Mo-Su 10:00-06:00,+994 55 952 52 52,https://hollywood.az/,,,,Nəcəf Nərimanov,11,
n11883518349,node,Metropole Cinema Club,40.3781023,49.8373685,cinema,,,,,,,,,,
n2101935566,node,Nizami Kinoteatrı,40.3754686,49.8435136,cinema,,,+994 50 300 40 87,www.nizamicinema.az,,,,Bülbül pr.,20,
n4452261022,node,Park Cinema,40.4034736,49.8729281,cinema,,,,,,,,,,
n2048984280,node,ŞARABANU,40.4097219,49.8194441,cinema,,,,,,,,,,
n5073091917,node,"AZZA Şirniyyat, Yeni Yasamal",40.3939323,49.7955292,confectionery,,,,,,,,Əsəd Əhmədov küçəsi,,
n11945828369,node,"AZZA Şirniyyat, Yeni Yasamal",40.3940833,49.7961518,confectionery,,,,,,,,Əsəd Əhmədov küçəsi,,
n3536043317,node,Assorti,40.3778806,49.8680009,confectionery,,,,,,,,,,
n5209810823,node,AzCake AzKeyk - 28 Mall,40.3776193,49.848372,confectionery,,,,,,,,,,
n7879745753,node,Azcake Baş Ofis,40.4183856,49.8945926,confectionery,,Mo-Sa 09:00-18:00,,,,,,Müzəffər Nərimanov,2,
n4327583989,node,AzzA,40.3902987,49.8417522,confectionery,,,,,,,,,,
n4494662495,node,Azza,40.3773097,49.8691333,confectionery,,,,,,,,,,
n4983696823,node,Azza,40.4186221,49.8432035,confectionery,,,,,,,,,,
n8598765528,node,Azza Gastronom,40.3929171,49.8097174,confectionery,,,,https://azza.az,no,,,Əbdülvahab Salamzadə,7,
n5418305024,node,Bon Appetit,40.3920269,49.8410079,confectionery,,,,,,,,Azadlıq prospekti,,
n4795688122,node,Chef Style,40.3912558,49.8426498,confectionery,,,+994 12 441 2452,https://www.instagram.com/chefstyle.az/,,,,Ənvər Qasımzadə,,
n5438267321,node,Euphoria M. B. Şirniyyat,40.3762591,49.8169787,confectionery,,,+994125395388,,,,,,,
n3536049628,node,Həyat Şirniyyat,40.3983165,49.876591,confectionery,,,,,,,,,,
n4375474994,node,Janna Şirniyyat,40.3707342,49.8463094,confectionery,,Mo-Su 10:00-23:00,+994124939950,https://www.tort.az/,,,,Neftçilər pr.,131,
n6342456887,node,Kibrit,40.3758745,49.8552232,confectionery,,,,,,,,,,
n4938045321,node,Lviv sokolad evi,40.3705993,49.8356755,confectionery,,Mo-Su 10:00-00:00,+994 50 555 01 70,https://chocolate.lviv.ua,,,,İslam Səfərli küç.,3,
n4588859468,node,Purple Cake Boutique,40.3975689,49.8695012,confectionery,,,+994505585500,,,,,Həsənoğlu küçesi,,
w1061501161,way,Qafqaz Şəkər İstehsalatı,40.4209299,49.863099,confectionery,,,,,,,,,,
n5280730535,node,Quru Yemiş,40.3689829,49.8312904,confectionery,,,,,,,,,,
n3536049254,node,Qədir Xum Şirniyyat,40.401753,49.8736736,confectionery,,,,,,,,,,
n4350296293,node,Rəmzioğlu Şirniyyat,40.4353373,49.837859,confectionery,,,,,,,,Zahid Qəmbərov,,
n5656717375,node,Seki Sirniyyatlari,40.4006004,49.8679546,confectionery,,,,,,,,,,
n3536046653,node,Türk Şirniyyatı,40.4322956,49.8560245,confectionery,,,,,,,,,,
n12972949379,node,Vanilla.az,40.4194425,49.8073043,confectionery,,Mo-Su 10:00-22:00,+994552155323,https://vanilla.az/,,,,,,
n4972041925,node,Vkusnyashka Şirniyyat,40.3831161,49.877795,confectionery,,,,,,,,,,
n4934491031,node,Xurcun,40.3765913,49.8603931,confectionery,,Mo-Su 09:00-22:00,+994777170070,https://www.xurcun.az/en/,,,,,,
n10299354452,node,Şirinlər Şirniyyat,40.4378295,49.8065078,confectionery,,,,,,,,Asəf Zeynallı küç.,,
n3536059103,node,Şirniyyat,40.4348055,49.8428735,confectionery,,,,,,,,,,
n3536062587,node,Şirniyyat,40.4372652,49.8352251,confectionery,,,,,,,,,,
n3253634645,node,Şirniyyat Evi,40.4317448,49.805514,confectionery,,,,,,,,,,
n6425303785,node,Şor Qoğal market,40.3820738,49.8249876,confectionery,,,,,,,,,,
w312794620,way,Bakı Xoreoqrafiya Akademiyası,40.3819623,49.841906,dance_venue,,Mo-Fr 09:00-18:00,+994 12 597 24 61,https://bxa.edu.az,,,,Rəşid Behbudov küçəsi,75,
n10241675128,node,GODANCE by Teymurzada,40.3839089,49.8680433,dance_venue,,,,,,,,,,
n9606230486,node,Nero Dance Center,40.3704933,49.8337338,dance_venue,,,,www.nerodance.az,,,,,,
n1304761811,node,"""Tadım"" Tantuni/Dönər",40.4042927,49.871539,fast_food,,24/7,,,,,,Ağa Nemətulla küç.,50,
n3042961396,node,212 Fast Fud,40.422671,49.8425887,fast_food,,,,,,,,,,
n4520375493,node,7/23 DÒNER,40.3776697,49.8659747,fast_food,,,,,,,,,,
n5916470298,node,Alia Döner,40.4067898,49.8686531,fast_food,,,+994703646166,,,,,,,
n11877036936,node,Anadolu,40.3781154,49.8312102,fast_food,turkish,,,,,,,,,
n1836387828,node,Avtosh Döner,40.374381,49.8427177,fast_food,,,,,,,,,,
w1378423613,way,Aynali Doner,40.3806875,49.8487861,fast_food,kebab,,,,,,,,,
n3253629077,node,Baharlı Xəngəli,40.4377079,49.803588,fast_food,,,,,,,,,,
n13898211301,node,Balik Ekmek,40.3982405,49.8409299,fast_food,,,,,,,,,,
n3037852534,node,Baş Keçid Xəngəl,40.428585,49.8522716,fast_food,,,,,,,,,,
n4303012431,node,Bella Pizza,40.3751311,49.8412054,fast_food,pizza,,,,,,,,,
n9744012507,node,Bir Iki Dönər,40.3914188,49.8483505,fast_food,kebab,,,https://www.facebook.com/BIRIKIDONER/,,,,Bakıxanov küç.,,
n11881148513,node,Bir İki Döner Shop,40.3840593,49.8286701,fast_food,kebab,,,,,yes,,,,
n13069608101,node,Bir İki dönər,40.3764684,49.8137286,fast_food,,Mo-Su 11:00-22:00,+994998211201,https://bir-iki.az/,,,,Ədməd Cəmil küçəsi,160C,
n1472132086,node,Bir-iki,40.3713879,49.8385912,fast_food,kebab,Mo-Su 12:00-23:00,0124989149,https://m.facebook.com/birikibaku/,,,,Yusif Məmmədəliyev küçəsi,27A,
n6774513147,node,Black Star Burger,40.3746233,49.8431423,fast_food,burger,,,,,,,,,
n11883782670,node,Bordo,40.375724,49.8172427,fast_food,sandwich;kebab,,,,,,,,,
n4622594289,node,Bublik Kafe,40.3449008,49.8381955,fast_food,,,,,,,,,,
n6054238010,node,Burger King,40.4005091,49.8535721,fast_food,burger,,,,,,,,,
n6054241085,node,Burger King,40.3794372,49.8469732,fast_food,burger,,,,,,,,,
n7619000921,node,Burger King,40.3584506,49.8369238,fast_food,burger,,,,,,,,,
n3254783442,node,Böyük Divar,40.3725473,49.8458308,fast_food,,,+994124937672,,,,,,,
n4249014590,node,Cefer Doner,40.3855671,49.8037078,fast_food,,,,,,,,Abbas Mirzə Şərifzadə küç.,130a,
n10275357110,node,Ceyhunun Dönәri 8-ci mkr.,40.4235926,49.8425927,fast_food,,,,,,,,,,
n2119759106,node,Chudo Pechka,40.3764737,49.8456951,fast_food,beef_bowl;kebab;local;pizza,Mo-Su 11:00-23:00,,,,,,,,
n11750428578,node,Cinnabon,40.3583512,49.8373591,fast_food,dessert,,+994502292019,,,,,,,
n11867372269,node,Cinnabon,40.4000839,49.8534977,fast_food,dessert,,,,,,,,,
n11917653222,node,Cinnabon,40.3681442,49.8385875,fast_food,dessert,,,,,yes,,Məhəmməd Əmin Rəsulzadə küç.,4,
n12582465064,node,Cinnabon,40.3740064,49.8592936,fast_food,dessert,,,,,,,,,
n6342441187,node,Deluxe Dönər,40.3758475,49.8551235,fast_food,,,,,,,,,,
n4493146496,node,Domino's,40.3739089,49.8500894,fast_food,pizza,,,,,,,,,
n4803945422,node,Domino's,40.3679255,49.8237518,fast_food,pizza,,,,,,,,,
n6196378785,node,Domino's,40.4168636,49.8082291,fast_food,pizza,24/7,,https://dominospizza.az/,,,,Mir Cəlal,,
n6710409585,node,Domino's,40.403078,49.8564647,fast_food,pizza,,,,,,,Koroğlu Rəhimov küçəsi,,
n11879170172,node,Don Pizza,40.372739,49.8333223,fast_food,pizza,,,,,,,,,
n11300013298,node,Doner 1.50 ₼,40.371618,49.8430697,fast_food,,,,,,,,,,
n6997802585,node,Doner House,40.3732528,49.8504751,fast_food,turkish;local,,,,,,,Azadlıq prospekti,,
n12348875023,node,Döner Ist,40.3744128,49.8503657,fast_food,kebab,,,,,,,,,
n11883964509,node,Dönerçi Yavər Usta,40.380907,49.8153259,fast_food,kebab;regional,24/7,,,,,,,,
n1865340038,node,Dönər,40.3989246,49.83277,fast_food,,,,,,,,,,
n2034721603,node,Dönər,40.3997983,49.8323593,fast_food,,,,,,,,,,
n4485161710,node,Dönər,40.3419555,49.8396101,fast_food,,,,,,,,,,
n4231777094,node,Dönər 1999,40.4040126,49.8708026,fast_food,,24/7,,,,,,Ağa Nemətulla küç.,45,
n4913328321,node,Dönər Kabab evi,40.4112864,49.8056254,fast_food,,,,,,,,,,
n5724644121,node,Fly Burger,40.3708659,49.8401575,fast_food,burger,,,,,,,Rəsul Rza küçəsi,11,
n4439418989,node,Fryday,40.3685824,49.8381481,fast_food,,Mo-Su 12:00-23:00,,,,yes,,Məhəmməd Əmin Rəsulzadə küç.,,
n9969207082,node,Hayat bi'TENDIR,40.3853934,49.8044666,fast_food,çörek,,,,,,,,,
n11881148550,node,Həmşəri Lahmacun,40.3841086,49.8291205,fast_food,regional,,,,,,,,,
n5010414321,node,IST food,40.395443,49.8159816,fast_food,,,,,,,,,,
n5615860224,node,KFC,40.380003,49.8494004,fast_food,chicken,08:00-01:00,,,,,,,,
n6054228983,node,KFC,40.3788929,49.8472277,fast_food,chicken,,,,,,,,,
n6054242430,node,KFC,40.4003116,49.8526176,fast_food,chicken,,,,,,,,,
n7619000923,node,KFC,40.35861,49.8371062,fast_food,chicken,,,,,,,,,
n11760387619,node,KFC,40.3723952,49.8442639,fast_food,chicken,,,,,,,Bülbül prospekti,17g,
n11879472257,node,KFC,40.3828516,49.8236479,fast_food,chicken,,,,,,,,,
n12582465065,node,KFC,40.3739754,49.8595854,fast_food,chicken,,,,,,,,,
n2966012004,node,KFC Fəvvarələr Meydanı,40.3700865,49.8358514,fast_food,chicken,Mo-Su 09:00-23:00,,,,,,İslam Səfərli,1,
n12909057601,node,KUDO KUDO,40.3709554,49.8352652,fast_food,,,,,,,,,,
n6280220585,node,Kafe,40.4229361,49.7970905,fast_food,,,,,,,,,,
n5981613486,node,Kafe Kabab,40.3458686,49.8376567,fast_food,kebab,,,,,,,,,
n4933253438,node,Kebab Express,40.3716334,49.8410439,fast_food,,,,,,,,,,
n8598872795,node,Lahmacun dönər,40.3980019,49.8138834,fast_food,kebab,,,,,,,,,
n11812152769,node,Lavaş Baku,40.3656622,49.8313794,fast_food,,,,,,,,İstiqlaliyyət küçəsi,,
n3784150403,node,Limuzin dönər,40.3772007,49.8114547,fast_food,kebab,,,,,yes,,,,
n11879170238,node,MANQALİYA,40.3729127,49.8328307,fast_food,kebab,,,,,,,,,
n10060576190,node,MR. Ribs Steak & Burger,40.3732355,49.8369223,fast_food,burger;steak_house,Mo-Su 11:00-01:00,+994552924141,,,,,Əlimərdan Topçubaşov küçəsi,11,
n1304761821,node,McDonald's,40.4028806,49.869975,fast_food,burger,,,,,,,,,
n1474037683,node,McDonald's,40.3718563,49.8377988,fast_food,burger,,,,,,,,43d,
n4523299703,node,McDonald's,40.399515,49.8498681,fast_food,burger,"PH,Mo-Su 08:00-01:00",,,,,,,,
n6054228984,node,McDonald's,40.3789641,49.8471973,fast_food,burger,,,,,,,,,
n6054238029,node,McDonald's,40.4003587,49.8528546,fast_food,burger,,,,,,,,,
n6595747259,node,McDonald's,40.3721769,49.8440008,fast_food,burger,,,,,,,Üzeyir Hacıbəyov küçəsi,27h,
n7619000922,node,McDonald's,40.3582243,49.8378341,fast_food,burger,,,,,,,,,
n8282297721,node,McDonald's,40.4197524,49.8464649,fast_food,burger,,,,,,,,,
n10090512262,node,McDonald's,40.3878729,49.8242734,fast_food,burger,,,,,,,İzmir küçəsi,,
n10967473062,node,McDonald's,40.3944781,49.8159531,fast_food,burger,,,,,,,,,
n12095473082,node,McDonald's,40.3955955,49.8402621,fast_food,burger,08:00-04:00,,https://mcdonalds.az/,,,,,,
n12582465066,node,McDonald's,40.3739408,49.859418,fast_food,burger,,,,,,,,,
n13734067049,node,McDonald's,40.387612,49.8029066,fast_food,burger,,,,,no,,,,
n6595747986,node,McDonald's \ 20 Yanvar Bakı,40.4016376,49.8104173,fast_food,burger,,,,,,,,,
n12981907001,node,Meatadore,40.3840732,49.8291368,fast_food,american;german,Mo-Th 12:00-00:00; Fr-Su 12:00-02:00,,,,,,,,
n4434824894,node,Olimp Doner,40.3997517,49.8511907,fast_food,burger,,,,,,,,,
n4423528090,node,Papa John's,40.3735417,49.8430398,fast_food,pizza,Mo-Su 11:00-23:00,,,,,,Nizami küç.,106a,
n4652639696,node,Papa John's,40.4021244,49.8495256,fast_food,pizza,Mo-Su 11:00-23:00,+994123111660,https://www.papajohns.az/,,,,Akademik Həsən Əliyev küçəsi,82Q,
n7619000924,node,Papa John's,40.3578824,49.8376373,fast_food,pizza,,,,,,,,,
n12582465067,node,Papa John's,40.3741722,49.8595232,fast_food,pizza,,,,,,,,,
n4357695991,node,Papa John's \ Əcəmi,40.4098319,49.8142435,fast_food,pizza,,,,,,,,,
n11910952987,node,Pasha Doner,40.4153127,49.8285333,fast_food,kebab,24/7,,,,,,Sərdar Hüseynov,,
n12512068009,node,Paşa dönər,40.3999283,49.851094,fast_food,kebab,,,,,,,,,
n11910952988,node,Pizza Bruno,40.4153551,49.8285333,fast_food,pizza,,,,,,,Sərdar Hüseynov,,
n3254780714,node,Pizza Hat,40.373747,49.8472506,fast_food,pizza,,+994124930135,,,,,,,
n3536035227,node,Pizza Holiday,40.3663278,49.8291465,fast_food,pizza,Mo-Su 10:00-22:00,,,,,,,,
n1874080628,node,Pizza Inn,40.3713989,49.8381392,fast_food,pizza,,,,,,,,,
n11881148540,node,Pizza Loca,40.3885595,49.8361459,fast_food,pizza,,,,,,,,,
n1862805944,node,Pizza Pizza,40.368466,49.8376512,fast_food,pizza,,,,limited,,yes,,,
w1265891495,way,Qubadlı Kafe,40.4176484,49.8256375,fast_food,kebab,Mo-Su 08:00-22:00,,,no,,,Mirzə Məhəmməd Xan,5,
n4493146494,node,Sbarro,40.3707524,49.8496639,fast_food,pizza,,,,,,,,,
n2034721612,node,Sevimli Dad,40.3996853,49.8324805,fast_food,,,,,,,,,,
n12386080104,node,Shaurma 1,40.3695743,49.8368649,fast_food,shawarma,24/7,*1110,https://shaurmaaz.taplink.ws/,,,,Əziz Əliyev küçəsi,33b,
n8598978844,node,Shaurma N1,40.3984686,49.8329138,fast_food,kebab,,,,,,,,,
n1828804083,node,Shaurma №1,40.3730916,49.8404148,fast_food,,,,,limited,,,,,
n2034721613,node,Shaurma №1,40.3899431,49.8386715,fast_food,kebab,,,,,,,,,
n10710217916,node,Sirius,40.3821784,49.8433613,fast_food,pizza;regional;burger;kebab;turkish,,,,,,,Rəşid Behbudov küç.,,
n11879112861,node,Sumway,40.3727817,49.8333077,fast_food,sandwich,,,,,,,,,
n9720355384,node,Sushi Master,40.4021106,49.8493995,fast_food,,,,https://baku.sushi-master.az/,,,,,,
n5845471585,node,Sweet Art depo,40.3914803,49.8207352,fast_food,,,,,,,,,,
n5365676221,node,Tado Kafe,40.3993645,49.8767036,fast_food,,,,,,,,,,
n2119761005,node,Tantuni / Doner,40.377125,49.8454662,fast_food,kebab,,,,,,,,,
n4429798102,node,Tez Bazar Dönər,40.420733,49.7989325,fast_food,,Mo-Su 10:00-22:00,+994554181304,,,,,Rəşid İsmaylov küçəsi,,
n6782287720,node,The best,40.3692014,49.8329458,fast_food,,,,,,,,,,
n11881148511,node,Tustçu,40.3841929,49.8286091,fast_food,sandwich,,,,,,,,,
n3037852555,node,Yurdum Lahmacun,40.431936,49.8561925,fast_food,,,,,,,,,,
n11878621829,node,Zatra,40.3817113,49.829586,fast_food,chicken;kebab;pizza;sushi,24/7,,,,,,,,
n1827271623,node,Çudo Peçka 10,40.405766,49.8142338,fast_food,,,,,,,,,,
n3254789979,node,Çurasko Steyk,40.3713537,49.8421308,fast_food,,,+994125985409,,,,,,,
n3042961338,node,İzmir Pizza,40.4204891,49.842432,fast_food,,,,,,,,,,
n4655192593,node,Şaurma nömre 1,40.4066038,49.8362961,fast_food,,,,,,,,,,
n5779334009,node,Əjdaha dönər. Caspian,40.3841521,49.8291084,fast_food,pizza;kebab,,,,,,,,,
n13917644103,node,Dopamine,40.358116,49.8382344,food_court,,Mo-Su 09:00-00:00,,,,,,Denizkenari Street,26a,
n4577151404,node,Тяндир чурек. Вкусный.,40.3871698,49.8454777,food_court,,,,,,,,,,
n4512306908,node,5.11 İdman Zalı,40.428725,49.8487901,gym,,,,,,,,Abay Kunanbayev küç.,,
n7492299285,node,Abordaj Fitness Zalı,40.4322872,49.8170493,gym,,,,,,,,,,
n12833336293,node,Angels’ Embassy,40.3948055,49.8282882,gym,,Mo-Su 07:00-21:00,+994 50 281 18 81,,,,,Cəlil Məmmədquluzadə küçəsi,,
n6187734785,node,Arena Fitnes,40.4113549,49.8398236,gym,,,,,,,,,,
n6091771186,node,Askod MMC (Epilife estetik merkez),40.4000549,49.8689053,gym,,,,,,,,,,
n3670171248,node,Atlant Gym \ Bakı Nərimanov,40.3824789,49.8774831,gym,,10:00-23:00,,,,,,Nəcəfqulu Rəfiyev küç.,12,
w299015057,way,Aura Sağlamlıq Mərkəzi,40.3918068,49.869045,gym,,,,,,,,,,
n6780115085,node,Black Mamba crossfit,40.4248999,49.8431009,gym,,,,,,,,İbrahimpaşa Dadaşov küçəsi,,
n11746506271,node,Boroda Gym,40.4181896,49.8242948,gym,,Mo-Sa 09:00-23:00,+994553450707,,no,,,Mirmahmud Kazımovski küç.,54/56,
n4796589026,node,Cüdo Klubu 2012,40.3780208,49.8325054,gym,,,,,,,,,,
n4426032912,node,Evolution Fitness Baku,40.3850711,49.8503849,gym,,Mo-Sa 09:00-23:00; Su 11:00-17:00,,,,,,Ülvi Bünyadzadə,2,
n4209578401,node,FS Cristal club,40.4254745,49.8172385,gym,,,,,,,,,,
n9005003443,node,Fit Lady,40.3807079,49.8665164,gym,,Mo-Sa 09:00-22:00,+994 51 351 52 52,https://www.instagram.com/fitlady_baku/,,,,Mehdi Mehdizadə küçəsi,50,
n10276927956,node,FitnessLab,40.3841064,49.8682406,gym,,Mo-Su 06:00-23:00,+994504003135,,,,,Fəzail Bayramov,1156,
n4696356322,node,Gorgud Wellness Center,40.3875794,49.856191,gym,,,,,,,,,,
n4948401422,node,Idman zali Narimanov,40.4064005,49.8698717,gym,,,,,,,,,,
n12224093153,node,JV Fitness,40.3750999,49.852215,gym,,"Mo-Fr 09:00-23:00, Sa 10:00-21:30",+994552559040,https://jvfitness.az,,,,Fikrət Əmirov küçəsi,2a,
n6751901032,node,Knockout Boxing Club,40.3808884,49.8058213,gym,,Mo-Sa 09:00-22:00,+99450 605 00 05,https://www.instagram.com/knockoutbc_baku/,,,,Abbas Mirzə Şərifzadə küçəsi,86,
n4249134190,node,La Fitness,40.3833104,49.8063537,gym,,,004048,,,,,Mirəli Seyidov,,
n6254207187,node,Sapfir Fitnes,40.408527,49.8041901,gym,,,,,,,,Yasamal ray. Moskva pr. 73A,,
n11746528015,node,Sparta Gym,40.421455,49.8165117,gym,,Mo-Sa 09:00-23:00,+994555375956,https://www.instagram.com/sparta_gym_baku,,,,Cavad Xan küçəsi,51,
n4229103791,node,The Club Port Baku,40.3765567,49.8624994,gym,,24/7,+994124998909,https://www.www.theclub.az/,,,,,,
n4434824791,node,Tornado GYM,40.3967079,49.8770147,gym,,Mo-Sa 10:00-22:00,,,,,,,,
n9902680762,node,XH GYM,40.3438712,49.8099478,gym,,Mo-Su 08:00-24:00,,,,,,Badamdar şossesi,,
n6568802090,node,Zen Fitness & Bodybuilding,40.3549644,49.8179167,gym,,,,,,,,Abbasqulu Abbaszadə,19,
n6864261684,node,Bozz Lounge Baku,40.3782099,49.8578205,hookah,,,,,,,,Nizami küçəsi,239,
n12441162650,node,Mr. Smoke Lounge,40.3690209,49.8411851,hookah,,Mo-Su 14:00-02:00,,,,,,Neftçilər prospekti,118,
n6406988102,node,1033 club,40.3909333,49.8233678,nightclub,,,,,,,,Tbilisi prospekti,,
n1896641344,node,Elit 555 Club,40.3740763,49.8399779,nightclub,,,,,,,,,,
n7017736385,node,Ellips Club,40.4091092,49.8599216,nightclub,,24/7,+994702559050,http://www.ellips.az,,,yes,Aşıq Molla Cumə,,
n7017736485,node,Ellips Club,40.4091796,49.8600232,nightclub,,24/7,+994702551050,http://www.ellips.az,,,yes,Aşıq Molla Cumə,,
w447503480,way,Extra Club Baku,40.4075368,49.861998,nightclub,,Mo-Sa 20:00-60:00,+994703330080,http://www.extraclub.az,yes,,separated,Əhməd Rəcəbli küçəsi,1/7,
n1896641350,node,Hiss Club,40.3739445,49.8398369,nightclub,,,,,,,,,,
n4353744491,node,O'Malley's,40.3709436,49.8382158,nightclub,,,,,,,,,,
n4352309391,node,Philomela Club & Restaurant,40.3800737,49.8417702,nightclub,,,,,,,,Bülbül,58x,
n1896641390,node,Skylife,40.3732256,49.8381565,nightclub,,,,,,,,,,
n4720776390,node,Soprano,40.3716546,49.835742,nightclub,,,,,,,,,,
n1854434085,node,Studio 2,40.370963,49.8406587,nightclub,,,,,,,,Üzeyir Hacıbəyov,2,
n4303019793,node,Voices karaoke club,40.3753096,49.8413592,nightclub,,,,,,,,Səməd Vurğun,,
w169828446,way,1941-1945,40.4325914,49.803774,park,,,,,,,,,,
w170083578,way,20 Yanvar Parkı,40.4373162,49.8058597,park,,,,,,,,,,
w346837997,way,41-45 parki,40.3896272,49.8379059,park,,,,,,,,,,
w149637806,way,Akademiya bağı,40.3733196,49.8152764,park,,,,,,,,,,
r3975409,relation,Alley of Martyrs,40.3567423,49.8283747,park,,,,,,,,,,1317.0
w287048577,way,Atatürk Parkı,40.4043972,49.8496888,park,,24/7,,,,,,Atatürk prospekti,,
w401747769,way,Atatürk parkı,40.411156,49.8470793,park,,,,,,,,,,
w299636538,way,Axundov bağı,40.3680868,49.829789,park,,,,,,,,,,
w306978410,way,Ayna Sultanova parkı,40.4138759,49.8460669,park,,,,,,,,,,
w505556422,way,Azim Azimzadeh Park / Archeological Park,40.3675299,49.8373634,park,,,,,,,,,,
w220915360,way,Ağ Liliyalar Fontan Bağı,40.367578,49.8384253,park,,,,,,,,,,
w355301699,way,Ağ Şəhər Bulvarı Bakı,40.3731396,49.8756906,park,,,,,,,,,,
w1064645030,way,Ağ Şəhər Dairəsi,40.38486,49.8798577,park,,,,,,,,,,
w151332926,way,Bakı Zooparkı,40.3934158,49.8505185,park,,,,,,,,,,
w366909781,way,Bayil Parkı,40.3526205,49.8327145,park,,,,,,,,,,
w222537336,way,Bül-Bül Parkı,40.3766588,49.842312,park,,,,,,,,,,
w75077564,way,Cavadxan parkı,40.4086348,49.8140556,park,,,,,,,,,,
w194284061,way,Corce Enesku Parkı,40.4175175,49.8374184,park,,24/7,,,,,,Cəfər Xəndan küçəsi,,
w178157681,way,Cəfər Cabbarlı bağı,40.3683138,49.8228997,park,,,,,,,,,,
w1234541514,way,Dağdağan Bağı,40.3835708,49.8919752,park,,,,,,,,,,
w1411059572,way,Dağüstü Park / Highland Park,40.3575012,49.8291314,park,,Day and Night,,,,,,,,
w179738389,way,Dədə Qorqud parkı,40.3928585,49.8471306,park,,,,,,,,,,
w169736766,way,Dəmiryolçular Parkı,40.4301146,49.8077057,park,,,,,,,,,,
w249016043,way,Dənizkənarı Milli Park,40.3662721,49.8453768,park,,,,,,,,,,
w25403163,way,Fikrət Əmirov adına park,40.3752383,49.8518593,park,,24/7,,,,,,Fikrət Əmirov küçəsi,,
w388386417,way,Fransa Parkı,40.3792193,49.8658696,park,,24/7,,,,,,,,
w273101274,way,Fəvvarələr Meydanı,40.3709392,49.8368296,park,,,,,,,,,,
w42797170,way,Heydər Əliyev Parkı,40.4293988,49.8385969,park,,,,,,,,,,
w25452098,way,Heydər Əliyev parkı,40.378203,49.8435596,park,,,,,,,,,,
w277230442,way,Hüseyn Cavid parkı,40.3734909,49.8173662,park,,,,,,,,,,
w149594753,way,Həştərxan parki,40.3994694,49.8696621,park,,,,,,,,,,
w248985713,way,Keşlə Parkı,40.3972225,49.8930948,park,,,,,,,,,,
w1411050898,way,Khan's Garden (Baku),40.3679335,49.8369036,park,,,,,,,,,,
w371620234,way,Konservatoriya bağı,40.3656424,49.8178169,park,,,,,,,,,,
w150102062,way,Koroğlu parkı,40.3918186,49.8426673,park,,,,,,,,,,
w299015041,way,Lalələr Parkı,40.3897526,49.8678659,park,,,,,,,,,,
w282645654,way,Mehdi Hüseynzadə parkı,40.3872236,49.8266878,park,,,,,,,,Tbilisi prospekti,,
w278962566,way,Meşə Parkı \ Şamaxinka,40.4092878,49.8025644,park,,,,,,,,,,
w379525890,way,Mərkəzi Park,40.3732633,49.822333,park,,,,,,,,,,
w379527633,way,Mərkəzi Park,40.3798445,49.8240516,park,,,,,,,,,,
w499548399,way,Mərkəzi Park,40.3755247,49.8281687,park,,,,,,,,,,
w499548401,way,Mərkəzi Park,40.3719761,49.8276218,park,,,,,,,,,,
w499548398,way,Mərkəzi Park Bakı,40.3746235,49.8279138,park,,,,,,,,,,
w379525895,way,Mərkəzi Park Yuxarı \ Sovetski,40.3746066,49.8247417,park,,,,,,,,,,
n10302993972,node,Nihad Mebel,40.4361443,49.8116791,park,,,,,,,,,,
w186290330,way,Nizami Parkı / Ağ Şəhər,40.3800432,49.8947217,park,,,,,,,,,,
w175835406,way,Nizami bağı,40.3696541,49.8354205,park,,,,,,,,Azərbaycan prospekti,,
w152322861,way,Nəbabət Bağı / Botanika Bağı,40.3576668,49.8174219,park,,,,,,,,,,
w165695134,way,Nəriman Nərimanov bağı,40.3687158,49.8242492,park,,,,,,,,,,
w115500695,way,Nərimanov parkı,40.4018313,49.8716256,park,,,,,,,,,,
w1462751416,way,Palıd meydanı parkı,40.3878363,49.8859657,park,,,,,,,,,,
w306598024,way,Park \ Azadlıq pr.,40.4353328,49.8436255,park,,,,,,,,,,
w295375058,way,Park near Space TV,40.3669632,49.8177738,park,,,,,,,,,,
w249001200,way,Port Baku Parkı,40.3750207,49.8636783,park,,,,,,,,,,
w299663211,way,President's Residence,40.4069456,49.8522612,park,,,,,,,,,,
w25452751,way,Prezident Parkı,40.3648311,49.8293585,park,,,,,,,,,,
w25402492,way,Puşkin Bağı,40.3749961,49.8548315,park,,,,,,,,Puşkin küçəsi,,
w249204940,way,Qafur Məmmədov Parkı \ Bayıl,40.3437064,49.8403323,park,,,,,,,,,,
w224648423,way,Qubernator bağı,40.3629013,49.8324744,park,,,,,,,,,,
w370709064,way,Qurban Abbasov parkı,40.3463117,49.8380554,park,,,,,,,,,,
w299634259,way,Qızılgül parkı,40.3778395,49.8618806,park,,,,,,,,,,
w133850131,way,Qış Parkı,40.3764455,49.8360275,park,,,,,,,,Füzuli küçəsi,,
w306880764,way,Qələbə Parkı,40.4084314,49.857942,park,,,,,,,,,,
w179743894,way,Qəzənfər Musabəyov parkı,40.3797672,49.8080119,park,,,,,,,,Əbdürrəhim bəy Haqverdiyev küç.,,
w187148931,way,Ramiz Aboyev adına mədəniyyət və istirahət parkı,40.4364218,49.840293,park,,,,,,,,,,
w150675694,way,Saat Parkı,40.3639977,49.8269418,park,,,,,,,,,,
w299424032,way,Sabir parkı,40.3688176,49.8350053,park,,,,,,,,,,
w25359701,way,Sahil bağı,40.3731326,49.8457614,park,,,,,,,,,,
w307504136,way,Samir Xasıyev Parkı,40.391334,49.8744359,park,,,,,,,,,,
w373756045,way,Sevgi parkı,40.386913,49.8649392,park,,,,,,,,,,
w382233635,way,Sevil Qazıyeva parkı,40.3885123,49.832113,park,,,,,,,,,,
w134925206,way,Spartak Dairəsi,40.3870941,49.8280857,park,,,,,,,,,,
w179778176,way,Səməd Vurğun Bağı,40.3788747,49.85349,park,,,,,,,,,,
w172878747,way,Taras Şevçenko bağı,40.389824,49.8422706,park,,,,,,,,,,
w220432120,way,Tesla parkı,40.3809436,49.8476055,park,,,,,,,,,,
w382240270,way,Xan Şuşinski Parkı,40.3891781,49.8398204,park,,,,,,,,Rəşid Behbudov küçəsi,,
w25449429,way,Xəqani bağı ( Malakan bağı ),40.3716003,49.8403091,park,,,,,,,,,,
w864576542,way,Yasamal Parkı,40.3764322,49.808668,park,,24/7,,,,,,Mətbuat prospekti,29,
w326259644,way,Yasamal parkı,40.3873104,49.8126644,park,,,,,,,,,,
w368880131,way,Yaşıl Dünya Parkı,40.3994117,49.8099735,park,,,,,,,,,,
w191700594,way,Zabitlər parkı,40.3852316,49.8362682,park,,,,,,,,,,
r10763560,relation,Zeytun bağı,40.42642,49.8242757,park,,,,,,,,,,
w178746207,way,Zorge parkı,40.3906461,49.8375279,park,,,,,,,,,,
w315851226,way,Zəfər Bağı / 4-cü mkr.,40.414346,49.8093707,park,,,,,,,,,,
w1067684068,way,Zəfər Parkı,40.3763129,49.8687537,park,,,,,,,,,,
w194209668,way,Zərifə Əliyeva parkı,40.4225316,49.8206816,park,,,,,,,,Cavadxan küç.,3,
w1513964859,way,Çəmbərəkənd Parkı,40.3633177,49.8253421,park,,,,,,,,,,
w178593266,way,İzmir Bağı,40.3864394,49.8237135,park,,,,,,,,,,
r8708379,relation,Şəhidlər Xiyabanı,40.3567423,49.8283747,park,,,,,,,,,,1317.0
w286020445,way,Şəhriyar Bağı,40.3727357,49.848055,park,,,,,,,,,,
w193282179,way,Şəhriyar bağı,40.3922649,49.8553139,park,,,,,,,,Əhmədbəy Ağaoğlu küçəsi,,
w25452657,way,Şəlalə parkı,40.3632169,49.8280456,park,,,,,,,,,,
w189640923,way,Əlişir Nəvai parkı,40.4075275,49.8361183,park,,,,,,,,,,
w150675701,way,Əzizbəyov parkı,40.3649217,49.8174389,park,,,,,,,,,,
n9747227852,node,AZZA,40.4160242,49.8460704,pastry_shop,,,,,,,,,,
n10278860888,node,AZZA,40.4345815,49.8441942,pastry_shop,,,,,,,,,,
n9902680717,node,AZZA Badamdar,40.341647,49.8101583,pastry_shop,,,,,,,,,,
n6091665885,node,Azad Nebiyev (pryannik sexi),40.4174549,49.863921,pastry_shop,,,,,,,,,,
n9773493969,node,Azza,40.3885654,49.8698911,pastry_shop,,,,,,,,,,
n11749212369,node,Azza Gastronom,40.4182305,49.8176202,pastry_shop,,Mo-Su 08:00-23:00,+994505093632,,,,,Cavad Xan küç.,148,
w306870236,way,Biskvit Fabriki Bakı,40.4280769,49.8719235,pastry_shop,,,,,,,,,,
n11917653225,node,Bonbon Patisserie,40.3681755,49.8383201,pastry_shop,,Mo-Su 10:00-24:00,+994503702022,,,,,Məhəmməd Əmin Rəsulzadə küç.,5,
n4580285191,node,Bondad,40.3745914,49.818996,pastry_shop,,,,,no,,,,,
n11878621823,node,Dadli,40.3796694,49.829715,pastry_shop,,,,,,,,,,
n9811469982,node,Eqoist Şirniyyat,40.3756241,49.8541465,pastry_shop,,,,,,,,,,
n11879486778,node,Fransua,40.3833619,49.8272818,pastry_shop,,,,,,,,,,
n8598921800,node,Goldcake Sweets,40.3963143,49.8213857,pastry_shop,,,,,yes,,,,,
w1283669071,way,NAZ Cakehouse,40.4180508,49.8264233,pastry_shop,,Mo-Su 08:00-22:00,,,,,,Mirzə Məhəmməd Xan küçəsi,30,
n9902643278,node,Rəmzioğlu Paxlava,40.3417962,49.8106277,pastry_shop,,,,,,,,,,
n10299354427,node,Tort Ko Şirniyyat,40.438196,49.8090747,pastry_shop,,,,,,,,,,
n4707723489,node,Viva,40.3885043,49.8361614,pastry_shop,,,,,no,,,,,
n11881148521,node,Z-Style,40.3886168,49.836137,pastry_shop,,,,,limited,,,,,
n4544780092,node,3 Boçki,40.3806117,49.8566717,pub,,,,,no,,,Dilarə Əliyeva küçəsi,251,
n3037852631,node,333 Efes,40.4265064,49.848787,pub,,,,,,,,,,
w316523315,way,9 Club,40.4207644,49.8144183,pub,,,,,,,,,,
n3120339011,node,Admiral Pub,40.4125409,49.8422165,pub,,,,,,,,,,
n3042960118,node,Atilla kafesi,40.4208433,49.8424442,pub,,,,,,,,,,
n3042960121,node,Azəri,40.424525,49.8432401,pub,,,,,,,,,,
n5294183621,node,Babilon,40.3912197,49.8213119,pub,,Mo-Su 13:00-02:00,,https://instagram.com/babilon__club,,,,,,
n4318224289,node,Beer,40.3777968,49.868659,pub,,,,,,,,,,
n5617981765,node,Beer Point,40.3757158,49.8437597,pub,,,,,,,,Bülbül prospekti,,
n4915488721,node,Beer Va,40.3969894,49.8702793,pub,,,,,,,,,,
n1973942577,node,Clansman,40.3688534,49.8383298,pub,,,,,,,,,,
n1896666801,node,Corner / Künc,40.3731607,49.8384532,pub,,,,,,,,,,
n11822196000,node,Corner Pub,40.3835905,49.8253192,pub,,Mo-Su 16:00-02:00,,,,,,Giləzi küçəsi,4a,
n5764707853,node,EL pub,40.4269841,49.8427987,pub,,Mo-Su 09:00-18:00,,,,,,Süleyman Sani Axundov küçəsi,,
n1469182846,node,Finnegan's,40.369273,49.8390329,pub,,,+994 12 4986564,,,,,,,
n4799886829,node,Forbst \ Səməd Vurğun küç.,40.3975366,49.8333747,pub,,,,,,,,Səməd Vurğun küçəsi,,
n5817602911,node,Goodman.Baku,40.3851088,49.8243779,pub,,Mo-Su 10:00-18:00,0124369427,,,,,İnşaatçılar prospekti,40,
n3455170783,node,Hairy Lemon,40.3702324,49.8387336,pub,,,,,,,no,,,
n4479759623,node,Karat Billiards Bakı,40.3958492,49.8222039,pub,,Mo-Su 12:00-02:00,,,,,,,,
n3521472762,node,Kiçik Qala,40.3800226,49.8444553,pub,,,,,,,,,,
n11750716295,node,London Pub,40.3741377,49.8399587,pub,,Mo-Su 13:00-02:00,+994506163446;+994125970277,,,,,Qoqol küç.,22,
n4857067025,node,Lords pub,40.4074141,49.8732406,pub,,,,,,,,,,
n7045584885,node,Mal xoman,40.381399,49.8617053,pub,,,,,,,,,,
n1821276326,node,Marshalls,40.3704235,49.8388451,pub,,,,,,,,Zeynalabdin Tağıyev,,
n3042960128,node,Nihat,40.4245004,49.8417482,pub,,,,,,,,,,
w693508137,way,Okean Pub,40.4091962,49.8660575,pub,,,,,,,separated,Yusif Vəzir Çəmənzəminli,,
n4352241893,node,Old Castle Restaurant,40.3798567,49.8418367,pub,kebab;georgian,,,,,,,Bülbül,58f,
n4865164421,node,Olimp pub,40.4046148,49.8766447,pub,,,,,,,,Əliyar Əliyev,,
n1811924362,node,Panorama,40.3541004,49.8206859,pub,,Mo-Su 10:00-02:00,+994776225454,,,,,Massiv 2 \ Küçə 3,,
w515869105,way,Paulaner Baku,40.3810603,49.8795165,pub,,,,,,,,Nobel prospekti,25B,
n5876368290,node,Pivnuska Pub,40.3795135,49.8574282,pub,,,,,,,,,,
n3175323561,node,Pivə NZS,40.4178226,49.8119232,pub,,,,,,,,Hüseyn Seyidzadə,,
n5115604362,node,Pub 100 - Port Baku,40.3768997,49.8659506,pub,,,,,,,,Yusif Səfərov küç.,,
n12850810184,node,Respawn Pub & Bar,40.3704391,49.8393685,pub,regional;diner,17:00-03:00,+994509695181,https://instagram.com/respawn.pub.baku,,,isolated,Yusif Məmmədəliyev küçəsi,15A,
w153885408,way,Respawn Pub & Bar,40.370439,49.8393262,pub,diner;regional,17:00-03:00,+994509695181,https://www.instagram.com/respawn.pub.baku/,,,isolated,Yusif Məmmədəliyev,15A,
n4739927781,node,Retro Pub,40.415222,49.8368036,pub,,,,,,,,Əcəmi Naxçivani,35,
n1900050399,node,Rock House Pub,40.3745392,49.8416957,pub,,,,,,,yes,,,
n3521472763,node,Rockfeller,40.3800798,49.844745,pub,,,,,,,,,,
n13734076400,node,Saat Restro pub,40.3793592,49.8054551,pub,,,,,,no,,,,
n4394120989,node,Saloon,40.4190491,49.839218,pub,,,,,,,,,,
n4479749001,node,Scalini's Lounge Billiards,40.3863245,49.826226,pub,,Mo-Su 12:00-24:00,,,,,,,,
n1896641388,node,Secrets Pub,40.3746123,49.8395072,pub,,,,,,,,,,
n6547188612,node,Secrets Pub,40.4156789,49.8377676,pub,,Mo-Su 09:00-00:00,,,,,,,,
n1808532684,node,Shamrock Pub,40.3701316,49.8388343,pub,,,"+994 50 370 75 55, +994 55 875 02 22",,,,,,,
n1865880658,node,Shooter's Pub,40.371086,49.838829,pub,,,,,,,,,,
n4857093823,node,Shtab pub,40.4047256,49.8765487,pub,,,,,,,,,,
n5764708154,node,Terrase Pub,40.426574,49.8441388,pub,fish;fish_and_chips;seafood;ice_cream;moroccan;burger;coffee_shop;kebab;friture;pizza;russian;sandwich;hot_dog;chicken;tea,Mo-Su 10:00-04:00,,,,,,Süleyman Sani Axundov küçəsi,,
n8598765529,node,The Proper Pub,40.3931805,49.8099754,pub,,,,,limited,,,,,
n4321670507,node,Time,40.3788248,49.8605965,pub,,,,,,,,,,
n3298149457,node,Tortuga,40.370041,49.8379536,pub,,,,,,,,Tərlan Əliyarbəyov,,
n6820554448,node,Trafford Pub&Restaurant,40.4048653,49.8489532,pub,,,+994516665511,,,,,Atatürk prospekti,59,
n1469182853,node,William Shakespeare,40.3689971,49.8385767,pub,,Mo-Tu 11:00-01:00; We-Th 11:00-02:00; Fr-Sa-11:00-03:00; Su 11:00-02:00,,,,,,Əbdülkərim Əlizadə küçəsi,6A,
n3042961336,node,Zaqatala kafesi,40.4206093,49.8424455,pub,,,,,,,,,,
n1896666879,node,Üç ayı,40.3726921,49.838747,pub,,,,,,,,,,
n4865143221,node,Şerif pub,40.4046726,49.8765942,pub,,,,,,,,Əliyar Əliyev,,
n2048515792,node,Чайхана Достлар,40.4210067,49.8137149,pub,,,,,,,,,,
n5136633523,node,"""Qabirga"" kebab evi",40.3838512,49.8159326,restaurant,kebab,Mo-Su 09:00-00:00,+994702154142,https://m.facebook.com/qabirgakebab/,,,,Akademik Şəfaət Mehdiyev,,
n4231757897,node,"""Qabırğa"" Restoranı",40.4065102,49.8706482,restaurant,,,,,,,,Fətəli Xan Xoyski küç.,,
n11156852554,node,101 Restaurant & Lounge,40.3798763,49.8118329,restaurant,,Mo-Su 09:00-02:00,,,,,,Əbdürrəhim bəy Haqverdiyev küç.,2,
n7993298085,node,114 Group Tea & Lounge,40.41281,49.8711479,restaurant,european,24/7,,,,,,Əliyar Əliyev,,
n9906539113,node,13-cü Restoran,40.3544108,49.8078811,restaurant,,,,,,,,,,
n2896540654,node,151 Restoran-Bar,40.4073676,49.8687026,restaurant,,,,,,,,,,
n11881148541,node,5-mərtəbə,40.3858222,49.8294002,restaurant,,,,,,,,,,
n2134527303,node,6-cı Paralel QastroPub,40.3831538,49.8248625,restaurant,regional;international;kebab;seafood;steak_house,Mo-Su 12:00-02:00,+994702250606,,,,,Məhəmməd Naxçıvani küçəsi,5d,
n12235036901,node,7 Gözəl Restoran,40.3670621,49.829815,restaurant,,"Mo-We 10:00-23:59,
Th-Su 09:00-23:59",+994 12 505 02 03,,,,,Bünyad Sərdarov küçəsi,3,
n6793965239,node,7/40,40.3758378,49.8410826,restaurant,,,,,,,,Səməd Vurğun küçəsi,25,
n13607731468,node,75 Restaurant,40.3806525,49.8156497,restaurant,,Mo-Su 09:00-21:00,+99450 232 75 75,,,,,Şəfaət Mehdiyev küçəsi,75,
n4483787093,node,AEF Restoran,40.3401068,49.8073842,restaurant,,,,,,no,,Əziz Nəzərov küçəsi,,
n8872979164,node,Abrakadabra,40.3737667,49.8502017,restaurant,,,+994 50 777 0440,https://www.abrakadabra.az/,,,,Azadlıq prospekti,3,
n10961904194,node,Abrau-Durso WIne & Food Baku,40.3721297,49.8380321,restaurant,international,Mo-Su 12:00-00:00,+994105111870,,,,,Nizami küç.,48,
n11749193429,node,Adana Lahmacun,40.4201687,49.8184528,restaurant,turkish,,,,,,,Cavadxan küç.,32/45,
n13686700018,node,Albuhara Baku,40.4092314,49.859132,restaurant,aze;regional,Mo-Su 09:00-03:00,0506501010,https://albuhara.az/,,,,Aşıq Molla Cümə Küçəsi 44b,,
n10968998990,node,Alfa Garden Restaurant,40.3822535,49.8794633,restaurant,,,,,,,,Xəqani Rüstəmov küçəsi,9D 1210-ci məhəllə,
n2943380003,node,Alsu Restoranı \ Gənclik,40.4000448,49.8544567,restaurant,,,,,,,,,,
w193388925,way,Altun,40.4177269,49.8120353,restaurant,barbecue;beef_bowl;breakfast;burger;cake;chicken;coffee_shop,Mo-Su 09:00-22:00,,,,,,Hüseyn Seyidzadə,35,
w520498219,way,Amor Şadlıq Sarayı,40.425247,49.8517687,restaurant,,,,,,,,Süleyman Sani Axundov küçəsi,,
n4426033309,node,Anadolu,40.3757114,49.8536395,restaurant,regional;kebab;turkish;pizza;burger;sandwich;french,24/7,+994 12 944;+994 12 4980102;+994 50 4980102,https://anadolu.az,,yes,,Puşkin küç.,5,
n2990822322,node,Anar Kafe,40.4114883,49.8041208,restaurant,,,,,,,,,,
w196537207,way,Anar Şadlıq Sarayı,40.4245742,49.8236765,restaurant,,,,,,,,,,
n3042960116,node,Aqora restoranı,40.4228493,49.8395507,restaurant,,,,,,,,,,
n4958234324,node,Art Garden Restoran,40.3650657,49.8357144,restaurant,,,,,,,,,,
n4974484121,node,Atelier Vivanda,40.3756806,49.861406,restaurant,,,,,,,,,,
n4966708522,node,Atlantis Restoran,40.4024399,49.806002,restaurant,,,,,,,,,,
w376247134,way,Atlantis Şadlıq Sarayı,40.4026165,49.8060663,restaurant,,,,,,,,,,
n4958329722,node,Avropa Mətbəxi (OVÇULAR),40.4058909,49.8756713,restaurant,,,,,,,,,,
n10299354475,node,Avto Retro Klub Restoran,40.4363158,49.8016128,restaurant,,,,,,,,,,
n4483423793,node,Ayli gece,40.3996752,49.8012069,restaurant,,,,,,no,,,,
n10082719672,node,Aynabənd Restaurant,40.4063803,49.8757872,restaurant,,Mo-Su 09:00-00:00,,,,,,Əliyar Əliyev,26,
n4494669090,node,Azeri Evi,40.3823661,49.8665757,restaurant,,,,,,,,,,
n9915434727,node,Azəri Mərasim Zalı / 4-cü mkr.,40.4130243,49.8086026,restaurant,,,,,,,,,,
n3042960120,node,Azəri restoranı,40.4209386,49.8458932,restaurant,,,,,,,,,,
w287043382,way,Ağ Saray Şadlıq Evi,40.4369519,49.809272,restaurant,,,(+99412) 401-33-00,,,,,Asəf Zeynallı,,
n11227905042,node,Ağ Çiçəyim Şadlıq Sarayı \ İnşaatçılar,40.3917452,49.8021734,restaurant,,,,,,,,,,
n6387211590,node,Babək Mərasim Evi \ UPD,40.3892949,49.8990846,restaurant,,,,,,,,,,
n13189421684,node,Badam Lounge by Hollywood,40.3812831,49.8422745,restaurant,salad;burger;sandwich;juice;steak;pizza;teahouse;dessert;i̇çecek;fruit;coffee_shop;vodka;wine;tequila;beer;tea,Mo-Su 10:00-06:00,+994504021272,,,,,Salatın Əsgərova küçəsi,146,
n1812285477,node,Badi Səba Şadlıq Sarayı,40.4052688,49.8063282,restaurant,,,(+99412) 431-07-43,,,,,,,
n12347911772,node,Baklava Sweet House,40.3676312,49.8335289,restaurant,,,,,,,,,,
n9395237695,node,Baku Music Hall \ Əhməd Rəcəbli küç.,40.4167533,49.8576334,restaurant,,,,,,,,,,
n4517244991,node,Baku-Tbilisi Restoranı,40.3883333,49.8294004,restaurant,georgian,Mo-Su 15:00-23:00,+994125965204,,,,,,,
n3330676593,node,Bakı Gecələri,40.341163,49.8311603,restaurant,regional,,,,,,,Gülbala Əliyev,,
n9715664751,node,Bakı Restoranı \ Şəhriyar Parkı,40.391784,49.8560992,restaurant,,,,,,,,,,
n12293790201,node,Balagan,40.3767163,49.8552223,restaurant,,,,https://balagan.az,,,,Xaqani küçəsi,103,
n9746943448,node,Ballı Şadlıq Sarayı,40.4211089,49.8513114,restaurant,,,,,,,,,,
n11005354440,node,Balıqçı,40.3800648,49.8144041,restaurant,seafood;fish,Mo-Su 10:00-00:00,+994 50 205 00 47,https://www.instagram.com/baliqcirestaurantbaku/,,,,Əbdürrəhim bəy Haqverdiyev küç.,"56G, 56F",
n4303016323,node,Barin,40.3754046,49.8408384,restaurant,russian,,,,,,,,,
w372020883,way,Basilic Baku,40.3716232,49.8180471,restaurant,regional,Mo-Sa 08:00-01:30,,,,,,Ələsgər Ələkbərov küçəsi,15C,
n6128987295,node,Bağçalı Saray Reatoran,40.4207013,49.8470612,restaurant,,,,,,,,Cəfər Xəndan küçəsi,23C,
w1060669985,way,Bağçasaray Şadlıq Sarayı Bakı,40.4201941,49.8478983,restaurant,,,,,,,,Cəfər Xəndan küçəsi,23C,
n8831289796,node,Başkent Restoran,40.4065314,49.8133923,restaurant,turkish,,,https://bashkent.az/,,,,Cavadxan küçəsi,,
n4102409595,node,Beer Hall,40.3839142,49.8221709,restaurant,russian;kebab;international;fish_and_chips;fish;coffee_shop;bavarian;barbecue,Mo-Su 12:00-00:00,0125384727 0502273010,,,,,Abdulla Şaiq,241,
n5469300921,node,Beer Hall,40.3452235,49.8409261,restaurant,,,,,,,,,,
n11879472250,node,Beer Kodeh,40.38211,49.8241223,restaurant,,,,,no,,,,,
n11879112850,node,Best Place,40.3670872,49.8362919,restaurant,,,,,,,,,,
n12015597369,node,Beyaz Restoran,40.4054364,49.8358087,restaurant,local,Mo-Su 09:00-00:00,+994509945740,,,,,Azadlıq prospekti,149,
n11764252779,node,Big Chefs,40.3578035,49.8374311,restaurant,,,,,,,,,,
n12405393304,node,Bihter Baku,40.408028,49.8608597,restaurant,,Mo-Su 19:00-01:00,,,,,,Damcılı küç.,,
n12492425401,node,Bombay Masala (West Shine Hotel),40.4092948,49.861527,restaurant,,,,,,,,,,
n9823340875,node,Bomond Restoran Baku,40.3691035,49.8370676,restaurant,,,,,,,,,,
n11879170197,node,Borani,40.376312,49.8317604,restaurant,,Mo-Su 09:00-23:00,,,,yes,,,,
n4321297489,node,Boğaziçi Restoran,40.3722256,49.8449417,restaurant,turkish,,,,,,,Üzeyir Hacıbəyov,44a,
n11879472255,node,Bukhari Georgian Restaurant,40.3818034,49.8243016,restaurant,georgian,,,,no,yes,,,,
n1808672464,node,Bulaq,40.4192107,49.8037287,restaurant,,,,,,,,,,
n3270068761,node,Bulud,40.3933146,49.8655734,restaurant,,,,,,,,,,
n4350863453,node,Buona Sera,40.3722683,49.8385046,restaurant,local;italian_pizza;burger,,0124982324,https://m.facebook.com/Buona-Sera-213483482393739/,,,,Nizami küçəsi,64,
n5064421585,node,Buğda Restoranı,40.4177123,49.8217622,restaurant,,,,,no,,,,,
n6881204285,node,Böyük Manqal,40.3673171,49.8371804,restaurant,,,,,,,,,,
n4490217790,node,Büyükfirat,40.3755526,49.8139518,restaurant,,,,,,,,,,
n11999344598,node,CHICORY,40.3828794,49.8237942,restaurant,,,,https://www.instagram.com/chicory.azerbaijan/,,,,,,
n12073569569,node,Cadde By Tavuk Pilav,40.397705,49.8718536,restaurant,kebab;local,Mo-Su 10:00-22:00,+994552999679,,,,,Aşıq Molla Cumə,1A,
n4976750321,node,Cantinetta Antinori,40.3645214,49.8357742,restaurant,italian,,+994 12 497 56 46,http://cantinettaantinori.az/,,,,Neftçilər prospekti,87,
w279935618,way,Chinar Restaurant,40.3605298,49.8329181,restaurant,asian,,,,,,,Şövkət Ələkbərova küç.,1,
n11760387617,node,Choco Port,40.3719999,49.8435044,restaurant,,,+994 12 493 96 20,http://chocoportmenu.tilda.ws/,,,,Üzeyir Hacıbəyov küçəsi,27a,
n4427697889,node,Cizz-Bizz,40.3683389,49.8350753,restaurant,,,,,,,,Kiçik Qala,118,
n12197769064,node,Cloud,40.3763512,49.8536349,restaurant,coffee_shop,24/7,,,,,,Puşkin küçəsi,8a,
n6595783386,node,Cook Shop Cafe,40.3677494,49.837899,restaurant,,,,,,,,Əziz Əliyev küçəsi,,
n7508490424,node,Cratos Hall Restoran,40.4255891,49.8451246,restaurant,,,,,,,,,,
n6556095049,node,CrazzyBear,40.3750811,49.8401528,restaurant,,,050 250 80 50,https://facebook.com/crazzybear.az,,,,Bəşir Səfəroğlu,170,
w287276592,way,Cıdır Düzü,40.4256179,49.8498155,restaurant,,,,,,,,,,
n2943366365,node,Cənnət Gəncə,40.3963741,49.8547943,restaurant,,,,,,,,,,
n3042960122,node,Cənnət Məkan,40.4215276,49.8464812,restaurant,,,,,,,,,,
n5168088132,node,Dafne,40.373733,49.8426734,restaurant,,,,,,,,,,
n1808547606,node,Dalida,40.3717723,49.8376813,restaurant,,,,,,,,,,
n7204262485,node,Dalğa Şadlıq Sarayı \ 1 mkr.,40.4078154,49.8092249,restaurant,,,,,,,,,,
n6406826702,node,Daş dövrü restorani,40.3773688,49.8097353,restaurant,,,,,,,,Şəhriyar,28,
n10694500835,node,Dejavu by Pivbar,40.3966528,49.8250535,restaurant,pizza;burger,24/7,+994554490001,,,,,Həsən Əliyev küçəsi,,
n11764252782,node,Dinehall,40.3582889,49.8380634,restaurant,,,,,,,,,,
w1149384647,way,Diva Şadlıq Sarayı,40.4076825,49.8628013,restaurant,,,,,,,,Albert Aqarunov,,
n11536512376,node,Dodo Pizza,40.4014292,49.8703456,restaurant,pizza;coffee_shop;sandwich;burger;pasta,Mo-Su 10:00-22:00,,https://dodopizza.az/,,,,Mirzəbala Məmmədzadə,73,
n5477696124,node,Dolce Vita Kafe,40.3686053,49.837186,restaurant,italian_pizza;italian,24/7,050 273 99 19,https://m.facebook.com/dolcevitabaku,,,,Əziz Əliyev küçəsi,19,
n4973606423,node,Dolma Restaurant Baku,40.3698957,49.8369615,restaurant,,,,,,,,,,
n11751465839,node,Donerci Sadik Usta (DSU),40.4239099,49.8226938,restaurant,turkish,,,,,,,,,
n4836451924,node,Dostlar Kafe,40.4001507,49.8709435,restaurant,,,,,,,,,,
n9758172126,node,Dostluq Restoran,40.4261911,49.892588,restaurant,,,,,,,,,,
n9755709425,node,Dərnəgül Mərasim Evi,40.427355,49.8890018,restaurant,,,,,,,,,,
n12137269014,node,EVA,40.3785941,49.8617376,restaurant,greek,Mo-Su 12:00-24:00,+994104150007,https://eva-rest.com/,,,,Nizami küç.,118,
n11079179784,node,El Piano Restoran,40.3798803,49.8068914,restaurant,,,,,,,,,,
n1865708715,node,Elephant,40.3696557,49.8376486,restaurant,european,Mo-Su 13:00-00:00,+994 (12) 498-87-52,,,,,,,
n3254778979,node,Eleven Restaurant & Lounge,40.3714435,49.8487046,restaurant,asian,Mo-Su 18:00-24:00,+994515100011,https://facebook.com/elevenbaku,,,,Azadlıq,1,
n12130823301,node,Els Book Cafe,40.3642828,49.8348509,restaurant,,Mo-Su 11:00-23:30,+994 881 91 03,,,no,,Vəli Məmmədov küçəsi,,
n3215766235,node,Elvet Steakhouse,40.3969514,49.8703769,restaurant,international,,,,,,,,,
n4861354127,node,Emiland,40.3792601,49.8680749,restaurant,,,+994 50 888 88 98,https://emiland.az/,,,,Fəzail Bayramov küçəsi,,
n4812004947,node,Emiland Boutique,40.3802358,49.8677662,restaurant,,12:00-02:00,+994508888818,https://emiland.com/,,,,Sabit Orucov küçəsi,61,
n4548563656,node,Evdə,40.3756884,49.8410701,restaurant,georgian,Mo-Su 12:00-23:00,,https://beat.az/,,,,Səməd Vurğun,25,
n4328295610,node,Fayton Resturant,40.376747,49.8452096,restaurant,,,,,,,,,,
n4564208989,node,Filiz Palace,40.3697998,49.8071189,restaurant,,,,,,,,,,
n6593489491,node,Fillet Steakhouse,40.3745211,49.8589381,restaurant,steak_house,,+994502222770,,,,,Neftçilər Prospekti,145,
n3386656570,node,Firuzə,40.3704913,49.8377065,restaurant,mexican;local;regional;pizza,Mo-Sa 11:00-02:00; Su 11:00-00:00,+994124939634,,,,separated,Nizami küç.,14,
n3042880045,node,Fish Home,40.4189061,49.8390378,restaurant,,,,,,,,,,
n8513574217,node,Fisincan,40.4001984,49.8388155,restaurant,,Mo-Su 09:00-00:00,,,,,,Həsən Əliyev küçəsi,82,
n4214350599,node,Flo Tu Dar Es Salam,40.3883879,49.8296361,restaurant,,,,,,,,"A. Nasibov, 5",,
n3909308974,node,Fərid Palace Şadlıq Sarayı,40.4155594,49.846359,restaurant,,,,,,,,,,
n4920456723,node,Garden Restutant,40.4089616,49.8478151,restaurant,,,,,,,,,,
n11881172490,node,Genatsvale,40.3879209,49.8370158,restaurant,georgian,,,,,,,,,
n2943366366,node,Gilavar Restoranı,40.3962823,49.8557019,restaurant,,,,,,,,,,
n4207694809,node,Gold Baku Şadlıq Sarayı,40.4057822,49.8144536,restaurant,,,,,,,,,,
n4512641392,node,Gold Saray Şadlıq Evi,40.3404089,49.810194,restaurant,,,,,,,,Badamdar şossesi,,
n11758459554,node,Golden Rose Lounge,40.4171942,49.8229843,restaurant,,,,,,,,Mirmahmud Kazımovski küçəsi,,
n5750380333,node,Good Mood Cafetaria,40.3953507,49.8341373,restaurant,,,,,,,,Səməd Vurğun küçəsi,,
n3175253161,node,Goranboy Kafesi,40.4190825,49.8121915,restaurant,,,,,,,yes,,,
n4428002490,node,Grace Terrace - Qreys Teras,40.349509,49.8352819,restaurant,,,0124913871,,,,,,,
n3536048300,node,Gunaydin Steakhouse \ Baku,40.3922233,49.8635904,restaurant,korean;sushi;steak_house;fish;soba;turkish;tea,Mo-Su 10:00-23:00,,,,,,Şah İsmayıl Xətai pr.,51,
n5110144021,node,Göy Göl Kafe,40.396174,49.841907,restaurant,,,,,,,,Mirəli Qaşqay,,
n2990822324,node,Göyəzən,40.4116557,49.803483,restaurant,,,,,,,,,,
n9919992437,node,Gülüstan Sarayı,40.3585897,49.8320344,restaurant,,,,,,,,,,
n4575923590,node,"Gülüstan Şadlıq Sarayı, Yeni Yasamal",40.3992928,49.7967459,restaurant,,,,,,,,Dadaş Bünyadzadə,,
w376080618,way,"Gülüstan Şadlıq Sarayı, Yeni Yasamal",40.3991778,49.7968154,restaurant,,,,,,,,Dadaş Bünyadzadə,,
w299017217,way,Günaydın Restaurant & Steakhouse,40.3922606,49.8636483,restaurant,,,,,,,,Şah İsmayıl Xətai pr.,51,
n11336744271,node,Günəş Şadlıq Sarayı,40.4014072,49.878501,restaurant,,,,,,,,Heydər Əliyev pr.,,
n4427912225,node,Gürcü Xörәklәri,40.3461085,49.8381574,restaurant,georgian,,,,,,,,,
n3966900775,node,Hadisə Yeri Kafe,40.3944562,49.8715283,restaurant,,,,,,,,Ismayil Hidayetzade,,
n4162648690,node,Hanimeli,40.3656076,49.8364884,restaurant,local,,,,,,,Asəf Zeynallı,,
n4409198089,node,Hayat Kabab,40.3791803,49.8696799,restaurant,deli;kebab;fine_dining;tea;grill;regional;diner,Mo-Su 12:00-01:00,+994503023595,,,,,,,
n7048495485,node,Hayat Şadlıq Sarayı \ Dərnəgül,40.4171609,49.8429372,restaurant,,,,,,,,,,
n9773585541,node,High Boost Restoran,40.3881395,49.8684829,restaurant,,,,,,,,,,
n4512306333,node,Hollywood Cinema Restoranı,40.3424372,49.8102003,restaurant,,,055 849 49 49,,,,,Badamdar şossesi,,
n4546991193,node,Hollywood Şadlıq Sarayı,40.4272821,49.8398714,restaurant,,,,http://shadliq.az/restaurant/hollywood-sadliq-sarayi/,,,,Azadlıq pr.,,
n3455328610,node,House Cafe,40.3749849,49.8605434,restaurant,international,,,,,,,,,
n4494655991,node,II Beer,40.3778528,49.8686899,restaurant,,,,,,,,,,
n1828798157,node,IL Patio - Planet Sushi,40.3705545,49.8377024,restaurant,italian;japanese,,,,,,separated,,,
n1896641382,node,Ibrahim kebab,40.3740073,49.83811,restaurant,barbecue,,,,,no,,,,
n1896666813,node,Imereti,40.3729679,49.8383196,restaurant,,,,,,,,Rəsul Rza küçəsi,31,
n3536037249,node,Jasmin Çin Restoranı,40.3869022,49.8291906,restaurant,chinese,,,,,,,,,
n9556641942,node,Kaman Restoran Bakı,40.4070649,49.8117978,restaurant,,,,,,,,,,
n5372869647,node,Karona Restoran & Cafe,40.3851423,49.8085383,restaurant,,,,,,,,,,
n8598872791,node,Karvan Şadlıq Sarayı,40.3952134,49.813005,restaurant,,,,,,,,,,
n3034051289,node,Karvansara Restaurant (Buxara side),40.3666923,49.8369908,restaurant,,,,,,,,,,
n3034448214,node,Karvansara Restaurant (Multani side),40.3668872,49.8372898,restaurant,,,,,,,,,,
n6578043204,node,Kavkasioni - Georgian Restaurant,40.3771603,49.8457066,restaurant,,,,,,,,,,
n10228081315,node,Kavun Baku,40.3839059,49.8714109,restaurant,,08:30-23:30,+994 50 414 10 66,,,,,Süleyman Vəzirov küçəsi,22,
n5888843970,node,Kehriz Restoran,40.4011887,49.8450324,restaurant,,,,,,,,Həsən Əliyev,82 F,
n1893375801,node,Khachapuri House,40.3728625,49.834774,restaurant,georgian,,,,,,,,,
w360220304,way,Kiçik Venesiya Restoran,40.361261,49.8357537,restaurant,italian,24/7,050 227 30 90,,,,,,,
w285892546,way,Kolizey,40.3893708,49.8705394,restaurant,,,,,,,,Babek highway,25,
n4730391792,node,Kolizey Restoran - Babək pr.,40.389454,49.8740813,restaurant,,,,,,,,,,
n11749183224,node,Komagene,40.4199216,49.8182898,restaurant,turkish,Mo-Su 11:00-23:30,+994552994049,https://www.komagene.com.tr,,,,Cavadxan küç.,4a,
n11749802752,node,Komagene,40.3988801,49.8593571,restaurant,turkish,Mo-Su 11:00-02:00,+994709444400,https://www.instagram.com/komagene_ganjlik/,,,,Koroğlu Rəhimov küç.,22,
w311618494,way,Konak Lahmacun,40.4183132,49.8116907,restaurant,pizza;kebab,,,,,,,Hüseyn Seyidzadə küçəsi,32,
n9746943424,node,Konak Restoran,40.4203126,49.8536235,restaurant,,,,,,,,,,
n1888396587,node,Kono Pizza,40.375906,49.8462198,restaurant,pizza,,,,,,,28 May,14,
n1360861885,node,Koreana(한국관),40.4009749,49.834873,restaurant,korean,,,,,,,,,
n4494662497,node,Korear,40.3818731,49.872711,restaurant,,,,,,,,,,
n2895320349,node,Kral Kafe,40.398348,49.873608,restaurant,,,,,,,,,,
w271381932,way,Kral Şadlıq Sarayı,40.4008806,49.8445972,restaurant,,,,,,,,Həsən Əliyev,82,
n13643666101,node,Kubart,40.3830827,49.8322946,restaurant,local,Mo-Su 10:00-01:00,+994502111910,,,,,Sübhi Salayev küç.,29-39,
n4836451923,node,Kuze restoran,40.4112695,49.8712676,restaurant,,,,,,,,,,
w1061504894,way,Körpü Restoranı Çermet,40.421622,49.8695673,restaurant,,,,,,,,,,
n4439320989,node,Künefe Kafe,40.3695099,49.8368896,restaurant,,,,,,,,,,
n4483443289,node,Kür,40.3995266,49.8011951,restaurant,,,,,,no,,,,
n6003307185,node,Kür Restoranı,40.4224723,49.809701,restaurant,breakfast;chicken;coffee_shop;fish;fish_and_chips;kebab,Mo-Su 09:00-00:00,+994773434443,,,,,Adil Məmmədov,,
n9920053643,node,Kürəm Restoran,40.3498158,49.8350734,restaurant,,,,,,,,,,
n9758172133,node,Kəhraba Restoran,40.4273397,49.8910765,restaurant,,,,,,,,,,
w300208144,way,Kəmalə Nərmin şadlıq evi,40.4257784,49.8469404,restaurant,regional,,,,,,,Şövkət Məmmədova küçəsi,,
n8960473718,node,Kəndimiz Restoranı,40.3944903,49.855457,restaurant,,,,,,,,,,
n5730385121,node,Kәnd Qәbәlә Restoran,40.4262085,49.848392,restaurant,barbecue;buschenschank;chicken;deli;grill;kebab,,,,,,,Süleyman Sani Axundov küç.,,
r17531253,relation,La Kuku Baku,40.3653152,49.8316115,restaurant,azerbaijani;european,Mo-Su 09:00-23:30,+994705650178,,,,,İstiqlaliyyət küçəsi,,
n12516661701,node,La Quzu,40.3677663,49.8363666,restaurant,local;azerbaijani,Su-Th 08:00-00:00; Fr-Sa 08:00-02:00,+994 50 695 93 35,https://cafecity.az/ru/restaurant/laquzu,,,,Böyük Qala küçəsi,41,
n3037003781,node,Laləndə Xeyir Şər Evi,40.4050244,49.8504516,restaurant,,,,,,,,,,
n9900653230,node,Lamiraj Restoran,40.347786,49.8366532,restaurant,,,,,,,,,,
w194825456,way,Leyla Şadlıq Sarayı \ Şamaxinka,40.4141313,49.8040853,restaurant,,,,,,,,,,
n9747227842,node,Lido Restoran,40.4183287,49.8455112,restaurant,,,,,,,,,,
n4370204854,node,Limon,40.4185747,49.8173349,restaurant,,,,,,,,,,
n13226883154,node,Liora Luxury Hall,40.4226763,49.8349541,restaurant,regional,Mo-Su 09:00-21:00,,,,,,Məsud Davudoğlu küçəsi,17,
w430458638,way,Liora Luxury Hall,40.422572,49.8349872,restaurant,,,,,,,,Məsud Davudoğlu,,
n7564185910,node,Lodge,40.3823576,49.8107243,restaurant,,,,,,,,,,
n3536032500,node,London,40.3675736,49.8301975,restaurant,,,,,,no,,,,
w971028629,way,Love in Ferma,40.3629521,49.8361903,restaurant,burger;sandwich;pizza;coffee_shop,11:00-00:00,+994 51 444 52 22,,,,,Neftçilər Prospekti,,
n9903716413,node,Lənkəran Süfrəsi,40.3430958,49.8106213,restaurant,,,,,,,,,,
w376244802,way,Ləvəngi Restoranı - 20 Yanvar,40.4052821,49.8040741,restaurant,,,,,,,,,,
n5078923915,node,"Ləziz Ailəvi Restoran, Yeni Yasamal",40.3922351,49.7909978,restaurant,,,,,,,,Əsəd Əhmədov küçəsi,,
n4335582089,node,M'eat Steak House,40.3757681,49.8411121,restaurant,steak_house,Mo-Su 12:00-00:00,+994123101919,https://beat.az/,,,,Səməd Vurğun,25,
n5840357560,node,MALACANNES,40.370989,49.8400533,restaurant,burger;regional;pizza;italian;coffee_shop;hookah,,,,,no,dedicated,Rəsul Rza küçəsi,11,
n6834294286,node,MEATADORE,40.3697514,49.8392862,restaurant,burger;hotdog,Mo-Th 12:00-00:00; Fr-Su 12:00-02:00,+99450 770 99 66,,,,,,6A,
n2041604160,node,MTN-nin Nəsimi Rayon Şöbəsi,40.3777942,49.845887,restaurant,,,,,,,,Süleyman Rüstəm,,
n9702899503,node,Madison Baku,40.3710498,49.8399839,restaurant,,,,,,,,Rəsul Rza küçəsi,11,
n1875470444,node,Mado,40.3724913,49.8404432,restaurant,,,,,,,yes,,,
n4209639189,node,Mado,40.3719629,49.8384999,restaurant,,,,,,,outside,,,
w148313077,way,Mado Kafe,40.4026186,49.8693951,restaurant,,,,,,,,Təbriz küç.,179,
n4535844613,node,Mado Restoran,40.3841691,49.8231236,restaurant,,,,,,,,,,
n13175369995,node,Magar Restaurant Baku,40.3512148,49.83243,restaurant,turkish,,+994998855888,https://www.instagram.com/magar.restaurant,,,,Ziya Yusifzadə küçəsi,11,
n1469182847,node,Maharaja,40.3689816,49.8386123,restaurant,indian,Mo-Tu 11:00-01:00; We-Th 11:00-02:00; Fr-Sa-11:00-03:00; Su 11:00-02:00,,,,,,Əbdülkərim Əlizadə küçəsi,6A,
n4483907093,node,Mama Can,40.3757203,49.8540563,restaurant,georgian,,,,,yes,,,,
n11863077470,node,Mama Nakormila,40.3771194,49.8568757,restaurant,ukrainian,Mo-Su 09:00-23:00,+994704931521,,,,,Xaqani küçəsi,123,
n4161263991,node,Mangal,40.3686898,49.8356592,restaurant,,,,,,,,Kiçik Qala,,
n4219814709,node,Mangal Steak House,40.3431321,49.8414163,restaurant,steak_house,Mo-Su 10:00-03:00,+994125051011,https://www.facebook.com/Mangal.Steak.House1,,,,Aydin Nasirov,3,
n5679199122,node,Manhattan Lounge & Rooms,40.4015503,49.8325049,restaurant,american,24/7,+994504009400,,,,,,,
n5980758366,node,Manipura Ethic Cafe & Bar,40.3850328,49.8279292,restaurant,,,,,,,,Qicik qala,,
n12215741003,node,Manolya Restaurant,40.3782049,49.8753057,restaurant,,09:30-00:00,+994503860700,https://www.instagram.com/manolya.restaurant/,,,,8 Noyabr prospekti,15,
n4798438021,node,Manqal Dönər,40.3954437,49.8398639,restaurant,,,,,,,,Akademik Mirəsədulla Mirqasımov küçəsi,,
n11879170189,node,Manqaliya,40.3729572,49.8328132,restaurant,,,,,,,,,,
n5916470297,node,Marani,40.3725831,49.8459215,restaurant,georgian,Mo-Su 11:00-23:00,+994 124 981 930,https://wolt.com/en/aze/baku/restaurant/marani,,,,Üzeyir Hacıbəyov küçəsi,26,
n4452275415,node,Mari Vanna Restoranı,40.3729566,49.8496137,restaurant,russian,Mo-Fr 12:00-00:00; Sa-Su 10:00-00:00,+994 12 404 9595,marivanna.az,,,,Zərifə Əliyeva küçəsi,93,
n7064657159,node,Masti,40.3751654,49.8826276,restaurant,lebanese;indian,,,,,,,,,
n9913353978,node,Mayak Restoran,40.347186,49.8370877,restaurant,,,,,,,,,,
n6000159085,node,Meat Garden,40.3922744,49.8091673,restaurant,steak_house,24/7,+994 51 908 55 55,https://www.fb.com/meatgardenbaku,,,,,,
n11883782694,node,Medalyon,40.3779823,49.8085919,restaurant,,,,,,,,,,
n8437632077,node,Mehle,40.38364,49.8388162,restaurant,chicken;kebab,Mo-Fr 12:00-02:00,+994 50 808 00 90,https://wolt.com/en/aze/baku/restaurant/mehle,,,,Səməd Vurğun küçəsi,110,
n1874081218,node,Merkez Lahmacun,40.371145,49.8380058,restaurant,,,,,,,,,,
n9823340877,node,Metropol 145 Baku,40.3689298,49.8371319,restaurant,,24/7,+994519000145,https://145group.com,,yes,,Əziz Əliyev küçəsi,29,
n11881991963,node,Mey Hanem Baku,40.421123,49.8516108,restaurant,turkish,,+994 51 397 73 75,,,,,Cəfər Xəndan küçəsi,Cəfər Xəndan 3097,
n10090512260,node,Mezzo Hyatt,40.3876921,49.824307,restaurant,,,,,,,,,,
n13333743382,node,Milk Bar Baku,40.3769061,49.8635146,restaurant,,,,,,,,Neftçilər pr.,153,
w196536800,way,Millenium Şadlıq Sarayı,40.4224894,49.8169309,restaurant,,,,,,,,Mir Cəlal,318,
n4425427789,node,Mixək Kafe \ Nizami metrosu,40.3796006,49.8315812,restaurant,,,,,,,,,,
n5079055319,node,Moko Rooms Restoranı,40.3842087,49.8275703,restaurant,,,,,,,,Bəsti Bağırova küç.,,
n5787166479,node,Mona Liza Kafe,40.4047065,49.8461032,restaurant,,,,,,,,Yusif Vəzir Çəmənzəminli,,
w447093317,way,Mona Liza Restoran,40.4099931,49.8656557,restaurant,,,,,,,,,,
n9906550630,node,Monolit Plaza Şadlıq Sarayı,40.35416,49.8066869,restaurant,,,,,,,,,,
n4944364822,node,Monte Karlo Şadlıq Sarayı,40.3901484,49.8968656,restaurant,,,,,,,,Babək pr.,,
w379875386,way,Monte Kristo,40.41737,49.8404443,restaurant,,,,,,,dedicated,Cəfər Xəndan küç.,,
n5717838921,node,Monte Napoleone,40.4051826,49.8378165,restaurant,,,,,,,,Məmməd Araz küçəsi,31,
n4427912219,node,Moon Crown - Mun Koun,40.3496153,49.8351925,restaurant,,,,,,,,,,
n11879170198,node,Moonlight,40.3651246,49.8324312,restaurant,,,,,,,,,,
n12137279463,node,More & More Baku,40.3786575,49.861692,restaurant,seafood;mediterranean,Su-Th 12:00-24:00; Fr-Sa 12:00-02:00,+994 10 415 00 07,https://moremore.az/,,,,Nizami küç.,118,
n4588489192,node,Movida Restoran,40.3758426,49.8613553,restaurant,,,,,,,,,,
n3034051293,node,Mugam Club Restaurant,40.3656572,49.8367287,restaurant,,Mo-Su 09:00-00:00,,https://www.instagram.com/mugamrestaurant/?hl=en,,,,,,
n9747227843,node,Mulin Ruj Restoran,40.4179652,49.8455635,restaurant,,,,,,,,,,
n12175560958,node,Muza,40.3845393,49.8807926,restaurant,,Mo-Su 12:00-24:00,,,,,,Mərkəzi Bulvar küçəsi,,
w1063385686,way,Muğam Restoran,40.4107605,49.8890984,restaurant,,,,,,,,,,
n4562417690,node,Mziuri Restoran \ Üç Tac,40.3860758,49.8083473,restaurant,georgian,Mo-Su 11:00-23:00,0125331900,,,,,"Зардаби Гасанбека 593/72, Три Короны",,
n4426101691,node,Mələk Şadlıq Sarayı,40.4271082,49.8382712,restaurant,,,,,,,,,,
n4162641689,node,Mənzərə Kafesi,40.3567525,49.830217,restaurant,,Mo-Su 09:00-00:00,,,,,,,,
n11329718719,node,Mərasim Zalı \ Topçubaşov klinikası,40.3968572,49.8032503,restaurant,,,,,,,,,,
n7011559885,node,Mərasim zalı,40.4075893,49.8736286,restaurant,,,,,,,,,,
n2943366367,node,Məxməri,40.3938303,49.8587884,restaurant,,,,,,,,,,
n11909316757,node,NUR Lounge Ağ Şəhər,40.382095,49.8893539,restaurant,pizza;coffee_shop;italian;sandwich;juice;dessert,Mo-Su 08:00-23:00,+994555153535,https://www.instagram.com/nurlounge,,,,2-ci fəvvarələr küçəsi,7,
n11883774968,node,Nanə,40.375549,49.8184577,restaurant,,,,,limited,yes,,,,
n2943380007,node,Nar Çiçəyi,40.3946691,49.8584546,restaurant,,,,,,,,Əbdüləzəl Dəmirçizadə küçəsi,22-26,
n4836451925,node,Narimanov pub,40.4003495,49.8689052,restaurant,,,,,,,,,,
n4387273536,node,Naxçıvan Restoranı,40.363699,49.8196241,restaurant,local;burger;regional,Mo-Su 12:00-00:00,+994 12 310 29 29,https://beat.az/en/restaurants/nakhchivan/,,,,Parlament prospekti,8a,
n1896641373,node,Nevizade Meyhane,40.3738008,49.839899,restaurant,,,,,,,,,,
n9590032047,node,New York Pizza Baku,40.405014,49.8595388,restaurant,pizza,,,,,,,Həsən Əliyev küçəsi,685,
n5986498991,node,Niaqara Restoran,40.376997,49.8421951,restaurant,,,,,,,,Səməd Vurğun küçəsi,45,
w148330160,way,Niaqara Şadlıq Sarayı,40.4007186,49.8314325,restaurant,,,,,,,,Səməd Vurğun küçəsi,,
w299018380,way,Nostalji,40.3956645,49.8718867,restaurant,,,,,,,,,,
n6688531986,node,Novbahar Kafe,40.4029271,49.8565569,restaurant,,,,,,,,Koroğlu Rəhimov küçəsi,3a,
n11014009305,node,Novikov Cafe,40.3680664,49.8383992,restaurant,,Mo-Fr 08:00-00:00; Sa-Su 09:00-00:00,+994 51 206 85 43;+994 12 525 00 04,https://novikovgroup.ru/restaurants/detail/novikov-cafe,no,,,Məhəmməd Əmin Rəsulzadə küçəsi,7,
n5857244685,node,Nuxa,40.3831373,49.8263473,restaurant,regional,Mo-Su 09:00-00:00,+994 50 400 66 11,,no,,,Məhəmməd Naxçıvani küç.,14,
n9828954395,node,Nəlbəki Restoranı,40.3691035,49.823682,restaurant,,,,,,,,,,
n9967260050,node,Nəlbəki Restoranı,40.3792163,49.8755405,restaurant,,,,,,,,,,
n9900590922,node,Oazis Restoran,40.3409856,49.8313746,restaurant,,,,,,,,,,
n4231813590,node,Ocakbaşı Resaurant,40.4043309,49.874512,restaurant,,,,,,,,Təbriz küç.,,
n9913353950,node,Ocaq Palace,40.3530955,49.8310688,restaurant,,,,,,,,,,
n13171757901,node,Odun Restoran \ Bineqedi,40.425488,49.843958,restaurant,chicken;fish;kebab;local;oriental,Mo-Su 10:30-00:00,+994502057541,,,yes,,Süleyman Sani Axundov küç.,66A,
n8374928977,node,Old Garden,40.3674084,49.8370186,restaurant,,,,,,,,,,
n11004089539,node,Oppa Baku Restoran,40.3745514,49.8238376,restaurant,,,+994998800888,,,,,Nəriman Nərimanov prospekti,,
n6924036580,node,Ordubad,40.4156846,49.8469211,restaurant,regional;Etno;Azərbaycan;milli;Avropa,Mo-Su 10:00-23:30,+994125619969;+994515619969,https://ordubadrestoran.az/,,,,Səttar Bəhlulzadə küçəsi,29,
n4494662492,node,Oregano,40.3817986,49.8670976,restaurant,,,,,,,,,,
n2943366368,node,Orman Restoranı,40.397236,49.8547616,restaurant,,,,,,,,,,
n8843256381,node,Osmanlı Dönər,40.4032649,49.8647051,restaurant,,,,,,,,,,
n11374561140,node,Osmanlı Çərəz,40.3771389,49.8050347,restaurant,international;galleta,Mo-Su 09:00-21:00,0706001900,www.instagram.com/osmanli_cerez/,,,,Abbas Mirzə Şərifzadə küçəsi,ev 58,
n4966708521,node,Otdıx,40.3823874,49.8622586,restaurant,azerbaijani;local,Mo-Su 11:00-23:00,+994 50 672 55 72,https://otdixrestoran.clopos.menu,,,,Həsən Salmani küçəsi,93,
n5031497522,node,Oğuzxan Restoranı,40.4255597,49.8461994,restaurant,,,+994125617464,,,,,Süleyman Sani Axundov küçəsi,84,
n2943366369,node,Pak Dad,40.3984514,49.8587447,restaurant,,,,,,,,Koroğlu Rəhimov küçəsi,13/1,
n4613333493,node,Palla Bliss \ Gənclik,40.4015522,49.8505003,restaurant,,,,,,,,Fətəli xan Xoyski küç.,,
n9967288046,node,Palmera Restaurant,40.4002508,49.7941318,restaurant,,,,,,,,,,
n9900653231,node,Panoramik Restoran,40.3477175,49.8370783,restaurant,,,,,,,,,,
n9725161875,node,Paradis Restoran Xutor,40.4088356,49.8238564,restaurant,,,,,,,,,,
n3536034119,node,Paris,40.3670537,49.8276083,restaurant,,,,,,,,,,
n4329713189,node,Paris Bistro,40.3679443,49.8382592,restaurant,french,24/7,(012) 404 82 15,https://parisbistro.az/en/about,,yes,,Zərifə Əliyeva küçəsi,1/4,
n4423542596,node,Pasifico,40.3696219,49.8457418,restaurant,,,,,,,,Neftçilər Prospekti,34a,
n5724653321,node,Passage 145,40.3719967,49.8386802,restaurant,regional,24/7,+99451 700 01 45,https://www.facebook.com/passage145/?ref=br_rs,,yes,yes,,,
n3455175195,node,Pauls Baku Restoran,40.3701826,49.8324638,restaurant,german;steak,,,,,,yes,,,
n4772434622,node,Pekin restoran,40.4105688,49.8687257,restaurant,,,,,,,,Yusif Vəzir Çəmənzəminli,,
n4580331189,node,Pencere,40.3855154,49.8221242,restaurant,,,,,,,,,,
n13240672701,node,Philadelphia Cheesesteaks,40.3854168,49.8242672,restaurant,sandwich;steak_house,Mo-Su 10:30-22:00,,,,,,İnşaatçılar prospekti,42,
n1863501026,node,Piano,40.3702142,49.8377511,restaurant,,,,,no,,yes,,,
n4781712409,node,Piano Şadlıq Sarayı,40.3910251,49.8901611,restaurant,,,+994502428454,https://shadliq.az/az/piano-sadliq-sarayi,,,,Babək prospekti,5A,
w300189860,way,Pink Haus Restoran,40.419278,49.8385856,restaurant,,,,,,,,,,
n3174396478,node,PitShop,40.4191466,49.8114254,restaurant,pizza,,,,,,,Mir Cəlal,,
n11764252778,node,Pizza Bruno,40.3577857,49.8372251,restaurant,pizza,,,,,,,,,
n2007655675,node,Pizza Gusto,40.3732454,49.840113,restaurant,pizza,,,,,,,,,
n11881148528,node,Pizza Hut,40.3846415,49.8288925,restaurant,pizza,,,,,,,,,
n4791817152,node,Pizza Hut Fəvvarələr Meydanı,40.3701621,49.8358206,restaurant,pizza,Mo-Su 09:00-23:00,,http://www.pizzahut.az,,,,Azərbaycan prospekti,2,
n9812873909,node,Pizza Locale,40.3678314,49.8380466,restaurant,,,,,,,,,,
n4479726842,node,Pizza Mizza,40.397513,49.8695086,restaurant,pizza,Mo-Su 11:00-23:00,,https://pizzamizza.az/,,,,,,
n9906550692,node,Poseydon Pullman,40.3546398,49.8046651,restaurant,,,,,,,,,,
n9744984662,node,Prins Saray,40.4134287,49.8367202,restaurant,,,,,,,,,,
n4787718942,node,Qabırğa Kabab,40.399323,49.8421015,restaurant,,,,,,,,,,
n9758172124,node,Qabırğz Restoran,40.4262708,49.8929367,restaurant,,,,,,,,,,
n5126078722,node,Qafqaz Restoranı \ Vorovski,40.4214651,49.8368285,restaurant,beef_bowl;chicken;kebab;local,Mo-Su 10:00-00:00,+994516528997,,,,,Məsud Davudoğlu,1Q,
n2943366370,node,Qarabağ Restoranı,40.3935769,49.8569443,restaurant,,,,,,,,,,
n4112303595,node,Qaraca İskəndər,40.3670141,49.8376484,restaurant,,,,,,,,,,
n6434248083,node,Qaynana,40.3686314,49.8359833,restaurant,,,,,,,,,,
n4161593989,node,Qazmaq,40.3685134,49.835393,restaurant,,,,,,,,,,
n6462928242,node,Qedim Berde,40.401828,49.8345329,restaurant,,,,,,,,,,
n3793844429,node,Qismət Şadlıq Sarayı,40.3947255,49.7902763,restaurant,,,,,,,,,,
n11883518362,node,Qonaq Ol,40.3764466,49.8358877,restaurant,,,,,,yes,,,,
n4580287293,node,Qorodok,40.3853413,49.8220201,restaurant,,,,,,,,,,
n4340817793,node,Qosha Qala Kafe,40.3911804,49.8469988,restaurant,kebab;local;pizza,,+994507908888,http://qoshaqala.az,,,,,,
n5201896831,node,Qoç Ət,40.3792153,49.8317423,restaurant,,,,,,,,,,
n11883782679,node,Qoç Ət,40.3756626,49.8155375,restaurant,,,,,,yes,,,,
n4602748291,node,Qoç Ət Restoranı,40.4059374,49.8726377,restaurant,,,,,,,,Faiq Yusifov,,
n5896090567,node,Qoşa Çinar Restoran \ Avtovağzal Biləcəri,40.4202029,49.7974565,restaurant,,,,,,yes,,,,
n9903716414,node,Qızıl Balıq,40.3429765,49.8106225,restaurant,,,,,,,,,,
w194306377,way,Qızıl Tac Şadlıq Evi,40.4128011,49.8086172,restaurant,,,,,,,,,,
n6488374546,node,Qəbələ Restoranı,40.4208985,49.8421557,restaurant,,,,,,,,,,
w379879184,way,Qəbələ Təndir Restoran,40.4165247,49.8461535,restaurant,,,,,,,,,,
n6723774112,node,Qəbələ Xanlar restoranı,40.3856501,49.8354985,restaurant,,,,,,,,,,
n3620067214,node,Qədim Qəbələ,40.3736976,49.8052205,restaurant,,,,,,,,Yasamal Şərifzadə,,
n10594711105,node,Qədim Qəbələ,40.3783573,49.8765543,restaurant,,,,,,,,8 Noyabr prospekti,14/1,
w378449054,way,Qədim Qəbələ Restoranı,40.4204033,49.8002896,restaurant,,,,,,,,Biləcəri dairəsi,,
w519348168,way,"Qədim Qəbələ Restoranı, 9 mkr.",40.4222861,49.8131651,restaurant,,,,,,,,Mirmahmud Kazımovski,,
n4162728789,node,Rast,40.3655228,49.8363484,restaurant,,,,,,,,Asəf Zeynallı,,
n9906550629,node,Reem Al Badavi,40.3541421,49.8065567,restaurant,,,,,,,,,,
w1061501158,way,Restoran / Azqranata,40.4203697,49.8646536,restaurant,,,,,,,,,,
n5078759783,node,Restoran 44 Club,40.3834591,49.8417824,restaurant,,,,,,,,Şövqiyar Abdullayev küçəsi,,
n11920552969,node,Restoran Dede,40.4354152,49.8398291,restaurant,local,,,,,,,Zahid Qəmbərov,35A,
n4344772810,node,Restoran HUQQA,40.4073023,49.8063904,restaurant,,,,,,,,,,
n3042961333,node,Retro Şam,40.4226611,49.8473237,restaurant,,,,,,,,,,
n8448217189,node,Reverse,40.4004223,49.8726499,restaurant,,,+994 50 8904104,,,,,Mirzəbala Məmmədzadə,8A,
n1873560526,node,Rimon Kosher Restaurant,40.3738425,49.8499597,restaurant,regional;asian;sushi;burger;pizza;chicken;international,24/7,+994553938394,,,,,Üzeyir Hacıbəyov,74,
n4427963296,node,Riviera Restoran,40.3500005,49.8350683,restaurant,,,,,,,,,,
n4941227057,node,Royal Şadlıq Sarayı,40.4366139,49.8448031,restaurant,,,,,,,,,,
n4857064322,node,Rubai restoran,40.4053939,49.8756589,restaurant,,,,,,,,,,
n4428000195,node,Ruby Restoranı,40.3512285,49.848002,restaurant,,Mo-Su 13:00-23:30,0776052525,,,,,,,
n10594157091,node,Rustaveli Restoran,40.4023956,49.8751024,restaurant,georgian,,,,,,,Nazim Hacıyev,20,
n3042961334,node,Röya şadlıq sarayı,40.4211904,49.8458831,restaurant,,,,,,,,,,
n8373625348,node,SB Sushi Bar,40.3826674,49.8250459,restaurant,sushi;japanese,Mo-Su 12:00-23:00,+994556363235,https://baku.sbsushibar.com/,,,,Mustafa Sübhi,202,
n5819268153,node,STAR Hall,40.3696462,49.8075013,restaurant,,,,,,,,,,
n5796257053,node,SUSHI,40.3682097,49.8302079,restaurant,sushi,,,https://bakenroll.az/,,no,,,,
n4629196997,node,Sahil Bar & Restaurant,40.3696829,49.845642,restaurant,local,,,https://www.sahilbaku.az/,,,,Neftçilər Prospekti,34a,
n4155951491,node,Sakura,40.3775213,49.8459995,restaurant,,,(012) 598 20 15,,,,,,,
n11751568669,node,Salam Baku Restoran,40.4055485,49.8673048,restaurant,,Mo-Su 09:30-02:00,+994506001166,,,,,Əhməd Rəcəbli küçəsi,16a,
n3610547624,node,Salam Əleyküm Restoranı,40.3814492,49.8765143,restaurant,,,,,,,,,,
n4820560721,node,Saperavi Gürcü Mətbəxi,40.3734972,49.8473836,restaurant,,,,,,,,,,
w174868552,way,Sapfir Süfrə,40.3715672,49.8406987,restaurant,,,"+994 (12) 598-21-72, +994 (50) 427-15-36",,,,,Xaqani küçəsi,1,
n4936607072,node,Saraclı Restoran,40.3971119,49.7911998,restaurant,,,,,,,,,,
n5306703121,node,Saraçlı,40.4191686,49.8183859,restaurant,georgian,Mo-Su 08:00-00:00,,,,,,Cavad Xan küç.,154b,
n1482504063,node,Scalini - Skalini,40.3862702,49.8252602,restaurant,italian,,,,,,,,,
n4483912191,node,Sea Port,40.3731856,49.856587,restaurant,,,,,,,,,,
n11300470986,node,Secret Garden White City,40.3810373,49.8929669,restaurant,,12:00-23:00,+994512775775,https://instagram.com/secret_garden_baku,,,,1-ci Şərq küçəsi,,
n4423743192,node,Sehirli Tendir,40.3686392,49.8354751,restaurant,,,,,,,,,,
n12344509015,node,Sharg,40.3873204,49.8554856,restaurant,,,,,,,,,,
n4316109190,node,Shwarmma,40.40115,49.8498064,restaurant,burger;chicken;sandwich;fish;fish_and_chips;kebab,,,,,,,,,
n2895893388,node,Simurq,40.4144344,49.8122727,restaurant,,,,,,,,20 Yanvar,23b,
n4252255301,node,Sirvansah Muzey,40.3794189,49.8337376,restaurant,regional,,,,,,,,,
n9913888619,node,Sofiya Şadlıq Sarayı,40.4125749,49.8093408,restaurant,,,,,,,,,,
n4843511321,node,Soloha,40.3907604,49.8438189,restaurant,ukrainian,Mo-Su 12:00-23:00,,https://linktr.ee/soloha,,,,Mirəli Qaşqay küçəsi,61,
n11868716575,node,Soloha,40.3677901,49.8309371,restaurant,ukrainian,Mo-Su 12:00-23:00,+994554042446,https://linktr.ee/soloha,,,,Məmməd Əfəndiyev küç.,,
w387071128,way,Stay High Restobar,40.3700898,49.834878,restaurant,burger,Mo-Su 08:00-22:00,+994506063033,,,,,İslam Səfərli küçəsi,1A,
n4509010281,node,Sumakh,40.3819736,49.8685341,restaurant,regional,Mo-Su 12:00-00:00,+994 12 480 21 12,https://beat.az/en/restaurants/sumakh,,,,Xocalı prospekti,20/22,
n11758459553,node,Sumo Sushi Bar,40.4172701,49.8236423,restaurant,sushi,,,,,,,,,
n3455162527,node,Sunset Cafe,40.3702324,49.8390984,restaurant,burger,,,,,,isolated,,,
n3536035874,node,Sushi Home by Fereh,40.3831478,49.8264239,restaurant,sushi,,,,no,,,,,
n3521471034,node,Sushi House Baku,40.3736231,49.8473147,restaurant,japanese;pizza;burger;sushi,,+994554690655,,,,,,,
n11818731769,node,Syrovarnya Baku,40.3684531,49.839537,restaurant,ukrainian,,+994512068540,,,,,Zərifə Əliyeva küç.,,
n11886099315,node,Syrovarnya Baku,40.3680104,49.8387742,restaurant,ukrainian,,+994512068540,,,,,Zərifə Əliyeva küç.,,
n13688768001,node,Səbət Dönər,40.3761896,49.8429985,restaurant,turkish,Mo-Su 09:00-23:30,,,,,,,,
w360220302,way,Sədəf Milli Mətbəx - Bulvar,40.36163,49.835837,restaurant,local,,,,,,,,,
n4836466821,node,Sərin Restoranı,40.4154073,49.868728,restaurant,,,,,,,,,,
n11764252781,node,TGI Fridays,40.3580391,49.8380494,restaurant,american,,,,,,,,,
n4712948092,node,Taksim Kəbab,40.4265011,49.8479071,restaurant,,,,,,,,,,
n5850783549,node,Tava kafesi,40.3400838,49.8077508,restaurant,,,,,,yes,no,Əziz Nəzərov küçəsi,,
n11883964502,node,Tbilisi,40.3815937,49.8229488,restaurant,georgian,,,,,,,,,
n9902675986,node,Telequllə Restoran,40.3525365,49.8235439,restaurant,,,,,,,,,,
n6742069869,node,Tendir Restoran,40.4105007,49.8687739,restaurant,arabic;indian;azerbaijan,24/7,+994 55 464 07 26,,,,,Yusif Vəzir Çəmənzəminli,106,
n5268555851,node,Teremok,40.3748893,49.8185358,restaurant,russian,Mo-Su 11:00-23:00,+994 12 539 17 34,,no,,,İnşaatçılar pr. 3,,
n6434248071,node,Terrace Garden,40.3662813,49.8362609,restaurant,,,,,,,,,,
n3254788676,node,The Crown Pub & Restaurant,40.3725133,49.8425615,restaurant,,,,,,,,,,
n4483906794,node,The Noodles House,40.3765072,49.8535954,restaurant,chinese,Mo-Su 12:00-22:30,,,,,,Puşkin küçəsi,,
n6899503685,node,The Park Lane,40.3923567,49.8570853,restaurant,,,,,,,,,,
n11883782695,node,The Place,40.380142,49.8096624,restaurant,,,,,,,,,,
w399589677,way,Thirteen coffee wine and more,40.3940648,49.8409941,restaurant,international;wine;beer;coffee_shop,All week 08:30 - 00:00,+994 10 457 13 13,,,no,outside,Azadlıq prospekti,86,
n9757954731,node,Titanik Restoran,40.4283616,49.8767898,restaurant,,,,,,,,,,
n4328295891,node,Tongal Resturant,40.4015457,49.8462949,restaurant,,,,,,,,,,
n2943366371,node,Topqapı Restoranı,40.3958276,49.8539369,restaurant,,,,,,,,,,
n7232139685,node,TostWay,40.3796612,49.8208641,restaurant,,Mo-Su 09:00-22:00,+994773699963,https://instagram.com/tostway,,,,Əbdürrəhim bəy Haqverdiyev küç.,11,
n9892246099,node,Tower Terrace - Tauer Teras,40.3525748,49.8240094,restaurant,,,,,,,,,,
n2034721614,node,Tuana,40.3948278,49.8343132,restaurant,turkish,,,,,,,,,
w152815652,way,Tural,40.3910295,49.8488576,restaurant,,,,,,,,,,
n1808672471,node,Tural Bileceri,40.4219255,49.7985365,restaurant,,,,,,,,Rəşid İsmayılov küç.,,
n2119771912,node,Turkruaz,40.3960126,49.8419843,restaurant,,,,,,,,,,
n4512354011,node,Təndir Restoran,40.4212051,49.8463444,restaurant,,,,,,,,,,
n4690587791,node,Təndir Restoran,40.363939,49.8339628,restaurant,,,,,,,,,,
w286322438,way,Tərlan Şadlıq Sarayı,40.4186538,49.8102572,restaurant,,,,,,,,Mir Cəlal,,
n4931967321,node,UD Café,40.3611009,49.8348675,restaurant,,Mo-Su 10:00-24:00,+994124978983,,,,,Neftçilər prospekti,,
n5416603492,node,V Lounge Baku,40.3734188,49.8402513,restaurant,burger;italian;italian_pizza;pakistani;indian;bar;pub;snackbar;regional;coffee,Mo-Su 09:00-03:00,,,,,isolated,Qoqol küçəsi,18,
n3455168807,node,Vapiano,40.3710007,49.8409974,restaurant,italian,,,,,,yes,,,
n8818156492,node,Vasilchuki Chaihona №1,40.3578328,49.8368267,restaurant,,"Fr 12:00-03:00, Sa 10:00-03:00, Su 10:00-24:00; Mo-Th 12:00-24:00",,,,,,,,
w229914619,way,Velluto Restoran,40.36475,49.8258612,restaurant,,,,,,,,,,
w362593684,way,Versal Palace 7 mkr,40.4267643,49.8563293,restaurant,,,,,,,,,,
n9747227826,node,Vida Mərasim Zalı,40.4162897,49.8421034,restaurant,,,,,,,,,,
w1064154995,way,Villa Qarden restoran,40.3913745,49.8703843,restaurant,,,,,,,,,,
n9746943446,node,Vivace Restoran,40.4204739,49.8524299,restaurant,,,,,,,,,,
n10295737331,node,Vüsal Şadlıq Sarayı,40.4357952,49.8151593,restaurant,,,,,,,,,,
n11879112865,node,West End,40.3657574,49.8354981,restaurant,,,,,,,,,,
n4915488722,node,White Garden,40.3975588,49.8685984,restaurant,,,,,,,,,,
w385592355,way,Why.Be,40.3801282,49.8579971,restaurant,coffee_shop;regional,,,,,,,Kövkəb Səfərəliyeva küçəsi,23,
n4327978982,node,Wood House,40.4022739,49.8390268,restaurant,,,,,,,,,,
n4427697790,node,Xalça Restoranı,40.3598142,49.8357821,restaurant,,"Mo-Fr 16:00-24:00; Sa,Su 00:00-02:00,16:00-24:00",,,,,,Mikayıl Useynov pr,,
n2943366372,node,Xankəndi Restoranı,40.3964281,49.8540003,restaurant,,,,,,,,,,
n9395237706,node,Xanədan Etno Restoran,40.4160426,49.8577622,restaurant,,,,,,,,,,
n11883518337,node,Xolondets,40.3770356,49.8409796,restaurant,,,,,no,,,,,
w287276602,way,Yaqut Şadlıq Sarayı,40.4258264,49.8508319,restaurant,,,,,,,,Süleyman Sani Axundov küçəsi,,
n6528598986,node,Yarpak,40.3849981,49.8375069,restaurant,local,,,,,,,,,
n11369375270,node,Yasamal mərasim evi \ Elit,40.3929921,49.803654,restaurant,,,,,,,,,,
n3031346909,node,Yaxt Klub,40.3620106,49.8401198,restaurant,,,+994554059617,https://shadliq.az/az/baki-yaxta-klubu,,,,,,
n4381854489,node,Yaşıl Bağ Restoran,40.4155412,49.8151737,restaurant,,,,,,,,,,
n4133688689,node,Yeməkxana \ Dərnəgül,40.4146478,49.834693,restaurant,,,,,,,,,,
n4730308892,node,Yuxa Restoran,40.4195133,49.8535525,restaurant,,,,,,,,,,
n11750428582,node,Zafferano,40.3587618,49.8367969,restaurant,,,,,,,,,,
n4423571096,node,Zazu,40.3696826,49.8458151,restaurant,pizza;burger;sandwich,,+99450 285 00 23,https://www.instagram.com/zazubaku/?hl=en,,,,Neftçilər Prospekti,34a,
n4353714090,node,Zeytun Bağı,40.4247421,49.8221606,restaurant,,,,,,,,,,
w221384949,way,Zirvə Restoranı,40.4187125,49.8433322,restaurant,,,,,,,,,,
n9919926209,node,Ziyafət Restoranı,40.3419322,49.8390443,restaurant,,,,,,,,,,
n3042961337,node,Zümrüd restoranı,40.4250732,49.8435082,restaurant,,,,,,,,,,
n9994816595,node,abc,40.3863435,49.8473826,restaurant,,,,,,,,,,
n4973541822,node,bürc qala,40.3677902,49.8336199,restaurant,,,,,,,,,,
n6467995489,node,cheers cafe baku,40.3679718,49.8339452,restaurant,,,,,,,,Kiçik Qala küçəsi,104,
n12529901501,node,ÇAYKING,40.3810955,49.8692084,restaurant,,Mo-Su 12:00-02:00,+994552049494,,,,,,,
n1430715707,node,Çanaqqala Restoranı,40.3939492,49.8561423,restaurant,,,,,,,,,,
n6448074086,node,Çayki,40.3557234,49.835118,restaurant,,,,,,,,,,
w311616564,way,Çinar Restoranı,40.4185475,49.8113158,restaurant,,,,,,,,Mir Cəlal,,
n1213339354,node,Çinar restorant,40.4185335,49.8111934,restaurant,,,,,,,,,,
w686051613,way,Çingiz Xan Şadlıq Sarayı,40.4273777,49.8869725,restaurant,,,,,,,,Ziya Bünyadov prospekti,,
n6511999091,node,Çio Çio San,40.3768257,49.8444038,restaurant,sushi;japanese,Mo-Su 12:00-23:30,+994 99 355 10 50;+994 50 655 10 50,https://chiochiosan.az/main,,,,Süleyman Ələsgərov küçəsi,10,
n7302473185,node,Çınar kokoreç,40.3808317,49.8415906,restaurant,,,,,,,,,,
w520498222,way,Çıraq Palace Şadlıq Sarayı,40.4253974,49.8523902,restaurant,,,012-561-61-01,,,,,Süleyman Sani Axundov küçəsi,20A,
n10302993974,node,Çətir Restoran,40.4371854,49.8053183,restaurant,,,,,,,,,,
n6024742787,node,Öz Kardeşler Lahmacun 1,40.4149338,49.8450742,restaurant,turkish,24/7,0125610052,,,,,Atatürk prospekti,,
n6024782789,node,Öz Kardeşler Lahmacun 2,40.4152438,49.8449833,restaurant,turkish,,0775342330,,,,,Atatürk prospekti,,
n10692744254,node,Öz Urfa Restoranı,40.4101895,49.863284,restaurant,,,,,,,,Əhməd Rəcəbli küçəsi,156,
n11821287874,node,Özsüt Malakan bağı,40.3715068,49.840646,restaurant,,,,,,,,,,
n9815487345,node,Özsüt Restoran,40.3770391,49.8379889,restaurant,,,,,,,,,,
n9902680718,node,Ümrə Mərasim Zalı,40.3414589,49.8101476,restaurant,,,,,,,,,,
w316169826,way,Üzeyir Şadlıq Sarayı,40.4227446,49.8171993,restaurant,regional,,,,,,,Mir Cəlal,322,
n11329680298,node,İdeal Şadlıq Sarayı,40.3950147,49.8022753,restaurant,,,,,,,,,,
n4575368806,node,İmparator İbo Restoran,40.3873009,49.8668747,restaurant,,,,,,,,,,
n3626554872,node,İmperial Şadlıq Sarayı \ Şamaxinka,40.4121353,49.803982,restaurant,,,,,,no,,,,
n11883774961,node,İskdender,40.3758397,49.8183761,restaurant,,,,,,,,,,
n4580594292,node,İstanbul Meyhane,40.38971,49.8467393,restaurant,turkish,Mo-Su 10:00-01:00,+994554550525,,,,,Cəyhunbəy Hacıbəyli,761,
n10090512269,node,İzmir Restoranı,40.3868422,49.8231965,restaurant,,,,,,,,,,
n11879170210,node,İçəri Şəhər,40.3655948,49.8323361,restaurant,,,,,,,,,,
n6052936485,node,Şah İnn,40.3842358,49.8231636,restaurant,,24/7,+994555726308,,,,,,,
n4541182283,node,Şahzadə Kafe,40.396657,49.7914016,restaurant,,,,,,,,,,
n4718425189,node,Şahənşah Şadlıq Sarayı,40.4260755,49.8440543,restaurant,,,,,,,,,,
n10300969074,node,Şans Şadlıq Sarayı,40.432399,49.8146161,restaurant,,,,,,,,,,
n4839668616,node,Şur Musiqi Klubu,40.377104,49.8449878,restaurant,,,,,,,,Rəşid Behbudov küçəsi,41,
n5126394621,node,Şır Şır Restoran,40.4197036,49.8562945,restaurant,,,,,,,,,,
n9758074233,node,Şıxmahmud Restoran,40.4254765,49.8666188,restaurant,,,,,,,,,,
n2034721616,node,Şəki mətbəxi,40.4020113,49.8345738,restaurant,azerbaijanian,,,,,,,,,
n11177489340,node,Şəms Restoranı \ Motodrom,40.419701,49.7938263,restaurant,,,,,,,,,,
n2895893387,node,Şәki Restoranı / Green Forest / 4-cü mkr.,40.4136518,49.8107569,restaurant,,,,,,,,,,
n6406867613,node,Əjdaha dönər,40.4054272,49.8696792,restaurant,,,,,,,,Ağa Nemətulla küçəsi,51,
n4612422000,node,Əjdaha dönər. Bülbul,40.3758963,49.8431166,restaurant,turkish,,,,,,,Bülbül,36B,
n6406840448,node,Əjdaha dönər. Elmler,40.3757727,49.8116964,restaurant,,,,,,,,Akademik Zahid Xəlilov küçəsi,31,
n6406849331,node,Əjdaha dönər. Molokan,40.3711142,49.841157,restaurant,,,,,,,,Üzeyir Hacıbəyov küçəsi,10,
n7124431795,node,Əla Dönər,40.3505943,49.8340926,restaurant,,,,,,,,,,
n7204264685,node,Əlibaba Kafe,40.4109859,49.8059562,restaurant,,,,,,,,,,
n13828556991,node,Əncir Restoranı \ Şamaxinka,40.4095729,49.802058,restaurant,,,,,,,,,,
n4799886828,node,Əriştə,40.3689964,49.8385198,restaurant,,,,,,,,,,
n4682032292,node,Ərzurum Restoranı \ Alatava,40.4044652,49.8155464,restaurant,,,,,,,,,,
n11862363169,node,Əsmət,40.3764018,49.854027,restaurant,fine_dining,,,,,yes,,Xaqani küçəsi,53,
n4161318789,node,Аптека. Бриллиантовая рука.,40.3640898,49.8332689,restaurant,,,,,,,,Kiçik Qala,8,
n4143917289,node,Дом,40.3868128,49.8311463,restaurant,,,,,,,,Cəlil Məmmədquluzadə,98,
n4577151403,node,"Илису, пиво, кафе",40.3878227,49.8420599,restaurant,,,,,,,,Süleyman Rüstəm küçəsi,,
n11750428580,node,У DЯDИ МАКСА,40.3584809,49.8367796,restaurant,,,,,,,,,,
n4737576599,node,‌Bibi Restoranı,40.3845104,49.8762356,restaurant,,,,,,,,,,
n12386080102,node,🇮🇹 Volare İtalian Cuisine,40.3679025,49.8375618,restaurant,italian,Mo-Su 10:00-23:00,+994 51 207 73 59,,,,,Əziz Əliyev küçəsi,11c,
n9765268378,node,ASK Arena,40.4106287,49.8987731,sports_centre,,,,,,,,,,
n3409542402,node,ATU İdman Sarayı,40.3689955,49.8135066,sports_centre,,,,,,,,,,
n3409542403,node,Antalya İdman Kompleksi,40.3723291,49.8126883,sports_centre,,,,,,,,,,
n2943380004,node,Avarçəkmə Federasiyası,40.398525,49.8541762,sports_centre,,,,,,,,,,
w333904206,way,Azfar Stadionu,40.3780077,49.8104661,sports_centre,,,,,,,,,,
w152807192,way,Azərbaycan Boks Federasiyası,40.3978589,49.8597711,sports_centre,,,,,,,,Koroğlu Rəhimov küçəsi,3,
w1061501162,way,Azəryol Voleybol Klubu,40.4196148,49.8630045,sports_centre,,,,,,,,,,
w854179105,way,Baku Juniors Academy,40.4103136,49.8393428,sports_centre,,,,,,,,,,
n4452223004,node,Baku Karting,40.4202393,49.8538573,sports_centre,,,,,,,,,,
w301637020,way,Bakı Atıcılıq Mərkəzi,40.4130255,49.7909213,sports_centre,,,,,,,,Ipek yolu,3D,
w1333761163,way,Bakı Atıcılıq Mərkəzi,40.411955,49.7925624,sports_centre,,,,,,,,,,
n2943380005,node,Bakı Olimpiya Kompleksi,40.3985853,49.8566606,sports_centre,,,,,,,,,,
n2979503594,node,Boks Federasiyası,40.39792,49.8596603,sports_centre,,,,,,,,,,
n3610540243,node,Boks Federasiyası,40.3802168,49.8805691,sports_centre,,,,,,,,,,
n9812799748,node,Dinamo İdman Mərkəzi,40.372183,49.8486909,sports_centre,,,,,,,,,,
w1126364561,way,Dəmiryol Sağlamlıq Kompleksi,40.4354129,49.7958414,sports_centre,,,,,,,,,,
n9823312553,node,Gimnastika Məktəbi / Sahil,40.3723772,49.8464942,sports_centre,,,,,,,,,,
n9773601526,node,Güləş Federasiyası,40.3914224,49.8691508,sports_centre,,,,,,,,,,
n2943380006,node,Gənclik İdman Mərkəzi,40.3980245,49.8556767,sports_centre,,,,,,,,,,
w75093736,way,Heydər Əliyev İdman Kompleksi,40.3918927,49.8250948,sports_centre,,,,,,,,,,
n2943396260,node,Həndbol Federasiyası,40.3991885,49.8584148,sports_centre,,,,,,,,,,
n4287261591,node,Keşlə Arena,40.3943005,49.888951,sports_centre,,,,,,,,,,
n9765268376,node,Keşlə Futbol Klubu,40.4114314,49.8972926,sports_centre,,,,,,,,,,
w264414627,way,Lokomotiv Voleybol,40.4353947,49.7959311,sports_centre,,,,,,,,,,
n1809807381,node,Lokomotiv İdman,40.432269,49.8037318,sports_centre,,,,,,,,,,
n9913931717,node,Milli Karate Federasiyası,40.4144974,49.8124024,sports_centre,,,,,,,,,,
w287048154,way,Milli Olimpiya Komitəsi,40.3995293,49.8556313,sports_centre,,,,,,,,,,
w1063374259,way,Milli Oyun Mərkəzi,40.4077001,49.8858194,sports_centre,,,,,,,,,,
w149584337,way,Olimpic Star,40.4021425,49.8312962,sports_centre,,,,,,,,Yusif Vəzir Çəmənzəminli,,
n9773601527,node,Otüstu Xokkey Federasiyası,40.3917666,49.8685956,sports_centre,,,,,,,,,,
n9915435396,node,Pioner Arena Futbol,40.4135379,49.8106988,sports_centre,,,,,,,,,,
n12779830010,node,Qalatasaray Futbol Məktəbi 8 mkr,40.4223545,49.8421356,sports_centre,,,,,,,,,,
w387657572,way,Stadion Zəfər Bağı 4-cü mrk,40.4147825,49.8101808,sports_centre,,,,,,,,,,
n3037003782,node,Tennis Kompleksi,40.4056142,49.8543059,sports_centre,,,,,,,,,,
n3174359143,node,Trenajor,40.4182292,49.8116755,sports_centre,,,,,,,,Hüseyn Seyidzadə,,
n4217624526,node,Vegas İdman Zalı,40.4225062,49.8159026,sports_centre,,,,,,,,Mir Cəlal,,
n4613332897,node,XDMX İdman Mərkəzi,40.3883891,49.8275357,sports_centre,,,,,,,,,,
n9811487821,node,Yelkən Qayıq Federasiyası,40.3759592,49.8572083,sports_centre,,,,,,,,,,
n3029497993,node,İdman Məktəbi / Montin,40.3968306,49.8738048,sports_centre,,,,,,,,,,
n9765268379,node,İnter PFK İdman,40.4104143,49.8989958,sports_centre,,,,,,,,,,
w290822734,way,Şüa İdman-Sağlamlıq Kompleksi,40.3960572,49.8595173,sports_centre,,,,,,,,Koroğlu Rəhimov küç.,19a,
w118055768,way,Əl Oyunları Sarayı,40.3586869,49.835018,sports_centre,,,,,,,,Neftçilər pr.,26c,
n4908925222,node,Əmək Ehtiyyatları İdman Hovuzu,40.3971377,49.8736584,sports_centre,,,,,,,,,,
w360221001,way,Atraksionlar,40.3675876,49.8404719,theme_park,,,,,,,,,,
n4512725647,node,Baki Əyləncə Mərkəzi,40.385041,49.8686584,theme_park,,,,,,,,,,
n3909305220,node,Qələbə Parkı,40.4108697,49.8536786,theme_park,,,,,,,,,,
n3550417769,node,Tayfa əyləncə mərkəzi,40.3874806,49.8378986,theme_park,,,,,,,,,,
n3175307313,node,Uşaq Əyləncə Mərkəzi,40.4180442,49.8114685,theme_park,,,,,,,,,,
w382241583,way,"AF-HOTEL, Rəşid Behbudov küçəsi",40.3835168,49.8420828,water_park,,,+994 12 595 30 70,,,,,Rəşid Behbudov küçəsi 55,55,
